mean_fit_time,std_fit_time,mean_score_time,std_score_time,param_criterion,param_max_depth,param_max_features,param_min_samples_leaf,param_min_samples_split,param_splitter,params,split0_test_score,split1_test_score,split2_test_score,split3_test_score,split4_test_score,mean_test_score,std_test_score,rank_test_score
0.4884802341461182,0.006970732116344477,0.00784316062927246,0.00050180736281882,gini,10,,4,20,best,"{'criterion': 'gini', 'max_depth': 10, 'max_features': None, 'min_samples_leaf': 4, 'min_samples_split': 20, 'splitter': 'best'}",0.5955176093916755,0.589098532494759,0.62217659137577,0.6194331983805668,0.5930348258706468,0.6038521515026837,0.01401929041238416,1
0.4807462215423584,0.007992223305138737,0.007706785202026367,0.0008504827585487873,gini,10,,2,20,best,"{'criterion': 'gini', 'max_depth': 10, 'max_features': None, 'min_samples_leaf': 2, 'min_samples_split': 20, 'splitter': 'best'}",0.5947089947089947,0.5970772442588727,0.612668743509865,0.6143001007049346,0.594758064516129,0.6027026295397592,0.008859842389940423,2
0.4498262405395508,0.003473951060140547,0.0066277503967285155,0.0009705383368429615,gini,10,,8,20,best,"{'criterion': 'gini', 'max_depth': 10, 'max_features': None, 'min_samples_leaf': 8, 'min_samples_split': 20, 'splitter': 'best'}",0.5957894736842105,0.5970464135021097,0.6131386861313869,0.608433734939759,0.5962113659022931,0.6021239348319518,0.007238831616001327,3
0.48059792518615724,0.011648207004361968,0.007457160949707031,0.00036417850998489144,gini,10,,8,2,best,"{'criterion': 'gini', 'max_depth': 10, 'max_features': None, 'min_samples_leaf': 8, 'min_samples_split': 2, 'splitter': 'best'}",0.5951629863301787,0.5944798301486199,0.6129707112970711,0.6062437059415912,0.596,0.6009714467434921,0.007380699804082882,4
0.47275424003601074,0.005899498167817159,0.008655929565429687,0.002178092038147664,gini,10,,8,5,best,"{'criterion': 'gini', 'max_depth': 10, 'max_features': None, 'min_samples_leaf': 8, 'min_samples_split': 5, 'splitter': 'best'}",0.5951629863301787,0.5944798301486199,0.6129707112970711,0.6062437059415912,0.596,0.6009714467434921,0.007380699804082882,4
0.4743772506713867,0.012411660302819703,0.008601617813110352,0.0013061209047067765,gini,10,,8,10,best,"{'criterion': 'gini', 'max_depth': 10, 'max_features': None, 'min_samples_leaf': 8, 'min_samples_split': 10, 'splitter': 'best'}",0.5951629863301787,0.5944798301486199,0.6129707112970711,0.6062437059415912,0.596,0.6009714467434921,0.007380699804082882,4
0.5619140625,0.022181291772443795,0.010761499404907227,0.0030140487701277845,gini,10,,1,20,best,"{'criterion': 'gini', 'max_depth': 10, 'max_features': None, 'min_samples_leaf': 1, 'min_samples_split': 20, 'splitter': 'best'}",0.5928270042194093,0.593521421107628,0.6142709410548087,0.6135216952573158,0.5868263473053892,0.6001934817889102,0.011430466337465245,7
0.5836820125579834,0.0073713461359412626,0.009972572326660156,0.0021545752468662156,entropy,10,,4,20,best,"{'criterion': 'entropy', 'max_depth': 10, 'max_features': None, 'min_samples_leaf': 4, 'min_samples_split': 20, 'splitter': 'best'}",0.5801526717557252,0.6178861788617886,0.5977710233029382,0.6048387096774194,0.5907692307692308,0.5982835628734204,0.012749036039752127,8
0.5712575912475586,0.011775408084324685,0.00745849609375,0.0004253781518514687,entropy,10,,8,5,best,"{'criterion': 'entropy', 'max_depth': 10, 'max_features': None, 'min_samples_leaf': 8, 'min_samples_split': 5, 'splitter': 'best'}",0.5801526717557252,0.6229838709677419,0.5928934010152285,0.6092184368737475,0.5849246231155779,0.5980346007456042,0.015909815257789086,9
0.5840683460235596,0.010308969057945679,0.008309316635131837,0.0010635559064720375,entropy,10,,8,2,best,"{'criterion': 'entropy', 'max_depth': 10, 'max_features': None, 'min_samples_leaf': 8, 'min_samples_split': 2, 'splitter': 'best'}",0.5801526717557252,0.6229838709677419,0.5928934010152285,0.6092184368737475,0.5849246231155779,0.5980346007456042,0.015909815257789086,9
0.5737057685852051,0.012468397958757859,0.00807342529296875,0.000290189069521222,entropy,10,,8,10,best,"{'criterion': 'entropy', 'max_depth': 10, 'max_features': None, 'min_samples_leaf': 8, 'min_samples_split': 10, 'splitter': 'best'}",0.5801526717557252,0.6229838709677419,0.5928934010152285,0.6092184368737475,0.5849246231155779,0.5980346007456042,0.015909815257789086,9
0.5768540859222412,0.014132273316508957,0.00873250961303711,0.0012245171296631704,entropy,10,,2,20,best,"{'criterion': 'entropy', 'max_depth': 10, 'max_features': None, 'min_samples_leaf': 2, 'min_samples_split': 20, 'splitter': 'best'}",0.579520697167756,0.6192893401015228,0.5975103734439834,0.6010050251256281,0.59244126659857,0.597953340487492,0.01292191299128529,12
0.47710285186767576,0.006525275607151979,0.00804595947265625,0.001125339940434863,gini,10,,4,10,best,"{'criterion': 'gini', 'max_depth': 10, 'max_features': None, 'min_samples_leaf': 4, 'min_samples_split': 10, 'splitter': 'best'}",0.5864661654135338,0.5813221406086044,0.6156982670744139,0.6152284263959391,0.5904572564612326,0.5978344511907447,0.014683212289653021,13
0.5660562515258789,0.014791856755940148,0.007314157485961914,0.0006586562971844018,entropy,10,,8,20,best,"{'criterion': 'entropy', 'max_depth': 10, 'max_features': None, 'min_samples_leaf': 8, 'min_samples_split': 20, 'splitter': 'best'}",0.5814207650273224,0.6222222222222222,0.5928934010152285,0.6052104208416834,0.5864509605662285,0.597639553934537,0.014645035394833942,14
0.5972922325134278,0.0066999869439285315,0.007875776290893555,0.0009850742668796786,entropy,10,,1,20,best,"{'criterion': 'entropy', 'max_depth': 10, 'max_features': None, 'min_samples_leaf': 1, 'min_samples_split': 20, 'splitter': 'best'}",0.579175704989154,0.6194331983805668,0.5950413223140496,0.5994005994005994,0.5918367346938775,0.5969775119556495,0.013093585895665432,15
0.47028517723083496,0.011091376792207603,0.00865030288696289,0.001746096894319278,gini,10,,4,2,best,"{'criterion': 'gini', 'max_depth': 10, 'max_features': None, 'min_samples_leaf': 4, 'min_samples_split': 2, 'splitter': 'best'}",0.5902335456475584,0.5777777777777777,0.6133333333333333,0.6125760649087221,0.5904572564612326,0.5968755956257248,0.013909711846440674,16
0.4794912338256836,0.010246568010923529,0.007761383056640625,0.0008834812770814846,gini,10,,4,5,best,"{'criterion': 'gini', 'max_depth': 10, 'max_features': None, 'min_samples_leaf': 4, 'min_samples_split': 5, 'splitter': 'best'}",0.5902335456475584,0.5777777777777777,0.6133333333333333,0.6125760649087221,0.5904572564612326,0.5968755956257248,0.013909711846440674,16
0.5738847732543946,0.009456730405853049,0.007969236373901368,0.001424737208659296,entropy,10,,4,10,best,"{'criterion': 'entropy', 'max_depth': 10, 'max_features': None, 'min_samples_leaf': 4, 'min_samples_split': 10, 'splitter': 'best'}",0.5770491803278689,0.6197757390417941,0.5945399393326593,0.6054490413723511,0.585612968591692,0.596485373733273,0.014983644259059679,18
0.5284069061279297,0.012076112208162728,0.007968902587890625,0.0010786485178631469,gini,10,,2,5,best,"{'criterion': 'gini', 'max_depth': 10, 'max_features': None, 'min_samples_leaf': 2, 'min_samples_split': 5, 'splitter': 'best'}",0.5857294994675186,0.5863874345549738,0.6051282051282051,0.615539858728557,0.5883534136546185,0.5962276823067747,0.01201021140688582,19
0.5180036544799804,0.01867088838770553,0.009976816177368165,0.0021803063541046153,gini,10,,1,10,best,"{'criterion': 'gini', 'max_depth': 10, 'max_features': None, 'min_samples_leaf': 1, 'min_samples_split': 10, 'splitter': 'best'}",0.5864978902953587,0.5925155925155925,0.610655737704918,0.6052104208416834,0.5856573705179283,0.5961074023750961,0.010089261542503903,20
0.6023430824279785,0.012078955713984325,0.00844435691833496,0.0007909639960805679,entropy,10,,2,10,best,"{'criterion': 'entropy', 'max_depth': 10, 'max_features': None, 'min_samples_leaf': 2, 'min_samples_split': 10, 'splitter': 'best'}",0.5770491803278689,0.6194331983805668,0.5948717948717949,0.6024096385542169,0.5866935483870968,0.5960914721043089,0.014402589153965452,21
0.5049715518951416,0.003985692847015114,0.007571077346801758,0.0015051923761396266,gini,10,,2,10,best,"{'criterion': 'gini', 'max_depth': 10, 'max_features': None, 'min_samples_leaf': 2, 'min_samples_split': 10, 'splitter': 'best'}",0.5851063829787234,0.5884816753926702,0.607621009268795,0.6080808080808081,0.5909547738693467,0.5960489299180687,0.009814603538026207,22
0.48605937957763673,0.00935372665871113,0.008037614822387695,0.0008266369042936488,gini,10,,1,5,best,"{'criterion': 'gini', 'max_depth': 10, 'max_features': None, 'min_samples_leaf': 1, 'min_samples_split': 5, 'splitter': 'best'}",0.5841269841269842,0.587251828631139,0.6127049180327869,0.6038114343029087,0.5922233300099701,0.5960236990207578,0.010694224876692117,23
0.4803886890411377,0.01653412088939077,0.008257436752319335,0.0019491402961087172,gini,10,,1,2,best,"{'criterion': 'gini', 'max_depth': 10, 'max_features': None, 'min_samples_leaf': 1, 'min_samples_split': 2, 'splitter': 'best'}",0.5822784810126582,0.5856697819314641,0.6122448979591837,0.606425702811245,0.588,0.5949237727429102,0.012048187846573964,24
0.6159819602966309,0.009317211992637117,0.008510017395019531,0.0008394190815853985,entropy,10,,2,5,best,"{'criterion': 'entropy', 'max_depth': 10, 'max_features': None, 'min_samples_leaf': 2, 'min_samples_split': 5, 'splitter': 'best'}",0.5732899022801303,0.6234817813765182,0.5871559633027523,0.601593625498008,0.5870445344129555,0.5945131613740728,0.017027327422528743,25
0.5838881969451905,0.0189399555073933,0.009457540512084962,0.0016143145431377838,entropy,10,,1,10,best,"{'criterion': 'entropy', 'max_depth': 10, 'max_features': None, 'min_samples_leaf': 1, 'min_samples_split': 10, 'splitter': 'best'}",0.5763813651137595,0.6169354838709677,0.5922131147540983,0.6013986013986014,0.5849246231155779,0.5943706376506009,0.013971832960936572,26
0.5751882553100586,0.004982617546584707,0.008826732635498047,0.001494444739837671,entropy,10,,2,2,best,"{'criterion': 'entropy', 'max_depth': 10, 'max_features': None, 'min_samples_leaf': 2, 'min_samples_split': 2, 'splitter': 'best'}",0.5729847494553377,0.6220871327254306,0.5883554647599591,0.6013986013986014,0.5846774193548387,0.5939006735388336,0.01675702265963991,27
0.5544138431549073,0.013165891805812886,0.00892777442932129,0.0010093372127169308,gini,10,,2,2,best,"{'criterion': 'gini', 'max_depth': 10, 'max_features': None, 'min_samples_leaf': 2, 'min_samples_split': 2, 'splitter': 'best'}",0.579957356076759,0.5851619644723093,0.6008316008316008,0.6111675126903553,0.5870445344129555,0.592832593696796,0.01147401670199462,28
0.5770634174346924,0.009758352882637033,0.008346128463745116,0.0009189064826265055,entropy,10,,4,2,best,"{'criterion': 'entropy', 'max_depth': 10, 'max_features': None, 'min_samples_leaf': 4, 'min_samples_split': 2, 'splitter': 'best'}",0.5701849836779108,0.6153846153846154,0.5838383838383838,0.6056338028169014,0.5839267548321465,0.5917937081099917,0.01637187977759405,29
0.566888952255249,0.006888681642485072,0.007959890365600585,0.000445940710717705,entropy,10,,4,5,best,"{'criterion': 'entropy', 'max_depth': 10, 'max_features': None, 'min_samples_leaf': 4, 'min_samples_split': 5, 'splitter': 'best'}",0.5701849836779108,0.6153846153846154,0.5838383838383838,0.6056338028169014,0.5839267548321465,0.5917937081099917,0.01637187977759405,29
0.5271448135375977,0.00754932915477344,0.00788102149963379,0.001352847176627043,entropy,10,,1,2,best,"{'criterion': 'entropy', 'max_depth': 10, 'max_features': None, 'min_samples_leaf': 1, 'min_samples_split': 2, 'splitter': 'best'}",0.5738942826321467,0.6156941649899397,0.5824064711830131,0.5998013902681232,0.5866935483870968,0.5916979714920639,0.014627578500046035,31
0.5864234447479248,0.009474854513645664,0.007622289657592774,0.0007781395323195585,entropy,10,,1,5,best,"{'criterion': 'entropy', 'max_depth': 10, 'max_features': None, 'min_samples_leaf': 1, 'min_samples_split': 5, 'splitter': 'best'}",0.5692640692640693,0.6133866133866134,0.5836734693877551,0.6029850746268657,0.5849246231155779,0.5908467699561764,0.01554171171755992,32
0.6358191967010498,0.017570709507974,0.006795930862426758,0.0009262912809871737,gini,25,,8,20,best,"{'criterion': 'gini', 'max_depth': 25, 'max_features': None, 'min_samples_leaf': 8, 'min_samples_split': 20, 'splitter': 'best'}",0.5627450980392157,0.6001917545541706,0.5970443349753695,0.5467479674796748,0.5891181988742964,0.5791694707845455,0.020887021194799977,33
0.6452072620391845,0.013755572001161568,0.007647323608398438,0.0008042966066346738,gini,,,8,20,best,"{'criterion': 'gini', 'max_depth': None, 'max_features': None, 'min_samples_leaf': 8, 'min_samples_split': 20, 'splitter': 'best'}",0.5627450980392157,0.6001917545541706,0.5970443349753695,0.5467479674796748,0.5891181988742964,0.5791694707845455,0.020887021194799977,33
0.6033990383148193,0.010793380962399422,0.0068759918212890625,0.00037958538043227243,gini,20,,8,20,best,"{'criterion': 'gini', 'max_depth': 20, 'max_features': None, 'min_samples_leaf': 8, 'min_samples_split': 20, 'splitter': 'best'}",0.5602350636630754,0.5996168582375478,0.6015473887814313,0.5467479674796748,0.5800376647834274,0.5776369885890313,0.021529253445206682,35
0.5751352787017823,0.009997690128609488,0.006510162353515625,0.0008287876811774088,gini,15,,8,20,best,"{'criterion': 'gini', 'max_depth': 15, 'max_features': None, 'min_samples_leaf': 8, 'min_samples_split': 20, 'splitter': 'best'}",0.5467336683417086,0.5992141453831041,0.597165991902834,0.5608247422680412,0.5840537944284342,0.5775984684648244,0.020619362126862724,36
0.5898270606994629,0.01685693352692354,0.007724237442016601,0.00017416671559935417,gini,15,,8,2,best,"{'criterion': 'gini', 'max_depth': 15, 'max_features': None, 'min_samples_leaf': 8, 'min_samples_split': 2, 'splitter': 'best'}",0.5409181636726547,0.6,0.6046511627906976,0.5486542443064182,0.5819592628516004,0.5752365667242743,0.02610752146686009,37
0.5962918758392334,0.008423792219470433,0.009254169464111329,0.002791332396908381,gini,15,,8,10,best,"{'criterion': 'gini', 'max_depth': 15, 'max_features': None, 'min_samples_leaf': 8, 'min_samples_split': 10, 'splitter': 'best'}",0.5409181636726547,0.6,0.6046511627906976,0.5486542443064182,0.5819592628516004,0.5752365667242743,0.02610752146686009,37
0.6000819206237793,0.010247241677428617,0.007709646224975586,0.0005679072820976954,gini,15,,8,5,best,"{'criterion': 'gini', 'max_depth': 15, 'max_features': None, 'min_samples_leaf': 8, 'min_samples_split': 5, 'splitter': 'best'}",0.5409181636726547,0.6,0.6046511627906976,0.5486542443064182,0.5819592628516004,0.5752365667242743,0.02610752146686009,37
0.6716891288757324,0.022981240775508536,0.009696865081787109,0.0028312835328994017,gini,15,,2,20,best,"{'criterion': 'gini', 'max_depth': 15, 'max_features': None, 'min_samples_leaf': 2, 'min_samples_split': 20, 'splitter': 'best'}",0.5680473372781065,0.5982742090124641,0.5862068965517241,0.555667001003009,0.5660749506903353,0.5748540789071278,0.01529011278553688,40
0.059009361267089847,0.007496529365407555,0.00869746208190918,0.0013557031652465005,entropy,10,,1,20,random,"{'criterion': 'entropy', 'max_depth': 10, 'max_features': None, 'min_samples_leaf': 1, 'min_samples_split': 20, 'splitter': 'random'}",0.5542427497314716,0.5855194123819517,0.5831533477321814,0.6017874875868917,0.547486033519553,0.5744378061904098,0.020401010210874745,41
0.615465497970581,0.0233981653491964,0.008396387100219727,0.0016213734030016136,gini,15,,4,20,best,"{'criterion': 'gini', 'max_depth': 15, 'max_features': None, 'min_samples_leaf': 4, 'min_samples_split': 20, 'splitter': 'best'}",0.5523429710867398,0.5971291866028708,0.5795339412360689,0.5714285714285714,0.5711538461538461,0.5743177033016194,0.01448322367112453,42
0.6721288681030273,0.015663607437462933,0.008780765533447265,0.0012688231739487758,gini,,,8,5,best,"{'criterion': 'gini', 'max_depth': None, 'max_features': None, 'min_samples_leaf': 8, 'min_samples_split': 5, 'splitter': 'best'}",0.5541463414634147,0.5942307692307692,0.594541910331384,0.5463609172482552,0.5815061963775023,0.574157226930265,0.020226517935106932,43
0.6858783721923828,0.017612213864579902,0.008279228210449218,0.0006377507162388541,gini,,,8,10,best,"{'criterion': 'gini', 'max_depth': None, 'max_features': None, 'min_samples_leaf': 8, 'min_samples_split': 10, 'splitter': 'best'}",0.5541463414634147,0.5942307692307692,0.594541910331384,0.5463609172482552,0.5815061963775023,0.574157226930265,0.020226517935106932,43
0.658324909210205,0.013720480783025346,0.009323024749755859,0.0014654452732961018,gini,25,,8,10,best,"{'criterion': 'gini', 'max_depth': 25, 'max_features': None, 'min_samples_leaf': 8, 'min_samples_split': 10, 'splitter': 'best'}",0.5541463414634147,0.5942307692307692,0.594541910331384,0.5463609172482552,0.5815061963775023,0.574157226930265,0.020226517935106932,43
0.6635408401489258,0.018218436373761193,0.00871896743774414,0.0012072070334171862,gini,25,,8,5,best,"{'criterion': 'gini', 'max_depth': 25, 'max_features': None, 'min_samples_leaf': 8, 'min_samples_split': 5, 'splitter': 'best'}",0.5541463414634147,0.5942307692307692,0.594541910331384,0.5463609172482552,0.5815061963775023,0.574157226930265,0.020226517935106932,43
0.6600233554840088,0.020013274822610005,0.00849909782409668,0.0007710268617548819,gini,,,8,2,best,"{'criterion': 'gini', 'max_depth': None, 'max_features': None, 'min_samples_leaf': 8, 'min_samples_split': 2, 'splitter': 'best'}",0.5541463414634147,0.5942307692307692,0.594541910331384,0.5463609172482552,0.5815061963775023,0.574157226930265,0.020226517935106932,43
0.651723051071167,0.016724823104808162,0.009583139419555664,0.0034539181638984407,gini,25,,8,2,best,"{'criterion': 'gini', 'max_depth': 25, 'max_features': None, 'min_samples_leaf': 8, 'min_samples_split': 2, 'splitter': 'best'}",0.5541463414634147,0.5942307692307692,0.594541910331384,0.5463609172482552,0.5815061963775023,0.574157226930265,0.020226517935106932,43
0.0690237045288086,0.00446865083533378,0.00793919563293457,0.00043426857706176233,entropy,15,,2,20,random,"{'criterion': 'entropy', 'max_depth': 15, 'max_features': None, 'min_samples_leaf': 2, 'min_samples_split': 20, 'splitter': 'random'}",0.5726681127982647,0.5728744939271255,0.5997952917093142,0.5562632696390658,0.5682730923694779,0.5739748520886496,0.014253586738955427,49
0.630820369720459,0.021632249734058268,0.008223009109497071,0.0008870727315376728,gini,20,,8,10,best,"{'criterion': 'gini', 'max_depth': 20, 'max_features': None, 'min_samples_leaf': 8, 'min_samples_split': 10, 'splitter': 'best'}",0.5452775073028238,0.5988483685220729,0.5945945945945946,0.5463609172482552,0.5787965616045845,0.5727755898544661,0.023004305375410632,50
0.6558521747589111,0.013591639126588463,0.008930063247680664,0.0012579593306509158,gini,20,,8,5,best,"{'criterion': 'gini', 'max_depth': 20, 'max_features': None, 'min_samples_leaf': 8, 'min_samples_split': 5, 'splitter': 'best'}",0.5452775073028238,0.5988483685220729,0.5945945945945946,0.5463609172482552,0.5787965616045845,0.5727755898544661,0.023004305375410632,50
0.6760035991668701,0.014455282896590515,0.008429145812988282,0.0011242820830417762,gini,20,,8,2,best,"{'criterion': 'gini', 'max_depth': 20, 'max_features': None, 'min_samples_leaf': 8, 'min_samples_split': 2, 'splitter': 'best'}",0.5452775073028238,0.5988483685220729,0.5945945945945946,0.5463609172482552,0.5787965616045845,0.5727755898544661,0.023004305375410632,50
0.7783298015594482,0.01797650917051569,0.009544181823730468,0.0014409085918242273,gini,15,,1,20,best,"{'criterion': 'gini', 'max_depth': 15, 'max_features': None, 'min_samples_leaf': 1, 'min_samples_split': 20, 'splitter': 'best'}",0.5672797676669894,0.586239396795476,0.5836653386454184,0.5612648221343873,0.5645472061657033,0.5725993062815948,0.01029673229462607,53
0.05626521110534668,0.002637761319036427,0.0075894355773925785,0.0003444293057855277,gini,10,,1,10,random,"{'criterion': 'gini', 'max_depth': 10, 'max_features': None, 'min_samples_leaf': 1, 'min_samples_split': 10, 'splitter': 'random'}",0.5734126984126984,0.5631517960602549,0.5647321428571429,0.5942622950819673,0.5551982851018221,0.570151443502777,0.013371086548464577,54
0.05129928588867187,0.006485308108642629,0.007267951965332031,0.0006807614248548324,gini,10,,2,20,random,"{'criterion': 'gini', 'max_depth': 10, 'max_features': None, 'min_samples_leaf': 2, 'min_samples_split': 20, 'splitter': 'random'}",0.5660377358490566,0.6120689655172413,0.5367561260210035,0.577209797657082,0.5515695067264574,0.5687284263541682,0.025589968037894782,55
0.04720759391784668,0.0074484412867994705,0.007395601272583008,0.0006524241120371109,entropy,10,,1,2,random,"{'criterion': 'entropy', 'max_depth': 10, 'max_features': None, 'min_samples_leaf': 1, 'min_samples_split': 2, 'splitter': 'random'}",0.5529661016949152,0.6012526096033403,0.5770833333333333,0.6009756097560975,0.5017341040462427,0.5668023516867858,0.03710969977257732,56
0.04834280014038086,0.003153005087313935,0.007200384140014648,0.0005941473958766394,gini,10,,4,20,random,"{'criterion': 'gini', 'max_depth': 10, 'max_features': None, 'min_samples_leaf': 4, 'min_samples_split': 20, 'splitter': 'random'}",0.534698521046644,0.5704989154013015,0.5773420479302832,0.5947006869479883,0.5506607929515418,0.5655801928555517,0.020913174745492598,57
0.05451335906982422,0.0029518713044684925,0.008503007888793945,0.0019210331816414887,entropy,10,,2,2,random,"{'criterion': 'entropy', 'max_depth': 10, 'max_features': None, 'min_samples_leaf': 2, 'min_samples_split': 2, 'splitter': 'random'}",0.5257270693512305,0.589098532494759,0.5953582240161454,0.5531453362255966,0.5638406537282942,0.565433963163205,0.02524147235168842,58
0.05773768424987793,0.004032058305696485,0.008522701263427735,0.0015118747962025172,entropy,10,,2,5,random,"{'criterion': 'entropy', 'max_depth': 10, 'max_features': None, 'min_samples_leaf': 2, 'min_samples_split': 5, 'splitter': 'random'}",0.5750798722044729,0.6066536203522505,0.5946502057613169,0.5507246376811594,0.49944258639910816,0.5653101844796616,0.037991688536078004,59
0.06508159637451172,0.0024193855861605845,0.007737398147583008,0.0003844625966264496,entropy,15,,1,20,random,"{'criterion': 'entropy', 'max_depth': 15, 'max_features': None, 'min_samples_leaf': 1, 'min_samples_split': 20, 'splitter': 'random'}",0.5656154628687691,0.597165991902834,0.571992110453649,0.5634615384615385,0.5246981339187706,0.5645866475211123,0.023279486293334328,60
0.6084754467010498,0.018690788628909733,0.008056831359863282,0.0018296911606644616,gini,15,,4,10,best,"{'criterion': 'gini', 'max_depth': 15, 'max_features': None, 'min_samples_leaf': 4, 'min_samples_split': 10, 'splitter': 'best'}",0.5418326693227091,0.5783365570599613,0.5861386138613861,0.562874251497006,0.5523255813953488,0.5643015346272823,0.01627360061685682,61
0.6578032016754151,0.017082984464993647,0.007415151596069336,0.000439693418138275,gini,15,,2,10,best,"{'criterion': 'gini', 'max_depth': 15, 'max_features': None, 'min_samples_leaf': 2, 'min_samples_split': 10, 'splitter': 'best'}",0.5347912524850894,0.5818181818181818,0.580259222333001,0.5583250249252243,0.5658153241650294,0.5642018011453052,0.017148165913483403,62
0.6397492408752441,0.019862325307236316,0.007869386672973632,0.0009954360349155025,gini,15,,4,5,best,"{'criterion': 'gini', 'max_depth': 15, 'max_features': None, 'min_samples_leaf': 4, 'min_samples_split': 5, 'splitter': 'best'}",0.5368314833501514,0.5791505791505791,0.5782178217821782,0.5742771684945165,0.5517909002904162,0.5640535906135684,0.016878878813444752,63
0.6546067714691162,0.01298108717752722,0.007810735702514648,0.0008026822067867738,gini,15,,4,2,best,"{'criterion': 'gini', 'max_depth': 15, 'max_features': None, 'min_samples_leaf': 4, 'min_samples_split': 2, 'splitter': 'best'}",0.5368314833501514,0.5791505791505791,0.5782178217821782,0.5742771684945165,0.5517909002904162,0.5640535906135684,0.016878878813444752,63
0.746770715713501,0.04992255940563673,0.008745479583740234,0.0011270631688605401,gini,,,4,20,best,"{'criterion': 'gini', 'max_depth': None, 'max_features': None, 'min_samples_leaf': 4, 'min_samples_split': 20, 'splitter': 'best'}",0.5467336683417086,0.5838739573679332,0.580078125,0.5482233502538071,0.5609065155807366,0.563963123308837,0.015556812125411101,65
0.7005801677703858,0.025287077093435313,0.008210992813110352,0.0006533007473777517,gini,25,,4,20,best,"{'criterion': 'gini', 'max_depth': 25, 'max_features': None, 'min_samples_leaf': 4, 'min_samples_split': 20, 'splitter': 'best'}",0.5467336683417086,0.5838739573679332,0.580078125,0.5482233502538071,0.5609065155807366,0.563963123308837,0.015556812125411101,65
0.04971919059753418,0.004734247991782905,0.007324314117431641,0.0006907732659545659,gini,10,,8,20,random,"{'criterion': 'gini', 'max_depth': 10, 'max_features': None, 'min_samples_leaf': 8, 'min_samples_split': 20, 'splitter': 'random'}",0.543646408839779,0.5929108485499462,0.532741398446171,0.5632065775950668,0.5812310797174571,0.5627472626296841,0.022436126585680873,67
0.07139902114868164,0.004158744711674671,0.00767664909362793,0.0003122837966723624,entropy,20,,4,20,random,"{'criterion': 'entropy', 'max_depth': 20, 'max_features': None, 'min_samples_leaf': 4, 'min_samples_split': 20, 'splitter': 'random'}",0.5364308342133052,0.594059405940594,0.528,0.586,0.568738229755179,0.5626456939818156,0.026294131987704375,68
0.0716947078704834,0.019845073751770317,0.011606454849243164,0.003912768554297108,gini,10,,2,2,random,"{'criterion': 'gini', 'max_depth': 10, 'max_features': None, 'min_samples_leaf': 2, 'min_samples_split': 2, 'splitter': 'random'}",0.5403726708074534,0.6262230919765166,0.5621840242669363,0.5217391304347826,0.5604060913705584,0.5621850017712495,0.0352581559658112,69
0.07901339530944824,0.005404005745309468,0.007878684997558593,0.0003272448546554023,entropy,25,,2,20,random,"{'criterion': 'entropy', 'max_depth': 25, 'max_features': None, 'min_samples_leaf': 2, 'min_samples_split': 20, 'splitter': 'random'}",0.563894523326572,0.6036644165863067,0.5694444444444444,0.5309734513274337,0.5429417571569596,0.5621837185683434,0.02498250252249485,70
0.7122376918792724,0.03742114804320492,0.010579967498779297,0.0017110705587870315,gini,20,,4,20,best,"{'criterion': 'gini', 'max_depth': 20, 'max_features': None, 'min_samples_leaf': 4, 'min_samples_split': 20, 'splitter': 'best'}",0.5447236180904522,0.5802238805970149,0.5727969348659003,0.5487804878048781,0.5640535372848948,0.5621156917286281,0.013609280609748375,71
0.7146791934967041,0.010068983380468185,0.008392810821533203,0.0007266055975916514,entropy,15,,2,20,best,"{'criterion': 'entropy', 'max_depth': 15, 'max_features': None, 'min_samples_leaf': 2, 'min_samples_split': 20, 'splitter': 'best'}",0.5691056910569106,0.5773195876288659,0.5775510204081633,0.5329341317365269,0.5534591194968553,0.5620739100654644,0.0169985815316429,72
0.06724858283996582,0.007459905975861121,0.007296848297119141,0.0010929533461652976,gini,15,,4,10,random,"{'criterion': 'gini', 'max_depth': 15, 'max_features': None, 'min_samples_leaf': 4, 'min_samples_split': 10, 'splitter': 'random'}",0.555229716520039,0.5777777777777777,0.5538160469667319,0.5812133072407045,0.5416248746238717,0.561932344625825,0.0151395252252182,73
0.056232118606567384,0.003241109369227998,0.007815885543823241,0.0006494743249575541,entropy,10,,4,20,random,"{'criterion': 'entropy', 'max_depth': 10, 'max_features': None, 'min_samples_leaf': 4, 'min_samples_split': 20, 'splitter': 'random'}",0.46715328467153283,0.5952626158599382,0.5664488017429193,0.6026871401151631,0.5775510204081633,0.5618205725595433,0.049028990393127594,74
0.945629072189331,0.03151109374216884,0.01636929512023926,0.01685599635021004,gini,15,,2,2,best,"{'criterion': 'gini', 'max_depth': 15, 'max_features': None, 'min_samples_leaf': 2, 'min_samples_split': 2, 'splitter': 'best'}",0.5362903225806451,0.5784966698382493,0.5699899295065458,0.5589692765113974,0.5633528265107213,0.5614198049895117,0.014186605622632659,75
0.7318672180175781,0.03541134477953651,0.01310882568359375,0.0033724026060223586,gini,15,,1,10,best,"{'criterion': 'gini', 'max_depth': 15, 'max_features': None, 'min_samples_leaf': 1, 'min_samples_split': 10, 'splitter': 'best'}",0.541015625,0.5722326454033771,0.5786407766990291,0.5517909002904162,0.5603864734299517,0.5608132841645548,0.013577585851253715,76
0.6738979816436768,0.021625204179904028,0.008770465850830078,0.0020044644591741077,gini,15,,1,5,best,"{'criterion': 'gini', 'max_depth': 15, 'max_features': None, 'min_samples_leaf': 1, 'min_samples_split': 5, 'splitter': 'best'}",0.5458128078817734,0.577570093457944,0.5739299610894941,0.5445736434108527,0.5611374407582939,0.5606047893196716,0.013721995618446963,77
0.07222933769226074,0.003957703789493903,0.007560253143310547,0.00024104564051370206,gini,20,,2,20,random,"{'criterion': 'gini', 'max_depth': 20, 'max_features': None, 'min_samples_leaf': 2, 'min_samples_split': 20, 'splitter': 'random'}",0.5362776025236593,0.6085271317829457,0.5575757575757576,0.5312190287413281,0.5676500508646999,0.5602499142976781,0.027604589877339044,78
0.05243215560913086,0.002201756951014438,0.008366107940673828,0.0024510546484424905,entropy,10,,2,20,random,"{'criterion': 'entropy', 'max_depth': 10, 'max_features': None, 'min_samples_leaf': 2, 'min_samples_split': 20, 'splitter': 'random'}",0.4744525547445255,0.6085192697768763,0.5733186328555678,0.5887179487179487,0.5548654244306418,0.559974766105112,0.04626219227762134,79
0.737802267074585,0.010351432782426463,0.00922861099243164,0.0017373354168379854,entropy,15,,1,20,best,"{'criterion': 'entropy', 'max_depth': 15, 'max_features': None, 'min_samples_leaf': 1, 'min_samples_split': 20, 'splitter': 'best'}",0.5648241206030151,0.5770308123249299,0.5740365111561866,0.5296442687747036,0.5523012552301255,0.5595673936177922,0.017263543676323465,80
0.8930371761322021,0.02399530775024156,0.007188224792480468,0.0010057172078753334,gini,15,,2,5,best,"{'criterion': 'gini', 'max_depth': 15, 'max_features': None, 'min_samples_leaf': 2, 'min_samples_split': 5, 'splitter': 'best'}",0.5382323733862959,0.580952380952381,0.5604838709677419,0.5489021956087824,0.5661835748792271,0.5589508791588857,0.014621631611945327,81
0.7153308868408204,0.019329039638883185,0.008667755126953124,0.0012932945919436906,gini,20,,2,20,best,"{'criterion': 'gini', 'max_depth': 20, 'max_features': None, 'min_samples_leaf': 2, 'min_samples_split': 20, 'splitter': 'best'}",0.5538461538461539,0.5855513307984791,0.5653436592449177,0.5225225225225225,0.5667627281460135,0.5588052789116174,0.020796413343847978,82
0.6261314392089844,0.03173912450897798,0.007950496673583985,0.0007600693869680995,gini,15,,1,2,best,"{'criterion': 'gini', 'max_depth': 15, 'max_features': None, 'min_samples_leaf': 1, 'min_samples_split': 2, 'splitter': 'best'}",0.543859649122807,0.5671361502347417,0.572265625,0.5498547918683446,0.5600756859035004,0.5586383804258788,0.010540797506069238,83
0.7081320285797119,0.01540513098847071,0.008740520477294922,0.001537708676024167,entropy,15,,4,20,best,"{'criterion': 'entropy', 'max_depth': 15, 'max_features': None, 'min_samples_leaf': 4, 'min_samples_split': 20, 'splitter': 'best'}",0.5705458290422245,0.5751633986928104,0.5656565656565656,0.5310274669379451,0.5505376344086022,0.5585861789476295,0.016075381736733296,84
0.054523801803588866,0.0015872968085475705,0.007668924331665039,0.0008925350166155905,entropy,10,,1,5,random,"{'criterion': 'entropy', 'max_depth': 10, 'max_features': None, 'min_samples_leaf': 1, 'min_samples_split': 5, 'splitter': 'random'}",0.5432098765432098,0.6141885325558795,0.5652173913043478,0.541095890410959,0.5292171995589857,0.5585857780746764,0.030134606426339798,85
0.07857565879821778,0.007568978501035469,0.008446455001831055,0.0016251576869501295,entropy,15,,2,5,random,"{'criterion': 'entropy', 'max_depth': 15, 'max_features': None, 'min_samples_leaf': 2, 'min_samples_split': 5, 'splitter': 'random'}",0.5404858299595142,0.6125954198473282,0.524008350730689,0.5719626168224299,0.5436507936507936,0.558540602202151,0.031119869467072642,86
0.09347710609436036,0.007997173168319676,0.010210847854614258,0.0023017134536121877,entropy,,,4,20,random,"{'criterion': 'entropy', 'max_depth': None, 'max_features': None, 'min_samples_leaf': 4, 'min_samples_split': 20, 'splitter': 'random'}",0.5626794258373206,0.5583250249252243,0.5572519083969466,0.5722543352601156,0.5413826679649465,0.5583786724769106,0.010011664615464313,87
0.052536392211914064,0.00194099415412728,0.007986831665039062,0.0005680521539246231,entropy,10,,8,5,random,"{'criterion': 'entropy', 'max_depth': 10, 'max_features': None, 'min_samples_leaf': 8, 'min_samples_split': 5, 'splitter': 'random'}",0.544689800210305,0.5970772442588727,0.5551982851018221,0.5540838852097131,0.5402425578831312,0.5582583545327688,0.02021074473611253,88
0.053173398971557616,0.004211124612074738,0.008391904830932616,0.0010337924758888326,entropy,10,,8,2,random,"{'criterion': 'entropy', 'max_depth': 10, 'max_features': None, 'min_samples_leaf': 8, 'min_samples_split': 2, 'splitter': 'random'}",0.544689800210305,0.5970772442588727,0.5551982851018221,0.5540838852097131,0.5402425578831312,0.5582583545327688,0.02021074473611253,88
0.051332855224609376,0.002985389388607018,0.007544803619384766,0.00025091434058361337,entropy,10,,8,10,random,"{'criterion': 'entropy', 'max_depth': 10, 'max_features': None, 'min_samples_leaf': 8, 'min_samples_split': 10, 'splitter': 'random'}",0.544689800210305,0.5970772442588727,0.5551982851018221,0.5540838852097131,0.5402425578831312,0.5582583545327688,0.02021074473611253,88
0.05421123504638672,0.003118574704756801,0.00756382942199707,0.0003417600059421516,entropy,10,,4,10,random,"{'criterion': 'entropy', 'max_depth': 10, 'max_features': None, 'min_samples_leaf': 4, 'min_samples_split': 10, 'splitter': 'random'}",0.5511482254697286,0.577922077922078,0.5977933801404213,0.5049180327868853,0.5590465872156013,0.558165660706943,0.03113198508483523,91
0.7360836029052734,0.025445874861081824,0.00964369773864746,0.0020573435884140684,gini,,,2,20,best,"{'criterion': 'gini', 'max_depth': None, 'max_features': None, 'min_samples_leaf': 2, 'min_samples_split': 20, 'splitter': 'best'}",0.546679499518768,0.5790441176470589,0.5728155339805825,0.53,0.5622641509433962,0.5581606604179612,0.017846919007140645,92
0.7449076175689697,0.013781020241216609,0.008334875106811523,0.0004985261453225523,entropy,20,,4,20,best,"{'criterion': 'entropy', 'max_depth': 20, 'max_features': None, 'min_samples_leaf': 4, 'min_samples_split': 20, 'splitter': 'best'}",0.5577299412915852,0.577736890524379,0.5673352435530086,0.5312190287413281,0.556237218813906,0.5580516645848415,0.015473067080527545,93
0.06606783866882324,0.005625674474578135,0.011257362365722657,0.005446059112306398,entropy,15,,8,20,random,"{'criterion': 'entropy', 'max_depth': 15, 'max_features': None, 'min_samples_leaf': 8, 'min_samples_split': 20, 'splitter': 'random'}",0.5298429319371728,0.5717234262125903,0.5493387589013224,0.5763397371081901,0.5626975763962065,0.5579884861110964,0.01682012202467062,94
0.7466671466827393,0.022390559880216994,0.008581447601318359,0.0009704467892442856,gini,25,,2,20,best,"{'criterion': 'gini', 'max_depth': 25, 'max_features': None, 'min_samples_leaf': 2, 'min_samples_split': 20, 'splitter': 'best'}",0.5410628019323671,0.580110497237569,0.5736585365853658,0.53,0.5622641509433962,0.5574191973397398,0.01908627181556027,95
0.05633068084716797,0.0032974298245217614,0.007647323608398438,0.0009658734474190489,gini,10,,2,10,random,"{'criterion': 'gini', 'max_depth': 10, 'max_features': None, 'min_samples_leaf': 2, 'min_samples_split': 10, 'splitter': 'random'}",0.5759368836291914,0.5893223819301848,0.5269320843091335,0.5522388059701493,0.5421822272215973,0.5573224766120513,0.022579357351771502,96
0.7786691188812256,0.014905601798820814,0.0088836669921875,0.001042963924890294,entropy,20,,2,20,best,"{'criterion': 'entropy', 'max_depth': 20, 'max_features': None, 'min_samples_leaf': 2, 'min_samples_split': 20, 'splitter': 'best'}",0.5686274509803921,0.5666356011183598,0.5598455598455598,0.5295829291949563,0.5611940298507463,0.5571771141980029,0.014179340229857519,97
0.07999391555786133,0.006901208941192969,0.00849013328552246,0.0006176849122665909,entropy,20,,1,2,random,"{'criterion': 'entropy', 'max_depth': 20, 'max_features': None, 'min_samples_leaf': 1, 'min_samples_split': 2, 'splitter': 'random'}",0.5376344086021505,0.5867158671586716,0.5771812080536913,0.5646836638338055,0.5193798449612403,0.5571189985219119,0.025058268102551767,98
0.05085740089416504,0.0029736556257783076,0.007414579391479492,0.0007337061139499203,gini,10,,4,2,random,"{'criterion': 'gini', 'max_depth': 10, 'max_features': None, 'min_samples_leaf': 4, 'min_samples_split': 2, 'splitter': 'random'}",0.5362162162162162,0.5355555555555556,0.546875,0.5853658536585366,0.581039755351682,0.5570104761563981,0.021803102684246144,99
0.061308431625366214,0.007634746306737468,0.00875697135925293,0.0011747625490876811,gini,10,,4,5,random,"{'criterion': 'gini', 'max_depth': 10, 'max_features': None, 'min_samples_leaf': 4, 'min_samples_split': 5, 'splitter': 'random'}",0.5362162162162162,0.5355555555555556,0.546875,0.5853658536585366,0.581039755351682,0.5570104761563981,0.021803102684246144,99
0.07284507751464844,0.001922061019174235,0.007688331604003906,0.000644944095418087,gini,25,,2,20,random,"{'criterion': 'gini', 'max_depth': 25, 'max_features': None, 'min_samples_leaf': 2, 'min_samples_split': 20, 'splitter': 'random'}",0.562874251497006,0.5851272015655578,0.5389344262295082,0.5465587044534413,0.5479723046488625,0.5562933776788752,0.01637091698553658,101
0.7790398597717285,0.01787358700295469,0.007684183120727539,0.0005604861563136231,gini,25,,1,20,best,"{'criterion': 'gini', 'max_depth': 25, 'max_features': None, 'min_samples_leaf': 1, 'min_samples_split': 20, 'splitter': 'best'}",0.5383886255924171,0.5685557586837294,0.5770308123249299,0.536779324055666,0.5593376264949402,0.5560184294303364,0.01606658076786628,102
0.8136223793029785,0.017599696766043404,0.009663963317871093,0.002092865293827885,entropy,25,,2,20,best,"{'criterion': 'entropy', 'max_depth': 25, 'max_features': None, 'min_samples_leaf': 2, 'min_samples_split': 20, 'splitter': 'best'}",0.5569620253164557,0.5630331753554503,0.5703275529865125,0.5302325581395348,0.558766859344894,0.5558644342285695,0.013617595258681314,103
0.06767363548278808,0.004257785714288157,0.00906057357788086,0.001918890965479818,gini,25,,8,20,random,"{'criterion': 'gini', 'max_depth': 25, 'max_features': None, 'min_samples_leaf': 8, 'min_samples_split': 20, 'splitter': 'random'}",0.5537848605577689,0.5795677799607073,0.5444234404536862,0.5573770491803278,0.5421319796954315,0.5554570219695842,0.013319969608520811,104
0.8811627864837647,0.014644847595137086,0.009295654296875,0.001104611441514145,entropy,,,2,20,best,"{'criterion': 'entropy', 'max_depth': None, 'max_features': None, 'min_samples_leaf': 2, 'min_samples_split': 20, 'splitter': 'best'}",0.5613026819923371,0.5663217309501412,0.5686839577329491,0.521087160262418,0.5596244131455399,0.5554039888166771,0.017468863457183566,105
0.05407462120056152,0.006112643557014585,0.007853221893310548,0.0006609666774485064,gini,10,,4,10,random,"{'criterion': 'gini', 'max_depth': 10, 'max_features': None, 'min_samples_leaf': 4, 'min_samples_split': 10, 'splitter': 'random'}",0.5299334811529933,0.5582417582417583,0.5256270447110142,0.6033630069238378,0.5592315901814301,0.5552793762422067,0.027778071944500833,106
0.0871042251586914,0.003275390422433724,0.011754131317138672,0.002308556172424612,entropy,25,,1,10,random,"{'criterion': 'entropy', 'max_depth': 25, 'max_features': None, 'min_samples_leaf': 1, 'min_samples_split': 10, 'splitter': 'random'}",0.5423728813559322,0.5868372943327239,0.5746478873239437,0.5099904852521409,0.5621414913957935,0.5551980079321068,0.026965749362709363,107
0.05892481803894043,0.0033948624988237664,0.008259820938110351,0.0008561712743506721,gini,15,,8,20,random,"{'criterion': 'gini', 'max_depth': 15, 'max_features': None, 'min_samples_leaf': 8, 'min_samples_split': 20, 'splitter': 'random'}",0.5265348595213319,0.5825641025641025,0.5574771108850458,0.5311871227364185,0.5781710914454278,0.5551868574304654,0.023151492715665883,108
0.6622181415557862,0.022447274445195634,0.00688786506652832,0.0006878031700547891,entropy,15,,8,20,best,"{'criterion': 'entropy', 'max_depth': 15, 'max_features': None, 'min_samples_leaf': 8, 'min_samples_split': 20, 'splitter': 'best'}",0.5404255319148936,0.5849056603773585,0.5881188118811881,0.5237113402061856,0.5386221294363257,0.5551566947631903,0.026270559387423363,109
0.06400432586669921,0.00428189631599124,0.007936382293701172,0.000549722159886351,gini,20,,8,20,random,"{'criterion': 'gini', 'max_depth': 20, 'max_features': None, 'min_samples_leaf': 8, 'min_samples_split': 20, 'splitter': 'random'}",0.5364850976361768,0.5758754863813229,0.5202769535113749,0.5630081300813008,0.5795677799607073,0.5550426895141765,0.023030303281865762,110
0.8070662498474122,0.014396473934168156,0.007933330535888673,0.00037761822314033496,entropy,20,,1,20,best,"{'criterion': 'entropy', 'max_depth': 20, 'max_features': None, 'min_samples_leaf': 1, 'min_samples_split': 20, 'splitter': 'best'}",0.5567410281280311,0.5666666666666667,0.5614714424007744,0.526416906820365,0.5634920634920635,0.5549576215015801,0.014629567561507337,111
0.7182168006896973,0.014182467678474678,0.006140422821044922,0.00023923193477798347,entropy,,,8,20,best,"{'criterion': 'entropy', 'max_depth': None, 'max_features': None, 'min_samples_leaf': 8, 'min_samples_split': 20, 'splitter': 'best'}",0.5603112840466926,0.5637065637065637,0.5727969348659003,0.524975514201763,0.5514563106796116,0.5546493215001063,0.016334977715434643,112
0.05521998405456543,0.0032274363515688177,0.008129215240478516,0.0013066603571457377,gini,10,,1,2,random,"{'criterion': 'gini', 'max_depth': 10, 'max_features': None, 'min_samples_leaf': 1, 'min_samples_split': 2, 'splitter': 'random'}",0.540420819490587,0.5514223194748359,0.546031746031746,0.5536842105263158,0.5811623246492986,0.5545442840345567,0.01407794039832424,113
0.08235135078430175,0.006355614040466373,0.00919342041015625,0.0007506494977848032,entropy,,,2,20,random,"{'criterion': 'entropy', 'max_depth': None, 'max_features': None, 'min_samples_leaf': 2, 'min_samples_split': 20, 'splitter': 'random'}",0.5677546983184966,0.5689655172413793,0.5517928286852589,0.5325443786982249,0.5509803921568628,0.5544075630200445,0.013316615307520693,114
0.0566744327545166,0.007693235560106364,0.008997106552124023,0.002942197087325265,gini,10,,2,5,random,"{'criterion': 'gini', 'max_depth': 10, 'max_features': None, 'min_samples_leaf': 2, 'min_samples_split': 5, 'splitter': 'random'}",0.5162790697674419,0.5851528384279476,0.5437302423603794,0.5641025641025641,0.5621840242669363,0.5542897477850538,0.02309742898011541,115
0.07522549629211425,0.003165760029998181,0.009603261947631836,0.0014097189019369502,entropy,20,,2,20,random,"{'criterion': 'entropy', 'max_depth': 20, 'max_features': None, 'min_samples_leaf': 2, 'min_samples_split': 20, 'splitter': 'random'}",0.5640495867768595,0.596078431372549,0.5498938428874734,0.5378486055776892,0.522279792746114,0.554030051872137,0.025121638807339523,116
0.7867498874664307,0.008391401696169759,0.0075763225555419925,0.0008881506826969619,entropy,25,,8,20,best,"{'criterion': 'entropy', 'max_depth': 25, 'max_features': None, 'min_samples_leaf': 8, 'min_samples_split': 20, 'splitter': 'best'}",0.56047197640118,0.5609990393852066,0.5727969348659003,0.5316455696202531,0.5429141716566867,0.5537655383858453,0.014605061298219892,117
0.8246574401855469,0.009208789822700932,0.008343839645385742,0.0001935950993301109,entropy,25,,4,20,best,"{'criterion': 'entropy', 'max_depth': 25, 'max_features': None, 'min_samples_leaf': 4, 'min_samples_split': 20, 'splitter': 'best'}",0.5542406311637081,0.5793357933579336,0.5592417061611374,0.5262154432793136,0.5497076023391813,0.5537482352602547,0.01708522844058759,118
0.7683174133300781,0.014068789775189734,0.007697057723999023,0.0003271481850697839,gini,20,,1,20,best,"{'criterion': 'gini', 'max_depth': 20, 'max_features': None, 'min_samples_leaf': 1, 'min_samples_split': 20, 'splitter': 'best'}",0.5400763358778626,0.5695488721804511,0.5722326454033771,0.5281899109792285,0.5580524344569289,0.5536200397795698,0.017028953452973544,119
0.06547174453735352,0.004909435584550592,0.008660173416137696,0.002122056713753069,gini,15,,1,5,random,"{'criterion': 'gini', 'max_depth': 15, 'max_features': None, 'min_samples_leaf': 1, 'min_samples_split': 5, 'splitter': 'random'}",0.5508735868448099,0.6026615969581749,0.5373423860329777,0.5318725099601593,0.5452793834296724,0.5536058926451588,0.02537754892264168,120
0.7917623519897461,0.02605406804570691,0.009288358688354491,0.0017891233496036647,gini,,,1,20,best,"{'criterion': 'gini', 'max_depth': None, 'max_features': None, 'min_samples_leaf': 1, 'min_samples_split': 20, 'splitter': 'best'}",0.5348399246704332,0.5587703435804702,0.5748837209302325,0.536779324055666,0.5619834710743802,0.5534513568622363,0.015393355113908049,121
0.07320857048034668,0.008320659211195607,0.008211183547973632,0.0011773196865512677,gini,15,,1,10,random,"{'criterion': 'gini', 'max_depth': 15, 'max_features': None, 'min_samples_leaf': 1, 'min_samples_split': 10, 'splitter': 'random'}",0.5276679841897233,0.5533596837944664,0.5553505535055351,0.5765765765765766,0.5529767911200807,0.5531863178372765,0.015511591983206265,122
0.9281190395355224,0.02756708616057965,0.009833812713623047,0.0007826533254162153,entropy,,,4,20,best,"{'criterion': 'entropy', 'max_depth': None, 'max_features': None, 'min_samples_leaf': 4, 'min_samples_split': 20, 'splitter': 'best'}",0.552734375,0.5834862385321101,0.5616698292220114,0.5144508670520231,0.553314121037464,0.5531310861687218,0.022319030625746295,123
0.6924242973327637,0.026005918474407697,0.008102607727050782,0.0005874905370961816,gini,20,,4,2,best,"{'criterion': 'gini', 'max_depth': 20, 'max_features': None, 'min_samples_leaf': 4, 'min_samples_split': 2, 'splitter': 'best'}",0.5438066465256798,0.5426356589147286,0.5784966698382493,0.5467059980334317,0.5489815712900097,0.5521253089204198,0.013371269907568891,124
0.6970195770263672,0.021051657268035973,0.007623147964477539,0.00015920245258383027,gini,20,,4,5,best,"{'criterion': 'gini', 'max_depth': 20, 'max_features': None, 'min_samples_leaf': 4, 'min_samples_split': 5, 'splitter': 'best'}",0.5438066465256798,0.5426356589147286,0.5784966698382493,0.5467059980334317,0.5489815712900097,0.5521253089204198,0.013371269907568891,124
0.7383004665374756,0.017451086434559487,0.009293508529663087,0.0025332748307007494,entropy,15,,2,10,best,"{'criterion': 'entropy', 'max_depth': 15, 'max_features': None, 'min_samples_leaf': 2, 'min_samples_split': 10, 'splitter': 'best'}",0.5488565488565489,0.5714285714285714,0.5714285714285714,0.536779324055666,0.5321100917431193,0.5521206215024954,0.0166854711622819,126
0.6779077529907227,0.028563542320542416,0.009322023391723633,0.001891441295350965,gini,20,,4,10,best,"{'criterion': 'gini', 'max_depth': 20, 'max_features': None, 'min_samples_leaf': 4, 'min_samples_split': 10, 'splitter': 'best'}",0.5346733668341709,0.5537270087124879,0.5834109972041006,0.5429417571569596,0.54510556621881,0.5519717392253057,0.016848896156852592,127
0.07532153129577637,0.010575220028175352,0.008984375,0.0026669374007297414,gini,15,,1,20,random,"{'criterion': 'gini', 'max_depth': 15, 'max_features': None, 'min_samples_leaf': 1, 'min_samples_split': 20, 'splitter': 'random'}",0.5414141414141415,0.5859213250517599,0.5771947527749748,0.5098445595854922,0.5450941526263627,0.5518937862905463,0.0272844561623931,128
0.7965267181396485,0.01825498798609656,0.009943056106567382,0.0010172198615665804,entropy,25,,1,20,best,"{'criterion': 'entropy', 'max_depth': 25, 'max_features': None, 'min_samples_leaf': 1, 'min_samples_split': 20, 'splitter': 'best'}",0.5522531160115053,0.5660377358490566,0.5619047619047619,0.5275735294117647,0.5502846299810247,0.5516107546316227,0.013372088870397907,129
0.06349635124206543,0.0028452155407992304,0.008056020736694336,0.0003534539666550764,entropy,20,,8,20,random,"{'criterion': 'entropy', 'max_depth': 20, 'max_features': None, 'min_samples_leaf': 8, 'min_samples_split': 20, 'splitter': 'random'}",0.5396825396825397,0.5401174168297456,0.5647058823529412,0.5370741482965932,0.5735140771637122,0.5510188128651063,0.015067700436011168,130
0.06823039054870605,0.011192205594408255,0.00872797966003418,0.0009673015612174712,gini,10,,1,20,random,"{'criterion': 'gini', 'max_depth': 10, 'max_features': None, 'min_samples_leaf': 1, 'min_samples_split': 20, 'splitter': 'random'}",0.5544332210998878,0.5324384787472036,0.5471502590673575,0.6119257086999023,0.5080831408775982,0.5508061616983898,0.03442309833431256,131
0.06056113243103027,0.009621162858589577,0.008027172088623047,0.0011101978336907875,gini,10,,8,2,random,"{'criterion': 'gini', 'max_depth': 10, 'max_features': None, 'min_samples_leaf': 8, 'min_samples_split': 2, 'splitter': 'random'}",0.5640495867768595,0.6136595310907238,0.5114254624591947,0.5487944890929966,0.5159165751920965,0.5507691289223742,0.03714322829390326,132
0.056362056732177736,0.005978520755168577,0.0076581001281738285,0.0009039147915201601,gini,10,,8,10,random,"{'criterion': 'gini', 'max_depth': 10, 'max_features': None, 'min_samples_leaf': 8, 'min_samples_split': 10, 'splitter': 'random'}",0.5640495867768595,0.6136595310907238,0.5114254624591947,0.5487944890929966,0.5159165751920965,0.5507691289223742,0.03714322829390326,132
0.054106950759887695,0.0022397818896021967,0.009548521041870118,0.002654717431510573,gini,10,,8,5,random,"{'criterion': 'gini', 'max_depth': 10, 'max_features': None, 'min_samples_leaf': 8, 'min_samples_split': 5, 'splitter': 'random'}",0.5640495867768595,0.6136595310907238,0.5114254624591947,0.5487944890929966,0.5159165751920965,0.5507691289223742,0.03714322829390326,132
0.8730860710144043,0.017627283545994132,0.008924055099487304,0.0011693973697571257,entropy,,,1,20,best,"{'criterion': 'entropy', 'max_depth': None, 'max_features': None, 'min_samples_leaf': 1, 'min_samples_split': 20, 'splitter': 'best'}",0.5553435114503816,0.5690140845070423,0.5597722960151803,0.5213358070500927,0.5479962721342032,0.55069239423138,0.016179246754043,135
0.7451519012451172,0.017788019640385195,0.007334089279174805,0.0006079644894998846,gini,20,,2,10,best,"{'criterion': 'gini', 'max_depth': 20, 'max_features': None, 'min_samples_leaf': 2, 'min_samples_split': 10, 'splitter': 'best'}",0.5382381413359149,0.5565052231718899,0.5666666666666667,0.5260058881256133,0.5650048875855328,0.5504841613771234,0.01586271742437187,136
0.06132073402404785,0.0015219435040456206,0.007711648941040039,0.0007173223046081732,gini,15,,2,20,random,"{'criterion': 'gini', 'max_depth': 15, 'max_features': None, 'min_samples_leaf': 2, 'min_samples_split': 20, 'splitter': 'random'}",0.5270988310308182,0.5253863134657837,0.5782881002087683,0.5826271186440678,0.5384615384615384,0.5503723803621953,0.025009939417755027,137
0.7703516483306885,0.015806895703475144,0.008026981353759765,0.0003831351878846537,entropy,15,,1,10,best,"{'criterion': 'entropy', 'max_depth': 15, 'max_features': None, 'min_samples_leaf': 1, 'min_samples_split': 10, 'splitter': 'best'}",0.5450819672131147,0.5684995340167754,0.5697445972495089,0.5339901477832513,0.5341488277268094,0.5502930147978919,0.015896003698751496,138
0.6934933662414551,0.010103031784567286,0.009919118881225587,0.001663731423751238,entropy,15,,8,10,best,"{'criterion': 'entropy', 'max_depth': 15, 'max_features': None, 'min_samples_leaf': 8, 'min_samples_split': 10, 'splitter': 'best'}",0.5303514376996805,0.5841860465116279,0.583011583011583,0.5216494845360825,0.5320910973084886,0.5502579298134924,0.027454195574577525,139
0.7294106006622314,0.014170062480500244,0.008146429061889648,0.00045690146348816653,entropy,15,,8,2,best,"{'criterion': 'entropy', 'max_depth': 15, 'max_features': None, 'min_samples_leaf': 8, 'min_samples_split': 2, 'splitter': 'best'}",0.5303514376996805,0.5841860465116279,0.583011583011583,0.5216494845360825,0.5320910973084886,0.5502579298134924,0.027454195574577525,139
0.727994441986084,0.01951118854720784,0.013727426528930664,0.008814438213591756,entropy,15,,8,5,best,"{'criterion': 'entropy', 'max_depth': 15, 'max_features': None, 'min_samples_leaf': 8, 'min_samples_split': 5, 'splitter': 'best'}",0.5303514376996805,0.5841860465116279,0.583011583011583,0.5216494845360825,0.5320910973084886,0.5502579298134924,0.027454195574577525,139
0.07679286003112792,0.0020022191418909703,0.007884359359741211,0.00022311539289838415,entropy,25,,1,20,random,"{'criterion': 'entropy', 'max_depth': 25, 'max_features': None, 'min_samples_leaf': 1, 'min_samples_split': 20, 'splitter': 'random'}",0.5364891518737672,0.5757864632983795,0.5550049554013875,0.5210577864838394,0.5628042843232717,0.550228528276129,0.019359104212126835,142
0.061569738388061526,0.0037057822893916555,0.007746410369873047,0.00022254503582185077,gini,15,,2,10,random,"{'criterion': 'gini', 'max_depth': 15, 'max_features': None, 'min_samples_leaf': 2, 'min_samples_split': 10, 'splitter': 'random'}",0.528835690968444,0.6149312377210217,0.5437881873727087,0.5597722960151803,0.5030549898167006,0.5500764803788111,0.037421605334780284,143
0.08045215606689453,0.008160420616112088,0.008278226852416993,0.000925451357387751,entropy,15,,1,10,random,"{'criterion': 'entropy', 'max_depth': 15, 'max_features': None, 'min_samples_leaf': 1, 'min_samples_split': 10, 'splitter': 'random'}",0.5294117647058824,0.5892857142857143,0.5283018867924528,0.5777777777777777,0.5244267198404786,0.5498407726804612,0.02779756005812307,144
0.06950602531433106,0.004925841657444449,0.009102058410644532,0.0012271896370595744,gini,,,8,20,random,"{'criterion': 'gini', 'max_depth': None, 'max_features': None, 'min_samples_leaf': 8, 'min_samples_split': 20, 'splitter': 'random'}",0.5537848605577689,0.5557809330628803,0.5445829338446788,0.5524974515800204,0.5421319796954315,0.549755631748156,0.005383927765962064,145
0.05373778343200684,0.004173438998722896,0.008248853683471679,0.0010150863281082048,entropy,10,,2,10,random,"{'criterion': 'entropy', 'max_depth': 10, 'max_features': None, 'min_samples_leaf': 2, 'min_samples_split': 10, 'splitter': 'random'}",0.5369127516778524,0.5224215246636771,0.5662650602409639,0.5587628865979382,0.56353591160221,0.5495796269565283,0.01706180571989196,146
0.7090017318725585,0.016382584376193932,0.006929588317871094,0.0010345827968348375,entropy,20,,8,20,best,"{'criterion': 'entropy', 'max_depth': 20, 'max_features': None, 'min_samples_leaf': 8, 'min_samples_split': 20, 'splitter': 'best'}",0.5595238095238095,0.563953488372093,0.5683802133850631,0.5218274111675127,0.5341614906832298,0.5495692826263416,0.018258480666793375,147
0.07200016975402831,0.005492959377992082,0.00801100730895996,0.0008377062736955352,entropy,15,,2,2,random,"{'criterion': 'entropy', 'max_depth': 15, 'max_features': None, 'min_samples_leaf': 2, 'min_samples_split': 2, 'splitter': 'random'}",0.5101822079314041,0.6071428571428571,0.5657370517928287,0.5379442843419788,0.5264293419633226,0.5494871486344783,0.03405295465738778,148
0.06773381233215332,0.003993256596092818,0.008024168014526368,0.0005207744971018948,entropy,15,,2,10,random,"{'criterion': 'entropy', 'max_depth': 15, 'max_features': None, 'min_samples_leaf': 2, 'min_samples_split': 10, 'splitter': 'random'}",0.5360602798708288,0.5630252100840336,0.5167785234899329,0.5557692307692308,0.5756097560975609,0.5494486000623174,0.020761800587186973,149
0.0629880428314209,0.009765540761509805,0.0073699951171875,0.0013104003753004075,gini,15,,1,2,random,"{'criterion': 'gini', 'max_depth': 15, 'max_features': None, 'min_samples_leaf': 1, 'min_samples_split': 2, 'splitter': 'random'}",0.5346733668341709,0.5593056894889104,0.5374625374625375,0.5571565802113353,0.5549242424242424,0.5487044832842394,0.010447607323326178,150
0.7605234622955322,0.011663468226736147,0.008328914642333984,0.00037491171083011863,entropy,20,,4,10,best,"{'criterion': 'entropy', 'max_depth': 20, 'max_features': None, 'min_samples_leaf': 4, 'min_samples_split': 10, 'splitter': 'best'}",0.537109375,0.5714285714285714,0.5638599810785241,0.5311284046692607,0.5394605394605395,0.5485973743273791,0.01596766424220905,151
0.8104879856109619,0.009952939217109429,0.008830833435058593,0.0006935511703602699,entropy,20,,2,10,best,"{'criterion': 'entropy', 'max_depth': 20, 'max_features': None, 'min_samples_leaf': 2, 'min_samples_split': 10, 'splitter': 'best'}",0.5389930898321816,0.5518553758325404,0.5627376425855514,0.5310077519379846,0.5581395348837209,0.5485466790143958,0.011859501125225304,152
0.061078882217407225,0.004332811731692158,0.0077629566192626955,0.0005619854628149911,gini,15,,4,20,random,"{'criterion': 'gini', 'max_depth': 15, 'max_features': None, 'min_samples_leaf': 4, 'min_samples_split': 20, 'splitter': 'random'}",0.5386266094420601,0.593103448275862,0.5249734325185972,0.5308641975308642,0.5544147843942505,0.5483964944323267,0.02443932672072725,153
0.7387499809265137,0.014004340815626747,0.0111572265625,0.00319926683010818,entropy,15,,2,2,best,"{'criterion': 'entropy', 'max_depth': 15, 'max_features': None, 'min_samples_leaf': 2, 'min_samples_split': 2, 'splitter': 'best'}",0.5381443298969072,0.5684608120868744,0.56047197640118,0.5407554671968191,0.5329280648429585,0.5481521300849479,0.013790286631449456,154
0.06475362777709961,0.004036178520973572,0.007563018798828125,0.00037652647208262773,entropy,15,,4,20,random,"{'criterion': 'entropy', 'max_depth': 15, 'max_features': None, 'min_samples_leaf': 4, 'min_samples_split': 20, 'splitter': 'random'}",0.5725567620927937,0.5940390544707091,0.4971751412429379,0.5529661016949152,0.5229166666666667,0.5479307452336045,0.03452421516778134,155
0.9086775302886962,0.01900800753915062,0.010287952423095704,0.0006876425226813867,entropy,,,8,2,best,"{'criterion': 'entropy', 'max_depth': None, 'max_features': None, 'min_samples_leaf': 8, 'min_samples_split': 2, 'splitter': 'best'}",0.5321285140562249,0.5639097744360902,0.5698324022346368,0.5252918287937743,0.5478927203065134,0.5478110479654479,0.017304177588737243,156
0.8806592464447022,0.015933467141711035,0.012137842178344727,0.003917865500442628,entropy,,,8,5,best,"{'criterion': 'entropy', 'max_depth': None, 'max_features': None, 'min_samples_leaf': 8, 'min_samples_split': 5, 'splitter': 'best'}",0.5321285140562249,0.5639097744360902,0.5698324022346368,0.5252918287937743,0.5478927203065134,0.5478110479654479,0.017304177588737243,156
0.8507058143615722,0.012635320388637102,0.009554386138916016,0.0018080499441467356,entropy,,,8,10,best,"{'criterion': 'entropy', 'max_depth': None, 'max_features': None, 'min_samples_leaf': 8, 'min_samples_split': 10, 'splitter': 'best'}",0.5321285140562249,0.5639097744360902,0.5698324022346368,0.5252918287937743,0.5478927203065134,0.5478110479654479,0.017304177588737243,156
0.0701838493347168,0.0014831115244066707,0.0076903820037841795,0.00020307561360772823,entropy,20,,1,20,random,"{'criterion': 'entropy', 'max_depth': 20, 'max_features': None, 'min_samples_leaf': 1, 'min_samples_split': 20, 'splitter': 'random'}",0.5291828793774319,0.5728155339805825,0.5429184549356223,0.5569620253164557,0.5366834170854271,0.5477124621391039,0.015515710825063573,159
0.8257896900177002,0.011493089992483661,0.008963966369628906,0.0013662090965636117,entropy,25,,8,5,best,"{'criterion': 'entropy', 'max_depth': 25, 'max_features': None, 'min_samples_leaf': 8, 'min_samples_split': 5, 'splitter': 'best'}",0.5301204819277109,0.5679245283018868,0.5698324022346368,0.5299806576402321,0.5397448478900884,0.547520583598911,0.017804565801462925,160
0.8315464496612549,0.018080237158825365,0.009909534454345703,0.0009635989262745323,entropy,25,,8,10,best,"{'criterion': 'entropy', 'max_depth': 25, 'max_features': None, 'min_samples_leaf': 8, 'min_samples_split': 10, 'splitter': 'best'}",0.5301204819277109,0.5679245283018868,0.5698324022346368,0.5299806576402321,0.5397448478900884,0.547520583598911,0.017804565801462925,160
0.8046942234039307,0.019811342681581866,0.009975576400756836,0.001991892772446327,entropy,25,,8,2,best,"{'criterion': 'entropy', 'max_depth': 25, 'max_features': None, 'min_samples_leaf': 8, 'min_samples_split': 2, 'splitter': 'best'}",0.5301204819277109,0.5679245283018868,0.5698324022346368,0.5299806576402321,0.5397448478900884,0.547520583598911,0.017804565801462925,160
0.06147942543029785,0.0069299823394553366,0.007792949676513672,0.0009166098071498303,gini,15,,8,5,random,"{'criterion': 'gini', 'max_depth': 15, 'max_features': None, 'min_samples_leaf': 8, 'min_samples_split': 5, 'splitter': 'random'}",0.5366379310344828,0.5655471289274107,0.5662650602409639,0.5484496124031008,0.5190677966101694,0.5471935058432256,0.01791442519623429,163
0.06287245750427246,0.004050575754601802,0.00791616439819336,0.0007309336057813987,gini,15,,8,2,random,"{'criterion': 'gini', 'max_depth': 15, 'max_features': None, 'min_samples_leaf': 8, 'min_samples_split': 2, 'splitter': 'random'}",0.5366379310344828,0.5655471289274107,0.5662650602409639,0.5484496124031008,0.5190677966101694,0.5471935058432256,0.01791442519623429,163
0.05683865547180176,0.0037109183006129153,0.0073565483093261715,0.0002778329501577854,gini,15,,8,10,random,"{'criterion': 'gini', 'max_depth': 15, 'max_features': None, 'min_samples_leaf': 8, 'min_samples_split': 10, 'splitter': 'random'}",0.5366379310344828,0.5655471289274107,0.5662650602409639,0.5484496124031008,0.5190677966101694,0.5471935058432256,0.01791442519623429,163
0.714305305480957,0.020841148129208852,0.009210681915283203,0.0014674830346666301,gini,,,4,2,best,"{'criterion': 'gini', 'max_depth': None, 'max_features': None, 'min_samples_leaf': 4, 'min_samples_split': 2, 'splitter': 'best'}",0.5357502517623364,0.5437079731027857,0.560077519379845,0.5474095796676441,0.5478927203065134,0.5469676088438249,0.007866069523565573,166
0.7324506759643554,0.022321875305949385,0.008242273330688476,0.00022760744754632295,gini,,,4,5,best,"{'criterion': 'gini', 'max_depth': None, 'max_features': None, 'min_samples_leaf': 4, 'min_samples_split': 5, 'splitter': 'best'}",0.5357502517623364,0.5437079731027857,0.560077519379845,0.5474095796676441,0.5478927203065134,0.5469676088438249,0.007866069523565573,166
0.07500333786010742,0.0036692719877674117,0.007725906372070312,0.00045665635350291395,gini,,,2,20,random,"{'criterion': 'gini', 'max_depth': None, 'max_features': None, 'min_samples_leaf': 2, 'min_samples_split': 20, 'splitter': 'random'}",0.5470941883767535,0.5851272015655578,0.5333333333333333,0.5402184707050646,0.5286686103012633,0.5468883608563945,0.02011187121986343,168
0.7506616115570068,0.028494296906200374,0.008831930160522462,0.0015150090301262115,gini,,,4,10,best,"{'criterion': 'gini', 'max_depth': None, 'max_features': None, 'min_samples_leaf': 4, 'min_samples_split': 10, 'splitter': 'best'}",0.5378486055776892,0.549618320610687,0.5684608120868744,0.5301681503461919,0.5482330468003821,0.546865787084365,0.012929900075158344,169
0.7412254333496093,0.01730852679780903,0.008049583435058594,0.0011296437891482412,gini,20,,2,2,best,"{'criterion': 'gini', 'max_depth': 20, 'max_features': None, 'min_samples_leaf': 2, 'min_samples_split': 2, 'splitter': 'best'}",0.5220804710500491,0.5568181818181818,0.5636192271442035,0.5211267605633803,0.5692307692307692,0.5465750819613167,0.020766834958709176,170
0.07771620750427247,0.002851515241143388,0.009176111221313477,0.0014200176513738635,entropy,25,,4,20,random,"{'criterion': 'entropy', 'max_depth': 25, 'max_features': None, 'min_samples_leaf': 4, 'min_samples_split': 20, 'splitter': 'random'}",0.5566218809980806,0.5590551181102362,0.5416248746238717,0.5334685598377282,0.5416248746238717,0.5464790616387576,0.009771728620824881,171
0.7040419578552246,0.021886669605090097,0.008624505996704102,0.0007343892655039648,gini,25,,4,10,best,"{'criterion': 'gini', 'max_depth': 25, 'max_features': None, 'min_samples_leaf': 4, 'min_samples_split': 10, 'splitter': 'best'}",0.5378486055776892,0.549618320610687,0.5662878787878788,0.5301681503461919,0.5482330468003821,0.5464312004245657,0.012213433532174443,172
0.724921703338623,0.0303366865717014,0.009898662567138672,0.0017760906173508173,gini,25,,4,5,best,"{'criterion': 'gini', 'max_depth': 25, 'max_features': None, 'min_samples_leaf': 4, 'min_samples_split': 5, 'splitter': 'best'}",0.5357502517623364,0.5437079731027857,0.556420233463035,0.5474095796676441,0.5478927203065134,0.5462361516604629,0.006696005654442421,173
0.7209595680236817,0.021737005468249037,0.00909881591796875,0.0019054704323583028,gini,25,,4,2,best,"{'criterion': 'gini', 'max_depth': 25, 'max_features': None, 'min_samples_leaf': 4, 'min_samples_split': 2, 'splitter': 'best'}",0.5357502517623364,0.5437079731027857,0.556420233463035,0.5474095796676441,0.5478927203065134,0.5462361516604629,0.006696005654442421,173
0.7056303977966308,0.01573357699994794,0.008469772338867188,0.0008432344191909744,entropy,15,,4,10,best,"{'criterion': 'entropy', 'max_depth': 15, 'max_features': None, 'min_samples_leaf': 4, 'min_samples_split': 10, 'splitter': 'best'}",0.5276329509906152,0.5711610486891385,0.5691542288557214,0.5271629778672032,0.534446764091858,0.5459115940989072,0.019974066982552056,175
0.05395321846008301,0.004133565926124758,0.0077745914459228516,0.00015709233547258502,entropy,10,,1,10,random,"{'criterion': 'entropy', 'max_depth': 10, 'max_features': None, 'min_samples_leaf': 1, 'min_samples_split': 10, 'splitter': 'random'}",0.5377574370709383,0.5316455696202531,0.577560975609756,0.5302013422818792,0.5513626834381551,0.5457056016041963,0.017595495468335647,176
0.06629137992858887,0.005102833837632644,0.008578968048095704,0.001397295032699015,gini,15,,4,5,random,"{'criterion': 'gini', 'max_depth': 15, 'max_features': None, 'min_samples_leaf': 4, 'min_samples_split': 5, 'splitter': 'random'}",0.4983240223463687,0.5957873620862588,0.5302013422818792,0.5544147843942505,0.5496342737722049,0.5456723569761925,0.03188999105340088,177
0.0648423671722412,0.008102537986187368,0.00785984992980957,0.0005551158221875583,gini,15,,4,2,random,"{'criterion': 'gini', 'max_depth': 15, 'max_features': None, 'min_samples_leaf': 4, 'min_samples_split': 2, 'splitter': 'random'}",0.4983240223463687,0.5957873620862588,0.5302013422818792,0.5544147843942505,0.5496342737722049,0.5456723569761925,0.03188999105340088,177
0.08638834953308105,0.00944905646573559,0.008757829666137695,0.0009592257095756082,entropy,,,1,20,random,"{'criterion': 'entropy', 'max_depth': None, 'max_features': None, 'min_samples_leaf': 1, 'min_samples_split': 20, 'splitter': 'random'}",0.5204386839481555,0.5578635014836796,0.5628042843232717,0.5399811853245532,0.5454545454545454,0.5453084401068411,0.01490395848559909,179
0.7597172260284424,0.018496260880376772,0.011782217025756835,0.0060376450684495805,entropy,15,,1,5,best,"{'criterion': 'entropy', 'max_depth': 15, 'max_features': None, 'min_samples_leaf': 1, 'min_samples_split': 5, 'splitter': 'best'}",0.5271794871794871,0.5656192236598891,0.5747800586510264,0.5264187866927593,0.5325325325325325,0.5453060177431389,0.020638827260806892,180
0.6814166069030761,0.03145509329691478,0.007823801040649414,0.000639520489845576,gini,20,,1,2,best,"{'criterion': 'gini', 'max_depth': 20, 'max_features': None, 'min_samples_leaf': 1, 'min_samples_split': 2, 'splitter': 'best'}",0.5353440150801131,0.5432780847145487,0.5754884547069272,0.5109628217349858,0.5613382899628253,0.5452823332398801,0.022139645752819615,181
0.08056473731994629,0.002452633989642193,0.007490110397338867,0.00043443833514282185,gini,20,,1,5,random,"{'criterion': 'gini', 'max_depth': 20, 'max_features': None, 'min_samples_leaf': 1, 'min_samples_split': 5, 'splitter': 'random'}",0.5318940137389597,0.5735567970204841,0.5735707591377694,0.5142314990512334,0.5326829268292683,0.545187199155543,0.024090585439795233,182
0.07318320274353027,0.005444474821817687,0.008125066757202148,0.0005473673743151631,gini,,,4,20,random,"{'criterion': 'gini', 'max_depth': None, 'max_features': None, 'min_samples_leaf': 4, 'min_samples_split': 20, 'splitter': 'random'}",0.5101214574898786,0.5514485514485514,0.5526057030481809,0.5756676557863502,0.5360406091370559,0.5451767953820034,0.02161741323702558,183
0.05277400016784668,0.0036655190186501607,0.008849334716796876,0.002300801228890212,gini,10,,1,5,random,"{'criterion': 'gini', 'max_depth': 10, 'max_features': None, 'min_samples_leaf': 1, 'min_samples_split': 5, 'splitter': 'random'}",0.5448648648648649,0.5599128540305011,0.5049833887043189,0.5916069600818833,0.5231116121758738,0.5448959359714883,0.02991653977127997,184
0.7600403785705566,0.024266467690996874,0.009879398345947265,0.0029061283480153344,gini,25,,2,10,best,"{'criterion': 'gini', 'max_depth': 25, 'max_features': None, 'min_samples_leaf': 2, 'min_samples_split': 10, 'splitter': 'best'}",0.5292425695110259,0.5435801312089972,0.5641509433962264,0.5299313052011776,0.5575642245480494,0.5448938347730954,0.014155848417674083,185
0.8131104946136475,0.021250702654303993,0.00802922248840332,0.00013597528067231437,entropy,20,,1,10,best,"{'criterion': 'entropy', 'max_depth': 20, 'max_features': None, 'min_samples_leaf': 1, 'min_samples_split': 10, 'splitter': 'best'}",0.5380906460945034,0.5580524344569289,0.5527544351073763,0.5279383429672447,0.5472061657032755,0.5448084048658658,0.010714665135363701,186
0.07720990180969238,0.0058011740076063184,0.006383752822875977,0.00109960685042808,entropy,10,sqrt,1,20,best,"{'criterion': 'entropy', 'max_depth': 10, 'max_features': 'sqrt', 'min_samples_leaf': 1, 'min_samples_split': 20, 'splitter': 'best'}",0.5169769989047097,0.6245551601423488,0.49327354260089684,0.5578947368421052,0.5311827956989247,0.544776646837797,0.04504859249848347,187
0.7723097324371337,0.016405172774909448,0.008833360671997071,0.001368599462513042,entropy,20,,4,5,best,"{'criterion': 'entropy', 'max_depth': 20, 'max_features': None, 'min_samples_leaf': 4, 'min_samples_split': 5, 'splitter': 'best'}",0.5228377065111759,0.567191844300278,0.5567010309278351,0.5434995112414467,0.5334645669291339,0.5447389319819739,0.01584636381636813,188
0.7687362194061279,0.02725291252891281,0.009116506576538086,0.0011978823231313983,entropy,20,,4,2,best,"{'criterion': 'entropy', 'max_depth': 20, 'max_features': None, 'min_samples_leaf': 4, 'min_samples_split': 2, 'splitter': 'best'}",0.5228377065111759,0.567191844300278,0.5567010309278351,0.5434995112414467,0.5334645669291339,0.5447389319819739,0.01584636381636813,188
0.07333378791809082,0.003950753034458885,0.00809016227722168,0.0010185983671887227,gini,25,,4,20,random,"{'criterion': 'gini', 'max_depth': 25, 'max_features': None, 'min_samples_leaf': 4, 'min_samples_split': 20, 'splitter': 'random'}",0.5101214574898786,0.5485485485485485,0.541871921182266,0.5868498527968596,0.5360406091370559,0.5446864778309217,0.024779342947394783,190
0.741966724395752,0.013890900799551683,0.009070158004760742,0.002089013571150281,entropy,15,,2,5,best,"{'criterion': 'entropy', 'max_depth': 15, 'max_features': None, 'min_samples_leaf': 2, 'min_samples_split': 5, 'splitter': 'best'}",0.5318039624608968,0.5662878787878788,0.5600794438927508,0.5320197044334976,0.5313131313131313,0.544300824177631,0.01554395722734647,191
0.6658726692199707,0.019146859670451245,0.008879995346069336,0.001326803257945995,entropy,15,,1,2,best,"{'criterion': 'entropy', 'max_depth': 15, 'max_features': None, 'min_samples_leaf': 1, 'min_samples_split': 2, 'splitter': 'best'}",0.5349544072948328,0.5668849391955099,0.5555555555555556,0.5264187866927593,0.5349544072948328,0.5437536192066981,0.01503124974733252,192
0.7837862968444824,0.022277987567700774,0.007540369033813476,0.0007935153958055837,gini,,,2,10,best,"{'criterion': 'gini', 'max_depth': None, 'max_features': None, 'min_samples_leaf': 2, 'min_samples_split': 10, 'splitter': 'best'}",0.5259042033235581,0.541089566020314,0.5641986879100281,0.5299313052011776,0.5575642245480494,0.5437375974006254,0.0150032500605934,193
0.07606134414672852,0.0031629308157688626,0.008189249038696288,0.0010240256038178935,gini,25,,1,20,random,"{'criterion': 'gini', 'max_depth': 25, 'max_features': None, 'min_samples_leaf': 1, 'min_samples_split': 20, 'splitter': 'random'}",0.5430861723446894,0.5579150579150579,0.5491329479768786,0.5372549019607843,0.5312190287413281,0.5437216217877476,0.009265777619009787,194
0.7998505592346191,0.02505040810031836,0.007999229431152343,0.00048354225426847574,entropy,20,,2,2,best,"{'criterion': 'entropy', 'max_depth': 20, 'max_features': None, 'min_samples_leaf': 2, 'min_samples_split': 2, 'splitter': 'best'}",0.5341246290801187,0.549662487945998,0.5553470919324578,0.5314009661835749,0.5445829338446788,0.5430236217973657,0.00908462557147246,195
0.7609895706176758,0.022742611603226826,0.007469749450683594,6.501768637475504e-05,gini,20,,2,5,best,"{'criterion': 'gini', 'max_depth': 20, 'max_features': None, 'min_samples_leaf': 2, 'min_samples_split': 5, 'splitter': 'best'}",0.5188118811881188,0.5454545454545454,0.5640535372848948,0.5236220472440944,0.5623800383877159,0.5428644099118738,0.018896244784676268,196
0.9309309959411621,0.021104436709546367,0.011977005004882812,0.002081743537670301,entropy,,,4,10,best,"{'criterion': 'entropy', 'max_depth': None, 'max_features': None, 'min_samples_leaf': 4, 'min_samples_split': 10, 'splitter': 'best'}",0.5365853658536586,0.5740913327120224,0.5427230046948357,0.5188770571151985,0.5419847328244275,0.5428522986400286,0.017836666111371094,197
0.7787819385528565,0.025051310742751028,0.008975839614868164,0.0008936051955126392,gini,25,,1,5,best,"{'criterion': 'gini', 'max_depth': 25, 'max_features': None, 'min_samples_leaf': 1, 'min_samples_split': 5, 'splitter': 'best'}",0.5407407407407407,0.5381165919282511,0.5727190605239386,0.5122873345935728,0.5499092558983666,0.5427545967369739,0.019508352082377653,198
0.07520427703857421,0.0061474671289500704,0.008405160903930665,0.0006879597477741936,entropy,25,,8,2,random,"{'criterion': 'entropy', 'max_depth': 25, 'max_features': None, 'min_samples_leaf': 8, 'min_samples_split': 2, 'splitter': 'random'}",0.5420944558521561,0.5666003976143141,0.5465116279069767,0.5233265720081136,0.5349301397205589,0.5426926386204239,0.014295624275335731,199
0.07813048362731934,0.009854929166026698,0.007890796661376953,0.00017914858973446744,entropy,25,,8,5,random,"{'criterion': 'entropy', 'max_depth': 25, 'max_features': None, 'min_samples_leaf': 8, 'min_samples_split': 5, 'splitter': 'random'}",0.5420944558521561,0.5666003976143141,0.5465116279069767,0.5233265720081136,0.5349301397205589,0.5426926386204239,0.014295624275335731,199
0.07437214851379395,0.009428742011192892,0.008470296859741211,0.00026503006471263225,entropy,25,,8,10,random,"{'criterion': 'entropy', 'max_depth': 25, 'max_features': None, 'min_samples_leaf': 8, 'min_samples_split': 10, 'splitter': 'random'}",0.5420944558521561,0.5666003976143141,0.5465116279069767,0.5233265720081136,0.5349301397205589,0.5426926386204239,0.014295624275335731,199
0.7883612632751464,0.019706926721053734,0.008896160125732421,0.0018987953654546206,gini,25,,1,10,best,"{'criterion': 'gini', 'max_depth': 25, 'max_features': None, 'min_samples_leaf': 1, 'min_samples_split': 10, 'splitter': 'best'}",0.5390334572490706,0.5390199637023594,0.5596412556053811,0.524904214559387,0.5501379944802208,0.5425473771192837,0.011712297955574246,202
0.7306265830993652,0.01464756415571301,0.008364391326904298,0.001181188602101541,entropy,20,,8,2,best,"{'criterion': 'entropy', 'max_depth': 20, 'max_features': None, 'min_samples_leaf': 8, 'min_samples_split': 2, 'splitter': 'best'}",0.5377643504531722,0.5590994371482176,0.5633802816901409,0.5188199389623601,0.532520325203252,0.5423168666914286,0.01669805596157401,203
0.741340446472168,0.012115347264022414,0.00838160514831543,0.0005675543333586682,entropy,20,,8,5,best,"{'criterion': 'entropy', 'max_depth': 20, 'max_features': None, 'min_samples_leaf': 8, 'min_samples_split': 5, 'splitter': 'best'}",0.5377643504531722,0.5590994371482176,0.5633802816901409,0.5188199389623601,0.532520325203252,0.5423168666914286,0.01669805596157401,203
0.7407236099243164,0.006617297981040715,0.007938671112060546,0.00011845170575625125,entropy,20,,8,10,best,"{'criterion': 'entropy', 'max_depth': 20, 'max_features': None, 'min_samples_leaf': 8, 'min_samples_split': 10, 'splitter': 'best'}",0.5377643504531722,0.5590994371482176,0.5633802816901409,0.5188199389623601,0.532520325203252,0.5423168666914286,0.01669805596157401,203
0.08666596412658692,0.0032292694077907243,0.006492042541503906,0.0006960003530297276,entropy,15,sqrt,2,5,best,"{'criterion': 'entropy', 'max_depth': 15, 'max_features': 'sqrt', 'min_samples_leaf': 2, 'min_samples_split': 5, 'splitter': 'best'}",0.5365853658536586,0.5395833333333333,0.5705882352941176,0.5285996055226825,0.5357142857142857,0.5422141651436154,0.01463760349670664,206
0.08234806060791015,0.009705867437461959,0.010197162628173828,0.0014739209954368919,gini,15,,2,2,random,"{'criterion': 'gini', 'max_depth': 15, 'max_features': None, 'min_samples_leaf': 2, 'min_samples_split': 2, 'splitter': 'random'}",0.5298969072164949,0.5742574257425742,0.5291113381001021,0.5439093484419264,0.5334665334665335,0.5421283105935262,0.016908739282052502,207
0.7246732711791992,0.010517723241679355,0.008127117156982422,0.00031335064964962576,entropy,15,,4,2,best,"{'criterion': 'entropy', 'max_depth': 15, 'max_features': None, 'min_samples_leaf': 4, 'min_samples_split': 2, 'splitter': 'best'}",0.5220061412487206,0.5724976613657624,0.5589692765113974,0.5324027916251246,0.5243523316062176,0.5420456404714444,0.02010648788292778,208
0.7235416412353516,0.022257574380378075,0.008439016342163087,0.0008316214667901541,entropy,15,,4,5,best,"{'criterion': 'entropy', 'max_depth': 15, 'max_features': None, 'min_samples_leaf': 4, 'min_samples_split': 5, 'splitter': 'best'}",0.5220061412487206,0.5724976613657624,0.5589692765113974,0.5324027916251246,0.5243523316062176,0.5420456404714444,0.02010648788292778,208
0.07494516372680664,0.00394469542672385,0.00918407440185547,0.0018064368489382455,gini,20,,2,10,random,"{'criterion': 'gini', 'max_depth': 20, 'max_features': None, 'min_samples_leaf': 2, 'min_samples_split': 10, 'splitter': 'random'}",0.5447154471544715,0.5546719681908548,0.5567410281280311,0.5307769929364279,0.522488038277512,0.5418786949374594,0.013355517994956273,210
0.8046638488769531,0.01927006044942611,0.0074923992156982425,0.00029515652350664415,gini,,,1,10,best,"{'criterion': 'gini', 'max_depth': None, 'max_features': None, 'min_samples_leaf': 1, 'min_samples_split': 10, 'splitter': 'best'}",0.5276995305164319,0.5342960288808665,0.5609318996415771,0.527831094049904,0.5585253456221199,0.5418567797421798,0.014805497668336465,211
0.06828341484069825,0.007603504303579336,0.01031804084777832,0.0025672523038935387,gini,20,,4,20,random,"{'criterion': 'gini', 'max_depth': 20, 'max_features': None, 'min_samples_leaf': 4, 'min_samples_split': 20, 'splitter': 'random'}",0.49269311064718163,0.5609284332688588,0.5432835820895522,0.565922920892495,0.54638124362895,0.5418418581054075,0.02600953249143857,212
0.9132041931152344,0.017260052528301876,0.008262348175048829,0.0004456189404739268,entropy,,,1,10,best,"{'criterion': 'entropy', 'max_depth': None, 'max_features': None, 'min_samples_leaf': 1, 'min_samples_split': 10, 'splitter': 'best'}",0.5296367112810707,0.5606773283160865,0.5589600742804085,0.5229615745079662,0.5348189415041783,0.541410925977942,0.01550246319711989,213
0.08606538772583008,0.011074517116167354,0.00829615592956543,0.0009571628494711797,entropy,20,,1,10,random,"{'criterion': 'entropy', 'max_depth': 20, 'max_features': None, 'min_samples_leaf': 1, 'min_samples_split': 10, 'splitter': 'random'}",0.5382323733862959,0.5666973321067157,0.5588516746411484,0.5239852398523985,0.5188118811881188,0.5413157002349355,0.018804314760543735,214
0.8229081153869628,0.013207780956038117,0.008444118499755859,0.0007019467217902893,entropy,25,,1,10,best,"{'criterion': 'entropy', 'max_depth': 25, 'max_features': None, 'min_samples_leaf': 1, 'min_samples_split': 10, 'splitter': 'best'}",0.5324298160696999,0.5500945179584121,0.5608170844939647,0.5287569573283859,0.5338345864661654,0.5411865924633257,0.012246928664518025,215
0.07890143394470214,0.007444909129248572,0.009252977371215821,0.0014363357661430637,entropy,25,,8,20,random,"{'criterion': 'entropy', 'max_depth': 25, 'max_features': None, 'min_samples_leaf': 8, 'min_samples_split': 20, 'splitter': 'random'}",0.5242914979757085,0.5507246376811594,0.5504782146652497,0.5583657587548638,0.5204081632653061,0.5408536544684575,0.015421189340213276,216
0.7925062656402588,0.0725596359894309,0.007827520370483398,0.00041706455119687273,gini,20,,1,5,best,"{'criterion': 'gini', 'max_depth': 20, 'max_features': None, 'min_samples_leaf': 1, 'min_samples_split': 5, 'splitter': 'best'}",0.5178743961352656,0.5427509293680297,0.581981981981982,0.5129186602870813,0.5486561631139945,0.5408364261772707,0.02475652175348939,217
0.8016072273254394,0.020490548692457335,0.009052133560180664,0.0008849594162521038,gini,,,2,5,best,"{'criterion': 'gini', 'max_depth': None, 'max_features': None, 'min_samples_leaf': 2, 'min_samples_split': 5, 'splitter': 'best'}",0.5290697674418605,0.5449438202247191,0.5498084291187739,0.5284872298624754,0.5513928914505284,0.5407404276196714,0.009997172705425317,218
0.10350570678710938,0.04803407025370529,0.007935380935668946,0.0014079277715922088,gini,15,,2,5,random,"{'criterion': 'gini', 'max_depth': 15, 'max_features': None, 'min_samples_leaf': 2, 'min_samples_split': 5, 'splitter': 'random'}",0.5501022494887525,0.572289156626506,0.5529290853031861,0.49724972497249725,0.530938123752495,0.5407016680286875,0.0253734043955513,219
0.7985894680023193,0.01335444826152191,0.008932542800903321,0.001400019479148849,entropy,20,,1,5,best,"{'criterion': 'entropy', 'max_depth': 20, 'max_features': None, 'min_samples_leaf': 1, 'min_samples_split': 5, 'splitter': 'best'}",0.5371980676328503,0.5469767441860465,0.5544373284537969,0.5261158594491928,0.5386100386100386,0.540667607666385,0.009564884618535652,220
0.8924172401428223,0.017502528687557473,0.008177042007446289,0.0013046538530648243,gini,20,,1,10,best,"{'criterion': 'gini', 'max_depth': 20, 'max_features': None, 'min_samples_leaf': 1, 'min_samples_split': 10, 'splitter': 'best'}",0.5205741626794258,0.5493885230479775,0.5623293903548681,0.5224022878932316,0.5481758652946679,0.5405740458540341,0.016364509132537283,221
0.08378658294677735,0.004708878222731881,0.009016609191894532,0.00047976590052062004,entropy,,,8,10,random,"{'criterion': 'entropy', 'max_depth': None, 'max_features': None, 'min_samples_leaf': 8, 'min_samples_split': 10, 'splitter': 'random'}",0.5420944558521561,0.5666003976143141,0.5526057030481809,0.5233265720081136,0.5181451612903226,0.5405544579626175,0.018027599428433287,222
0.0851142406463623,0.007802124619145871,0.01002330780029297,0.00113662146579528,entropy,,,8,5,random,"{'criterion': 'entropy', 'max_depth': None, 'max_features': None, 'min_samples_leaf': 8, 'min_samples_split': 5, 'splitter': 'random'}",0.5420944558521561,0.5666003976143141,0.5526057030481809,0.5233265720081136,0.5181451612903226,0.5405544579626175,0.018027599428433287,222
0.08296294212341308,0.00644643800912896,0.010546875,0.0022046231437158406,entropy,,,8,2,random,"{'criterion': 'entropy', 'max_depth': None, 'max_features': None, 'min_samples_leaf': 8, 'min_samples_split': 2, 'splitter': 'random'}",0.5420944558521561,0.5666003976143141,0.5526057030481809,0.5233265720081136,0.5181451612903226,0.5405544579626175,0.018027599428433287,222
0.06776981353759766,0.009000408716887813,0.008269977569580079,0.0007076342054017646,entropy,15,,8,2,random,"{'criterion': 'entropy', 'max_depth': 15, 'max_features': None, 'min_samples_leaf': 8, 'min_samples_split': 2, 'splitter': 'random'}",0.5153508771929824,0.5720122574055159,0.5454545454545454,0.5472837022132797,0.5195094760312151,0.5399221716595077,0.02066397614043486,225
0.06228413581848145,0.0015858793883131923,0.008906888961791991,0.0010751820781741976,entropy,15,,8,10,random,"{'criterion': 'entropy', 'max_depth': 15, 'max_features': None, 'min_samples_leaf': 8, 'min_samples_split': 10, 'splitter': 'random'}",0.5153508771929824,0.5720122574055159,0.5454545454545454,0.5472837022132797,0.5195094760312151,0.5399221716595077,0.02066397614043486,225
0.0658956527709961,0.007119671079894611,0.007749509811401367,0.00035424150003914116,entropy,15,,8,5,random,"{'criterion': 'entropy', 'max_depth': 15, 'max_features': None, 'min_samples_leaf': 8, 'min_samples_split': 5, 'splitter': 'random'}",0.5153508771929824,0.5720122574055159,0.5454545454545454,0.5472837022132797,0.5195094760312151,0.5399221716595077,0.02066397614043486,225
0.06798624992370605,0.0012658919898478622,0.0074233531951904295,0.0003014195285934717,gini,20,,4,10,random,"{'criterion': 'gini', 'max_depth': 20, 'max_features': None, 'min_samples_leaf': 4, 'min_samples_split': 10, 'splitter': 'random'}",0.5562248995983936,0.5577841451766953,0.544256120527307,0.5284147557328016,0.5129224652087475,0.539920477248789,0.01711734152460032,228
0.8051057815551758,0.009440677083059578,0.008770418167114259,0.0009294685898923942,entropy,20,,2,5,best,"{'criterion': 'entropy', 'max_depth': 20, 'max_features': None, 'min_samples_leaf': 2, 'min_samples_split': 5, 'splitter': 'best'}",0.5193260654112983,0.5578747628083491,0.555765595463138,0.5344995140913509,0.5307692307692308,0.5396470337086734,0.014901759875591022,229
0.0738828182220459,0.008402839617227806,0.006872844696044922,0.0011701639765207181,gini,25,,1,2,random,"{'criterion': 'gini', 'max_depth': 25, 'max_features': None, 'min_samples_leaf': 1, 'min_samples_split': 2, 'splitter': 'random'}",0.5188042430086789,0.5332120109190173,0.5471014492753623,0.5385996409335727,0.5580969807868252,0.5391628649846913,0.013203978460703347,230
0.8242260932922363,0.016558516867727652,0.008461284637451171,0.0008720789177404682,entropy,25,,4,2,best,"{'criterion': 'entropy', 'max_depth': 25, 'max_features': None, 'min_samples_leaf': 4, 'min_samples_split': 2, 'splitter': 'best'}",0.5202312138728323,0.5735430157261795,0.5440900562851783,0.5296367112810707,0.5271317829457365,0.5389265560221995,0.018973111092936194,231
0.8087821483612061,0.017557635930725474,0.008745861053466798,0.0006413109213171387,entropy,25,,4,5,best,"{'criterion': 'entropy', 'max_depth': 25, 'max_features': None, 'min_samples_leaf': 4, 'min_samples_split': 5, 'splitter': 'best'}",0.5202312138728323,0.5735430157261795,0.5440900562851783,0.5296367112810707,0.5271317829457365,0.5389265560221995,0.018973111092936194,231
0.08032007217407226,0.011797189005088898,0.008023881912231445,0.0003988712929740709,entropy,25,,1,2,random,"{'criterion': 'entropy', 'max_depth': 25, 'max_features': None, 'min_samples_leaf': 1, 'min_samples_split': 2, 'splitter': 'random'}",0.5369649805447471,0.6037037037037037,0.5251396648044693,0.5114995400183993,0.5167910447761194,0.5388197867694877,0.03356238989162158,233
0.07074856758117676,0.00777936949994267,0.006429004669189453,0.0008008012860187771,gini,20,,1,2,random,"{'criterion': 'gini', 'max_depth': 20, 'max_features': None, 'min_samples_leaf': 1, 'min_samples_split': 2, 'splitter': 'random'}",0.5209756097560976,0.559576345984113,0.5281954887218046,0.5296981499513145,0.5554569653948536,0.5387805119616367,0.015634048554509325,234
0.7980716705322266,0.02515049866765719,0.008519172668457031,0.000789536852633024,gini,,,1,5,best,"{'criterion': 'gini', 'max_depth': None, 'max_features': None, 'min_samples_leaf': 1, 'min_samples_split': 5, 'splitter': 'best'}",0.5282296650717704,0.5264100268576545,0.5716862037871957,0.5122873345935728,0.5545454545454546,0.5386317369711296,0.02143569461462667,235
0.8785670757293701,0.023519054516705936,0.010246086120605468,0.0025329818988461586,entropy,,,2,10,best,"{'criterion': 'entropy', 'max_depth': None, 'max_features': None, 'min_samples_leaf': 2, 'min_samples_split': 10, 'splitter': 'best'}",0.533462657613967,0.55311004784689,0.5440900562851783,0.5189393939393939,0.5424044734389561,0.5384013258248771,0.011557599967151938,236
0.9262331485748291,0.016911787254234423,0.010729169845581055,0.0025119690462250166,entropy,,,4,5,best,"{'criterion': 'entropy', 'max_depth': None, 'max_features': None, 'min_samples_leaf': 4, 'min_samples_split': 5, 'splitter': 'best'}",0.5222437137330754,0.574585635359116,0.5406922357343311,0.5177372962607862,0.5361216730038023,0.5382761108182222,0.020038670085675746,237
0.8855513095855713,0.01454792407826381,0.009900617599487304,0.0014613072803332193,entropy,,,4,2,best,"{'criterion': 'entropy', 'max_depth': None, 'max_features': None, 'min_samples_leaf': 4, 'min_samples_split': 2, 'splitter': 'best'}",0.5222437137330754,0.574585635359116,0.5406922357343311,0.5177372962607862,0.5361216730038023,0.5382761108182222,0.020038670085675746,237
0.7162026405334473,0.028450144636287634,0.008678388595581055,0.001139062385532529,gini,25,,1,2,best,"{'criterion': 'gini', 'max_depth': 25, 'max_features': None, 'min_samples_leaf': 1, 'min_samples_split': 2, 'splitter': 'best'}",0.519742883379247,0.5438282647584973,0.5622775800711743,0.5271028037383177,0.5380434782608695,0.5381990020416212,0.01466454662901749,239
0.0680272102355957,0.0036367478559177478,0.007769536972045898,0.0009312406098727978,gini,20,,1,20,random,"{'criterion': 'gini', 'max_depth': 20, 'max_features': None, 'min_samples_leaf': 1, 'min_samples_split': 20, 'splitter': 'random'}",0.5229268292682927,0.549800796812749,0.5319148936170213,0.54296875,0.5411298315163529,0.5377482202428832,0.00935580202513861,240
0.7327369213104248,0.015301599831786942,0.00864710807800293,0.000950695303614202,entropy,20,,1,2,best,"{'criterion': 'entropy', 'max_depth': 20, 'max_features': None, 'min_samples_leaf': 1, 'min_samples_split': 2, 'splitter': 'best'}",0.5330739299610895,0.5498602050326188,0.5416285452881976,0.5310410697230181,0.5330776605944392,0.5377362821198727,0.007076798295478633,241
0.08369922637939453,0.004578620871907456,0.009256696701049805,0.001196418454221217,entropy,20,,2,10,random,"{'criterion': 'entropy', 'max_depth': 20, 'max_features': None, 'min_samples_leaf': 2, 'min_samples_split': 10, 'splitter': 'random'}",0.5183714001986097,0.5784037558685446,0.5302593659942363,0.5505154639175258,0.5109211775878443,0.537694232713352,0.024360192221701854,242
0.7761331558227539,0.017000819968282687,0.00802755355834961,0.0005106266987204538,gini,25,,2,5,best,"{'criterion': 'gini', 'max_depth': 25, 'max_features': None, 'min_samples_leaf': 2, 'min_samples_split': 5, 'splitter': 'best'}",0.5106796116504855,0.5502347417840375,0.5547024952015355,0.5284872298624754,0.5433526011560693,0.5374913359309207,0.016080518096113383,243
0.0708761215209961,0.00433480852465802,0.008679676055908202,0.0010550444201199982,entropy,15,,1,5,random,"{'criterion': 'entropy', 'max_depth': 15, 'max_features': None, 'min_samples_leaf': 1, 'min_samples_split': 5, 'splitter': 'random'}",0.5322245322245323,0.5528134254689042,0.5491803278688525,0.5261044176706827,0.526775956284153,0.537419731903425,0.011345429162200812,244
0.759961462020874,0.025633446837247272,0.008416891098022461,0.0010325215511711036,gini,25,,2,2,best,"{'criterion': 'gini', 'max_depth': 25, 'max_features': None, 'min_samples_leaf': 2, 'min_samples_split': 2, 'splitter': 'best'}",0.5315227934044617,0.5353159851301115,0.5517241379310345,0.5079681274900398,0.5580524344569289,0.5369166956825152,0.017525158235723013,245
0.832961893081665,0.008224605831097668,0.008526182174682618,0.0006636783193837006,entropy,25,,4,10,best,"{'criterion': 'entropy', 'max_depth': 25, 'max_features': None, 'min_samples_leaf': 4, 'min_samples_split': 10, 'splitter': 'best'}",0.524975514201763,0.5716963448922212,0.5393258426966292,0.5238095238095238,0.5241379310344828,0.536789031326924,0.018401266766946086,246
0.0810591697692871,0.0011960380542358523,0.008146047592163086,0.001100873638367338,entropy,20,,1,5,random,"{'criterion': 'entropy', 'max_depth': 20, 'max_features': None, 'min_samples_leaf': 1, 'min_samples_split': 5, 'splitter': 'random'}",0.5399610136452242,0.5473098330241187,0.5108910891089109,0.5365402405180388,0.548418024928092,0.5366240402448769,0.01361331282284857,247
0.804678201675415,0.014070450704402538,0.008584547042846679,0.0013566038386457345,entropy,25,,2,10,best,"{'criterion': 'entropy', 'max_depth': 25, 'max_features': None, 'min_samples_leaf': 2, 'min_samples_split': 10, 'splitter': 'best'}",0.5335968379446641,0.5507246376811594,0.5418994413407822,0.5216572504708098,0.5341018251681076,0.5363959985211046,0.009653258604687711,248
0.07331409454345703,0.0075337054549138565,0.007048749923706054,0.0007895646512018142,gini,,,1,2,random,"{'criterion': 'gini', 'max_depth': None, 'max_features': None, 'min_samples_leaf': 1, 'min_samples_split': 2, 'splitter': 'random'}",0.5246853823814134,0.5632730732635585,0.5251396648044693,0.5350553505535055,0.5335753176043557,0.5363457577214604,0.014113551522847136,249
0.06722602844238282,0.00586174201101693,0.007863950729370118,0.0005424341024760819,gini,20,,8,2,random,"{'criterion': 'gini', 'max_depth': 20, 'max_features': None, 'min_samples_leaf': 8, 'min_samples_split': 2, 'splitter': 'random'}",0.5349544072948328,0.5522682445759369,0.5491388044579534,0.5364372469635628,0.5084388185654009,0.5362475043715373,0.015478248241841342,250
0.06764702796936035,0.0030528497731635612,0.007738971710205078,0.0004110560776141619,gini,20,,8,5,random,"{'criterion': 'gini', 'max_depth': 20, 'max_features': None, 'min_samples_leaf': 8, 'min_samples_split': 5, 'splitter': 'random'}",0.5349544072948328,0.5522682445759369,0.5491388044579534,0.5364372469635628,0.5084388185654009,0.5362475043715373,0.015478248241841342,250
0.06472868919372558,0.003806104962302609,0.007928609848022461,0.0005425126623637547,gini,20,,8,10,random,"{'criterion': 'gini', 'max_depth': 20, 'max_features': None, 'min_samples_leaf': 8, 'min_samples_split': 10, 'splitter': 'random'}",0.5349544072948328,0.5522682445759369,0.5491388044579534,0.5364372469635628,0.5084388185654009,0.5362475043715373,0.015478248241841342,250
0.7846305847167969,0.02718491775625118,0.009809494018554688,0.002635461429484409,entropy,,,1,2,best,"{'criterion': 'entropy', 'max_depth': None, 'max_features': None, 'min_samples_leaf': 1, 'min_samples_split': 2, 'splitter': 'best'}",0.5216554379210779,0.5493087557603686,0.5504587155963303,0.5255338904363974,0.5333333333333333,0.5360580266095015,0.011904432980130998,253
0.09976162910461425,0.004463538309551081,0.006785249710083008,0.0005667912119109429,entropy,20,sqrt,4,20,best,"{'criterion': 'entropy', 'max_depth': 20, 'max_features': 'sqrt', 'min_samples_leaf': 4, 'min_samples_split': 20, 'splitter': 'best'}",0.5523255813953488,0.5816135084427767,0.4884422110552764,0.5552178318135765,0.5020491803278688,0.5359296626069694,0.035016620422155205,254
0.7530981540679932,0.02016775179272734,0.009634637832641601,0.0026222817205147826,entropy,25,,1,2,best,"{'criterion': 'entropy', 'max_depth': 25, 'max_features': None, 'min_samples_leaf': 1, 'min_samples_split': 2, 'splitter': 'best'}",0.5319351763584366,0.5550416281221091,0.542649727767695,0.5308755760368664,0.5181058495821727,0.535721591573456,0.012404822094911951,255
0.8217477798461914,0.018491471400088704,0.00907120704650879,0.0020892996693757803,entropy,25,,1,5,best,"{'criterion': 'entropy', 'max_depth': 25, 'max_features': None, 'min_samples_leaf': 1, 'min_samples_split': 5, 'splitter': 'best'}",0.5206532180595581,0.5573159366262814,0.5469613259668509,0.5273909006499535,0.5238540692235735,0.5352350901052436,0.014344046342952969,256
0.06800918579101563,0.0023919493701854816,0.008283472061157227,0.000812438077548579,gini,25,,8,2,random,"{'criterion': 'gini', 'max_depth': 25, 'max_features': None, 'min_samples_leaf': 8, 'min_samples_split': 2, 'splitter': 'random'}",0.5512953367875648,0.5566801619433198,0.5330700888450148,0.5217391304347826,0.5126646403242148,0.5350898716669794,0.016816483276027996,257
0.06789593696594239,0.00470050378975964,0.00731816291809082,0.0007008743990760701,gini,25,,8,10,random,"{'criterion': 'gini', 'max_depth': 25, 'max_features': None, 'min_samples_leaf': 8, 'min_samples_split': 10, 'splitter': 'random'}",0.5512953367875648,0.5566801619433198,0.5330700888450148,0.5217391304347826,0.5126646403242148,0.5350898716669794,0.016816483276027996,257
0.0712435245513916,0.005757027916660512,0.008313369750976563,0.001430167946893442,gini,25,,8,5,random,"{'criterion': 'gini', 'max_depth': 25, 'max_features': None, 'min_samples_leaf': 8, 'min_samples_split': 5, 'splitter': 'random'}",0.5512953367875648,0.5566801619433198,0.5330700888450148,0.5217391304347826,0.5126646403242148,0.5350898716669794,0.016816483276027996,257
0.7803535461425781,0.019081185249167056,0.008446836471557617,0.0006228046699341134,gini,,,2,2,best,"{'criterion': 'gini', 'max_depth': None, 'max_features': None, 'min_samples_leaf': 2, 'min_samples_split': 2, 'splitter': 'best'}",0.5188770571151985,0.5427230046948357,0.5517241379310345,0.5079681274900398,0.5527544351073763,0.5348093524676969,0.018138639658409905,260
0.8121054172515869,0.010844970723286737,0.008052778244018555,0.00013306297893585695,entropy,25,,2,2,best,"{'criterion': 'entropy', 'max_depth': 25, 'max_features': None, 'min_samples_leaf': 2, 'min_samples_split': 2, 'splitter': 'best'}",0.5167652859960552,0.5503355704697986,0.5437616387337058,0.5260170293282876,0.5370892018779343,0.5347937452811563,0.01207722361530311,261
0.06464824676513672,0.001707934768789983,0.00844430923461914,0.0008737376514379199,entropy,15,,4,10,random,"{'criterion': 'entropy', 'max_depth': 15, 'max_features': None, 'min_samples_leaf': 4, 'min_samples_split': 10, 'splitter': 'random'}",0.5095541401273885,0.5694581280788177,0.547112462006079,0.5158469945355191,0.5317796610169492,0.5347502771529508,0.021718482935914243,262
0.09465727806091309,0.0045673001072893795,0.008736896514892577,0.0011089955713175133,entropy,,,1,10,random,"{'criterion': 'entropy', 'max_depth': None, 'max_features': None, 'min_samples_leaf': 1, 'min_samples_split': 10, 'splitter': 'random'}",0.5406427221172023,0.5509433962264151,0.5495750708215298,0.519774011299435,0.5124760076775432,0.5346822416284251,0.01572972342868962,263
0.734459638595581,0.03183304287376592,0.00843515396118164,0.0009014656933913405,gini,,,1,2,best,"{'criterion': 'gini', 'max_depth': None, 'max_features': None, 'min_samples_leaf': 1, 'min_samples_split': 2, 'splitter': 'best'}",0.5198156682027649,0.5336927223719676,0.5660377358490566,0.5126286248830683,0.54,0.5344349502613714,0.018544519255822962,264
0.8676831722259521,0.015623029834596345,0.00907292366027832,0.001690121884015237,entropy,,,1,5,best,"{'criterion': 'entropy', 'max_depth': None, 'max_features': None, 'min_samples_leaf': 1, 'min_samples_split': 5, 'splitter': 'best'}",0.5176695319961796,0.544256120527307,0.5500910746812386,0.5187265917602997,0.5405405405405406,0.5342567719011131,0.013464923977985491,265
0.07498416900634766,0.0023372582778643683,0.008057594299316406,0.0004336896998663911,entropy,20,,8,5,random,"{'criterion': 'entropy', 'max_depth': 20, 'max_features': None, 'min_samples_leaf': 8, 'min_samples_split': 5, 'splitter': 'random'}",0.5037037037037037,0.5644051130776795,0.5388496468213926,0.5399792315680166,0.5243296921549155,0.5342534774651415,0.019973984853642476,266
0.06970901489257812,0.0025170838006064525,0.008999919891357422,0.0018500612347576461,entropy,20,,8,2,random,"{'criterion': 'entropy', 'max_depth': 20, 'max_features': None, 'min_samples_leaf': 8, 'min_samples_split': 2, 'splitter': 'random'}",0.5037037037037037,0.5644051130776795,0.5388496468213926,0.5399792315680166,0.5243296921549155,0.5342534774651415,0.019973984853642476,266
0.06893186569213867,0.004238677416901677,0.008323001861572265,0.0003382776163370592,entropy,20,,8,10,random,"{'criterion': 'entropy', 'max_depth': 20, 'max_features': None, 'min_samples_leaf': 8, 'min_samples_split': 10, 'splitter': 'random'}",0.5037037037037037,0.5644051130776795,0.5388496468213926,0.5399792315680166,0.5243296921549155,0.5342534774651415,0.019973984853642476,266
0.07685184478759766,0.004594741539211484,0.00985093116760254,0.0028684488421529585,entropy,,,8,20,random,"{'criterion': 'entropy', 'max_depth': None, 'max_features': None, 'min_samples_leaf': 8, 'min_samples_split': 20, 'splitter': 'random'}",0.5220966084275437,0.5285714285714286,0.5540950455005056,0.5226130653266332,0.5431372549019607,0.5341026805456144,0.012554441160612495,269
0.10061330795288086,0.0029656592452027906,0.005758237838745117,0.000663561685960136,entropy,15,sqrt,1,5,best,"{'criterion': 'entropy', 'max_depth': 15, 'max_features': 'sqrt', 'min_samples_leaf': 1, 'min_samples_split': 5, 'splitter': 'best'}",0.5,0.5647517039922103,0.5526315789473685,0.5360824742268041,0.5164506480558325,0.533983281044443,0.023499438663273347,270
0.07573971748352051,0.003063628220791008,0.008235836029052734,0.0007505800026561705,gini,25,,4,5,random,"{'criterion': 'gini', 'max_depth': 25, 'max_features': None, 'min_samples_leaf': 4, 'min_samples_split': 5, 'splitter': 'random'}",0.5270684371807968,0.574199806013579,0.5168107588856868,0.5247225025227044,0.5231071779744346,0.5331817365154403,0.02078902947327262,271
0.07927045822143555,0.008232338580733295,0.008294820785522461,0.0006052440534730915,gini,25,,4,2,random,"{'criterion': 'gini', 'max_depth': 25, 'max_features': None, 'min_samples_leaf': 4, 'min_samples_split': 2, 'splitter': 'random'}",0.5270684371807968,0.574199806013579,0.5168107588856868,0.5247225025227044,0.5231071779744346,0.5331817365154403,0.02078902947327262,271
0.0776667594909668,0.003497931982172448,0.007698869705200196,0.0003483099967855768,gini,25,,4,10,random,"{'criterion': 'gini', 'max_depth': 25, 'max_features': None, 'min_samples_leaf': 4, 'min_samples_split': 10, 'splitter': 'random'}",0.5522682445759369,0.5258883248730964,0.5640535372848948,0.5295829291949563,0.49407114624505927,0.5331728364347887,0.024137713294541334,273
0.08163990974426269,0.0036780755722393426,0.007896327972412109,0.000519526209258634,gini,,,1,20,random,"{'criterion': 'gini', 'max_depth': None, 'max_features': None, 'min_samples_leaf': 1, 'min_samples_split': 20, 'splitter': 'random'}",0.547808764940239,0.5514563106796116,0.5422396856581533,0.5188866799204771,0.5050301810865191,0.533084324457,0.018037559339715663,274
0.09194016456604004,0.005144431427301826,0.006903266906738282,0.001328456501042112,entropy,15,sqrt,4,20,best,"{'criterion': 'entropy', 'max_depth': 15, 'max_features': 'sqrt', 'min_samples_leaf': 4, 'min_samples_split': 20, 'splitter': 'best'}",0.5383806519453207,0.563297350343474,0.4766050054406964,0.5483870967741935,0.537864077669903,0.5329068364347175,0.02962314927891203,275
0.08514246940612794,0.004753718560955964,0.00875096321105957,0.0007893715816985701,entropy,,,2,10,random,"{'criterion': 'entropy', 'max_depth': None, 'max_features': None, 'min_samples_leaf': 2, 'min_samples_split': 10, 'splitter': 'random'}",0.5187376725838264,0.5684608120868744,0.5478180129990715,0.5114885114885115,0.5174035747883349,0.5327817167893237,0.021845874054338292,276
0.08531265258789063,0.002208028576715744,0.005840969085693359,0.0006508941858979631,entropy,20,log2,1,20,best,"{'criterion': 'entropy', 'max_depth': 20, 'max_features': 'log2', 'min_samples_leaf': 1, 'min_samples_split': 20, 'splitter': 'best'}",0.5609514370664024,0.5637450199203188,0.5224171539961013,0.4924924924924925,0.5220061412487206,0.5323224489448071,0.026825224812001038,277
0.8072494506835938,0.013200432881075204,0.007836580276489258,0.0002991576158125146,entropy,25,,2,5,best,"{'criterion': 'entropy', 'max_depth': 25, 'max_features': None, 'min_samples_leaf': 2, 'min_samples_split': 5, 'splitter': 'best'}",0.5174129353233831,0.5500485908649174,0.543778801843318,0.5250236071765817,0.5244360902255639,0.5321400050867529,0.012514463965619983,278
0.865624475479126,0.018985218483959836,0.009937191009521484,0.0016557851607054642,entropy,,,2,2,best,"{'criterion': 'entropy', 'max_depth': None, 'max_features': None, 'min_samples_leaf': 2, 'min_samples_split': 2, 'splitter': 'best'}",0.514792899408284,0.5421455938697318,0.5429616087751371,0.5219047619047619,0.5378927911275416,0.5319395310170913,0.011452465146552916,279
0.07475552558898926,0.003195346970592382,0.0055694580078125,0.0004890681655544032,gini,15,sqrt,1,10,best,"{'criterion': 'gini', 'max_depth': 15, 'max_features': 'sqrt', 'min_samples_leaf': 1, 'min_samples_split': 10, 'splitter': 'best'}",0.48326359832635984,0.5756457564575646,0.5700389105058365,0.49606299212598426,0.5344827586206896,0.531898803207287,0.037482606736111285,280
0.09429903030395508,0.002581974418631101,0.008487939834594727,0.0008345584272157235,entropy,,,1,5,random,"{'criterion': 'entropy', 'max_depth': None, 'max_features': None, 'min_samples_leaf': 1, 'min_samples_split': 5, 'splitter': 'random'}",0.5499021526418787,0.5481481481481482,0.5381750465549349,0.5159474671669794,0.5072324011571842,0.531881043133825,0.017265155469309193,281
0.08293466567993164,0.0042365681210229465,0.00794515609741211,0.0003230409899665697,entropy,20,,2,5,random,"{'criterion': 'entropy', 'max_depth': 20, 'max_features': None, 'min_samples_leaf': 2, 'min_samples_split': 5, 'splitter': 'random'}",0.49105367793240556,0.5684007707129094,0.5371428571428571,0.5053868756121449,0.5570599613152805,0.5318088285431195,0.029543675117107492,282
0.10676541328430175,0.019597877945554926,0.00678720474243164,0.000847255657545373,gini,10,sqrt,1,20,best,"{'criterion': 'gini', 'max_depth': 10, 'max_features': 'sqrt', 'min_samples_leaf': 1, 'min_samples_split': 20, 'splitter': 'best'}",0.5460674157303371,0.5696846388606307,0.5754812563323202,0.43757431629013077,0.5293466223698782,0.5316308499166593,0.049862235492659904,283
0.08427295684814454,0.0038230191909000436,0.00857682228088379,0.001947210133746018,gini,25,,1,10,random,"{'criterion': 'gini', 'max_depth': 25, 'max_features': None, 'min_samples_leaf': 1, 'min_samples_split': 10, 'splitter': 'random'}",0.5172754195459033,0.5833333333333334,0.5244019138755981,0.5033492822966508,0.5294117647058824,0.5315543427514735,0.02733578178268555,284
0.08743777275085449,0.005426050158510922,0.008682346343994141,0.0015272195380493297,gini,,,1,10,random,"{'criterion': 'gini', 'max_depth': None, 'max_features': None, 'min_samples_leaf': 1, 'min_samples_split': 10, 'splitter': 'random'}",0.5252918287937743,0.5510009532888466,0.5191740412979351,0.5279091769157994,0.5293005671077504,0.5305353134808211,0.01080588952278067,285
0.08435883522033691,0.010941128748603462,0.00854191780090332,0.0004684584146572249,entropy,,,1,2,random,"{'criterion': 'entropy', 'max_depth': None, 'max_features': None, 'min_samples_leaf': 1, 'min_samples_split': 2, 'splitter': 'random'}",0.5290806754221389,0.5402843601895735,0.5489833641404805,0.527306967984934,0.5070159027128157,0.5305342540899884,0.014149737443896273,286
0.07579660415649414,0.0027843518810118082,0.007911968231201171,0.0004841042697807616,entropy,20,,4,10,random,"{'criterion': 'entropy', 'max_depth': 20, 'max_features': None, 'min_samples_leaf': 4, 'min_samples_split': 10, 'splitter': 'random'}",0.5004965243296922,0.5361216730038023,0.5321637426900585,0.52734375,0.5553435114503816,0.5302938402947869,0.01767217737307224,287
0.8585248470306397,0.014550060706480397,0.008755970001220702,0.0006704157037513711,entropy,,,2,5,best,"{'criterion': 'entropy', 'max_depth': None, 'max_features': None, 'min_samples_leaf': 2, 'min_samples_split': 5, 'splitter': 'best'}",0.5243296921549155,0.5404878048780488,0.5383903792784459,0.5208131655372701,0.5257352941176471,0.5299512671932655,0.007938748968578638,288
0.057715749740600585,0.010833486489393605,0.00737295150756836,0.0005710580704088788,entropy,15,,1,2,random,"{'criterion': 'entropy', 'max_depth': 15, 'max_features': None, 'min_samples_leaf': 1, 'min_samples_split': 2, 'splitter': 'random'}",0.4897959183673469,0.5477178423236515,0.5607476635514018,0.522633744855967,0.528032619775739,0.5297855577748212,0.024222350434485583,289
0.0774390697479248,0.0034118447772052106,0.0085205078125,0.0009634385760869781,gini,,,4,2,random,"{'criterion': 'gini', 'max_depth': None, 'max_features': None, 'min_samples_leaf': 4, 'min_samples_split': 2, 'splitter': 'random'}",0.5435897435897435,0.5463510848126233,0.5083415112855741,0.5354330708661418,0.5151219512195122,0.529767472354719,0.015308386510664547,290
0.07989301681518554,0.0038163423227652723,0.008872127532958985,0.0008808790374037792,gini,,,4,5,random,"{'criterion': 'gini', 'max_depth': None, 'max_features': None, 'min_samples_leaf': 4, 'min_samples_split': 5, 'splitter': 'random'}",0.5435897435897435,0.5463510848126233,0.5083415112855741,0.5354330708661418,0.5151219512195122,0.529767472354719,0.015308386510664547,290
0.05538134574890137,0.001989715605557781,0.007854843139648437,0.0005313082711163228,entropy,10,,4,2,random,"{'criterion': 'entropy', 'max_depth': 10, 'max_features': None, 'min_samples_leaf': 4, 'min_samples_split': 2, 'splitter': 'random'}",0.44582814445828145,0.5746421267893661,0.5674876847290641,0.528555431131019,0.532293986636971,0.5297614747489402,0.045804392667931626,292
0.05563077926635742,0.003249875340392684,0.008317661285400391,0.001153025332828908,entropy,10,,4,5,random,"{'criterion': 'entropy', 'max_depth': 10, 'max_features': None, 'min_samples_leaf': 4, 'min_samples_split': 5, 'splitter': 'random'}",0.44582814445828145,0.5746421267893661,0.5674876847290641,0.528555431131019,0.532293986636971,0.5297614747489402,0.045804392667931626,292
0.07607431411743164,0.004857153303243735,0.007943534851074218,0.0005794758655433796,gini,,,8,10,random,"{'criterion': 'gini', 'max_depth': None, 'max_features': None, 'min_samples_leaf': 8, 'min_samples_split': 10, 'splitter': 'random'}",0.5291005291005291,0.5566801619433198,0.5120167189132706,0.5380811078140455,0.5126646403242148,0.5297086316190761,0.016741762205867945,294
0.0682300090789795,0.005899358152952469,0.007959127426147461,0.0004567994204114932,gini,,,8,5,random,"{'criterion': 'gini', 'max_depth': None, 'max_features': None, 'min_samples_leaf': 8, 'min_samples_split': 5, 'splitter': 'random'}",0.5291005291005291,0.5566801619433198,0.5120167189132706,0.5380811078140455,0.5126646403242148,0.5297086316190761,0.016741762205867945,294
0.06631355285644532,0.0024617745971472395,0.007838153839111328,0.00024131868822347378,gini,,,8,2,random,"{'criterion': 'gini', 'max_depth': None, 'max_features': None, 'min_samples_leaf': 8, 'min_samples_split': 2, 'splitter': 'random'}",0.5291005291005291,0.5566801619433198,0.5120167189132706,0.5380811078140455,0.5126646403242148,0.5297086316190761,0.016741762205867945,294
0.06977958679199218,0.005681677427375834,0.0074904441833496095,0.00046103156425823235,gini,10,sqrt,8,20,best,"{'criterion': 'gini', 'max_depth': 10, 'max_features': 'sqrt', 'min_samples_leaf': 8, 'min_samples_split': 20, 'splitter': 'best'}",0.5708622398414271,0.495114006514658,0.4942408376963351,0.5482796892341842,0.5397170837867247,0.5296427714146659,0.03030974618660859,297
0.07010278701782227,0.006298151955737532,0.009860754013061523,0.002079790607511769,entropy,15,,4,5,random,"{'criterion': 'entropy', 'max_depth': 15, 'max_features': None, 'min_samples_leaf': 4, 'min_samples_split': 5, 'splitter': 'random'}",0.52,0.5397784491440081,0.5145413870246085,0.5632411067193676,0.5105042016806722,0.5296130289137313,0.019590280129253592,298
0.06758899688720703,0.0017811066448013126,0.008234548568725585,0.00028436732344857445,entropy,15,,4,2,random,"{'criterion': 'entropy', 'max_depth': 15, 'max_features': None, 'min_samples_leaf': 4, 'min_samples_split': 2, 'splitter': 'random'}",0.52,0.5397784491440081,0.5145413870246085,0.5632411067193676,0.5105042016806722,0.5296130289137313,0.019590280129253592,298
0.08046646118164062,0.006192732656428177,0.008794593811035156,0.0015791204543938561,entropy,25,,4,10,random,"{'criterion': 'entropy', 'max_depth': 25, 'max_features': None, 'min_samples_leaf': 4, 'min_samples_split': 10, 'splitter': 'random'}",0.5182266009852217,0.5444234404536862,0.5227492739593417,0.5114503816793893,0.5461613216715258,0.5286022037498329,0.014104815299924025,300
0.08189725875854492,0.007438583882569352,0.006395149230957031,0.0008827972657306943,entropy,15,log2,1,5,best,"{'criterion': 'entropy', 'max_depth': 15, 'max_features': 'log2', 'min_samples_leaf': 1, 'min_samples_split': 5, 'splitter': 'best'}",0.5240641711229946,0.574199806013579,0.5191919191919192,0.4989339019189765,0.5260223048327137,0.5284824206160366,0.024799519349130862,301
0.05231595039367676,0.001821819044611657,0.008044195175170899,0.0004976038591009052,entropy,10,,8,20,random,"{'criterion': 'entropy', 'max_depth': 10, 'max_features': None, 'min_samples_leaf': 8, 'min_samples_split': 20, 'splitter': 'random'}",0.5375139977603584,0.5626326963906582,0.5601703940362087,0.4462616822429907,0.5352743561030235,0.5283706253066478,0.04256349632252107,302
0.08875956535339355,0.0037815333632553873,0.009317970275878907,0.0006326100941781052,entropy,,,4,5,random,"{'criterion': 'entropy', 'max_depth': None, 'max_features': None, 'min_samples_leaf': 4, 'min_samples_split': 5, 'splitter': 'random'}",0.5261121856866537,0.5384615384615384,0.5151515151515151,0.5322896281800391,0.529296875,0.5282623484959493,0.007717899374669826,303
0.09139976501464844,0.0024767585263718627,0.008503150939941407,0.00020994774565936231,entropy,,,4,2,random,"{'criterion': 'entropy', 'max_depth': None, 'max_features': None, 'min_samples_leaf': 4, 'min_samples_split': 2, 'splitter': 'random'}",0.5261121856866537,0.5384615384615384,0.5151515151515151,0.5322896281800391,0.529296875,0.5282623484959493,0.007717899374669826,303
0.08189482688903808,0.005100624039835838,0.008846139907836914,0.001660355547916301,entropy,25,,2,10,random,"{'criterion': 'entropy', 'max_depth': 25, 'max_features': None, 'min_samples_leaf': 2, 'min_samples_split': 10, 'splitter': 'random'}",0.5110220440881763,0.567703109327984,0.5306893295561851,0.5059523809523809,0.5250463821892394,0.5280826492227931,0.021755953576372066,305
0.07660846710205078,0.0029353336638284107,0.008377742767333985,0.0005601408228504817,gini,,,4,10,random,"{'criterion': 'gini', 'max_depth': None, 'max_features': None, 'min_samples_leaf': 4, 'min_samples_split': 10, 'splitter': 'random'}",0.5463510848126233,0.5391304347826087,0.53515625,0.5248780487804878,0.49407114624505927,0.5279173929241557,0.01829065544593069,306
0.09593071937561035,0.008811794432373586,0.00898585319519043,0.0011963617623722,entropy,,,2,5,random,"{'criterion': 'entropy', 'max_depth': None, 'max_features': None, 'min_samples_leaf': 2, 'min_samples_split': 5, 'splitter': 'random'}",0.5004868549172347,0.5493885230479775,0.5509433962264151,0.516256157635468,0.5225048923679061,0.5279159648390003,0.01953929493482961,307
0.09174027442932128,0.00726595108961131,0.005962181091308594,0.0008794400332506616,entropy,15,sqrt,2,20,best,"{'criterion': 'entropy', 'max_depth': 15, 'max_features': 'sqrt', 'min_samples_leaf': 2, 'min_samples_split': 20, 'splitter': 'best'}",0.4691358024691358,0.5903257650542941,0.5252918287937743,0.5053533190578159,0.5487804878048781,0.5277774406359796,0.040746244243098306,308
0.0665964126586914,0.003874678081737077,0.006096744537353515,0.00036708179382057585,gini,15,log2,1,10,best,"{'criterion': 'gini', 'max_depth': 15, 'max_features': 'log2', 'min_samples_leaf': 1, 'min_samples_split': 10, 'splitter': 'best'}",0.511219512195122,0.5383848454636092,0.5498426023084995,0.5227272727272727,0.5112016293279023,0.5266751724044811,0.015282278175851175,309
0.0848576545715332,0.002503854107325741,0.008109378814697265,0.0010655521545633114,gini,25,,1,5,random,"{'criterion': 'gini', 'max_depth': 25, 'max_features': None, 'min_samples_leaf': 1, 'min_samples_split': 5, 'splitter': 'random'}",0.5071225071225072,0.5439093484419264,0.5346901017576319,0.5271317829457365,0.5204178537511871,0.5266543188037979,0.012513376773728982,310
0.08717784881591797,0.002947714429118302,0.006216192245483398,0.00047429987100131666,entropy,15,sqrt,8,20,best,"{'criterion': 'entropy', 'max_depth': 15, 'max_features': 'sqrt', 'min_samples_leaf': 8, 'min_samples_split': 20, 'splitter': 'best'}",0.4978165938864629,0.5027203482045702,0.5764102564102564,0.5206971677559913,0.5345345345345346,0.5264357801583631,0.028204429818813805,311
0.08176651000976562,0.004021525716505973,0.008858060836791993,0.0018515633185871713,gini,,,2,10,random,"{'criterion': 'gini', 'max_depth': None, 'max_features': None, 'min_samples_leaf': 2, 'min_samples_split': 10, 'splitter': 'random'}",0.5474525474525475,0.5799043062200957,0.5019230769230769,0.5066413662239089,0.49555774925962487,0.5262958092158507,0.032393314317869654,312
0.09149551391601562,0.006441898160120529,0.006059455871582031,0.000652275610697728,entropy,15,sqrt,2,10,best,"{'criterion': 'entropy', 'max_depth': 15, 'max_features': 'sqrt', 'min_samples_leaf': 2, 'min_samples_split': 10, 'splitter': 'best'}",0.5029821073558648,0.5526570048309178,0.5379876796714579,0.5516528925619835,0.486,0.5262559368840447,0.026988394285661348,313
0.08147230148315429,0.003189882339378495,0.008917903900146485,0.001043451636914597,entropy,20,,2,2,random,"{'criterion': 'entropy', 'max_depth': 20, 'max_features': None, 'min_samples_leaf': 2, 'min_samples_split': 2, 'splitter': 'random'}",0.5054945054945055,0.5452775073028238,0.5407554671968191,0.5035971223021583,0.5353535353535354,0.5260956275299684,0.017883809630800402,314
0.08421568870544434,0.0030685856979777693,0.008331060409545898,0.001098062384555765,gini,25,,2,10,random,"{'criterion': 'gini', 'max_depth': 25, 'max_features': None, 'min_samples_leaf': 2, 'min_samples_split': 10, 'splitter': 'random'}",0.5322415557830092,0.566990291262136,0.5436105476673428,0.5066413662239089,0.4806201550387597,0.5260207831950312,0.029877674796302184,315
0.0847968578338623,0.0014380451301434078,0.007876729965209961,0.0006099937850664205,gini,,,1,5,random,"{'criterion': 'gini', 'max_depth': None, 'max_features': None, 'min_samples_leaf': 1, 'min_samples_split': 5, 'splitter': 'random'}",0.47984267453294,0.5579240037071362,0.5593376264949402,0.5190839694656488,0.5119388729703916,0.5256254294342114,0.03001960460576581,316
0.08488397598266602,0.005041153694247886,0.006168556213378906,0.0009269115763241915,gini,20,sqrt,2,20,best,"{'criterion': 'gini', 'max_depth': 20, 'max_features': 'sqrt', 'min_samples_leaf': 2, 'min_samples_split': 20, 'splitter': 'best'}",0.531062124248497,0.5596059113300492,0.5106796116504855,0.527147087857848,0.49848637739656915,0.5253962224966898,0.02071805579855609,317
0.09181361198425293,0.0014997347216559951,0.006562995910644531,0.0009149490134173497,entropy,20,sqrt,8,20,best,"{'criterion': 'entropy', 'max_depth': 20, 'max_features': 'sqrt', 'min_samples_leaf': 8, 'min_samples_split': 20, 'splitter': 'best'}",0.51009564293305,0.4728761514841351,0.5585774058577406,0.547244094488189,0.5381526104417671,0.5253891810409763,0.03076852683973835,318
0.0745701789855957,0.0019296930358997557,0.006195878982543946,0.0006417315965252747,entropy,10,sqrt,2,20,best,"{'criterion': 'entropy', 'max_depth': 10, 'max_features': 'sqrt', 'min_samples_leaf': 2, 'min_samples_split': 20, 'splitter': 'best'}",0.514018691588785,0.5282167042889391,0.4943820224719101,0.5584826132771338,0.5300429184549357,0.5250285900163407,0.021047133772936266,319
0.09788398742675782,0.0057045011907326275,0.006819725036621094,0.0007638453231693312,entropy,20,sqrt,2,20,best,"{'criterion': 'entropy', 'max_depth': 20, 'max_features': 'sqrt', 'min_samples_leaf': 2, 'min_samples_split': 20, 'splitter': 'best'}",0.5239491691104594,0.6126295947219604,0.46846846846846846,0.5047923322683706,0.5136186770428015,0.5246916483224121,0.047777134944692164,320
0.08894095420837403,0.005938675716149873,0.00792226791381836,0.000183029680660832,entropy,25,,2,2,random,"{'criterion': 'entropy', 'max_depth': 25, 'max_features': None, 'min_samples_leaf': 2, 'min_samples_split': 2, 'splitter': 'random'}",0.5166994106090373,0.5173076923076924,0.5377176015473888,0.527803958529689,0.5238095238095238,0.5246676373606662,0.007727041650784918,321
0.09122748374938965,0.004115627081058224,0.010962867736816406,0.0031179592296419795,entropy,,,4,10,random,"{'criterion': 'entropy', 'max_depth': None, 'max_features': None, 'min_samples_leaf': 4, 'min_samples_split': 10, 'splitter': 'random'}",0.4969574036511156,0.5302593659942363,0.5163147792706334,0.5321969696969697,0.5474654377880185,0.5246387912801947,0.017001888770932033,322
0.08327178955078125,0.007512302344600846,0.006155157089233398,0.0007612409699435525,entropy,25,log2,2,20,best,"{'criterion': 'entropy', 'max_depth': 25, 'max_features': 'log2', 'min_samples_leaf': 2, 'min_samples_split': 20, 'splitter': 'best'}",0.4800777453838678,0.578125,0.5004926108374385,0.5275827482447342,0.5358565737051793,0.5244269356342439,0.033357998967674954,323
0.07632555961608886,0.005941919737612761,0.008388137817382813,0.0011794497139057908,gini,20,,4,2,random,"{'criterion': 'gini', 'max_depth': 20, 'max_features': None, 'min_samples_leaf': 4, 'min_samples_split': 2, 'splitter': 'random'}",0.5201612903225806,0.5493827160493827,0.5150300601202404,0.5288270377733598,0.5072164948453608,0.524123519822185,0.014452597279980406,324
0.07027206420898438,0.004091696089919528,0.00719451904296875,0.000384704553596786,gini,20,,4,5,random,"{'criterion': 'gini', 'max_depth': 20, 'max_features': None, 'min_samples_leaf': 4, 'min_samples_split': 5, 'splitter': 'random'}",0.5201612903225806,0.5493827160493827,0.5150300601202404,0.5288270377733598,0.5072164948453608,0.524123519822185,0.014452597279980406,324
0.10296683311462403,0.0036159019971627633,0.006376457214355469,0.0006967894375402473,entropy,25,sqrt,1,20,best,"{'criterion': 'entropy', 'max_depth': 25, 'max_features': 'sqrt', 'min_samples_leaf': 1, 'min_samples_split': 20, 'splitter': 'best'}",0.5093167701863354,0.5232903865213082,0.5358851674641149,0.5274509803921569,0.5242718446601942,0.5240430298448219,0.008594555277019116,326
0.12142796516418457,0.004560124011873096,0.008543443679809571,0.0013691380193854698,entropy,,sqrt,4,20,best,"{'criterion': 'entropy', 'max_depth': None, 'max_features': 'sqrt', 'min_samples_leaf': 4, 'min_samples_split': 20, 'splitter': 'best'}",0.514,0.553639846743295,0.5211665098777046,0.5303326810176126,0.5005086469989827,0.523929536927519,0.01776778472801537,327
0.0935831069946289,0.0032806845144874447,0.005588340759277344,0.00012037502604650162,entropy,25,sqrt,8,20,best,"{'criterion': 'entropy', 'max_depth': 25, 'max_features': 'sqrt', 'min_samples_leaf': 8, 'min_samples_split': 20, 'splitter': 'best'}",0.5060240963855421,0.5276073619631901,0.5434782608695652,0.5319587628865979,0.5099206349206349,0.5237978234051061,0.013977945975271936,328
0.09845786094665528,0.006715508987027147,0.005919981002807617,0.0007576901241884266,entropy,25,sqrt,4,20,best,"{'criterion': 'entropy', 'max_depth': 25, 'max_features': 'sqrt', 'min_samples_leaf': 4, 'min_samples_split': 20, 'splitter': 'best'}",0.5432835820895522,0.5606207565470417,0.5160662122687439,0.5020161290322581,0.496,0.5235973359875191,0.024667230194078994,329
0.06042137145996094,0.003329195416601965,0.006728982925415039,0.0008356775820045799,gini,10,log2,4,20,best,"{'criterion': 'gini', 'max_depth': 10, 'max_features': 'log2', 'min_samples_leaf': 4, 'min_samples_split': 20, 'splitter': 'best'}",0.522248243559719,0.5456389452332657,0.5228891149542217,0.4961580680570801,0.5298429319371728,0.5233554607482919,0.01599864082177562,330
0.08051323890686035,0.005819935994295971,0.005965328216552735,0.0007232541555277415,entropy,20,log2,4,20,best,"{'criterion': 'entropy', 'max_depth': 20, 'max_features': 'log2', 'min_samples_leaf': 4, 'min_samples_split': 20, 'splitter': 'best'}",0.503582395087001,0.5360824742268041,0.5467336683417086,0.48082901554404145,0.5487228003784295,0.5231900707155969,0.026650910979983882,331
0.09399957656860351,0.002978977173318644,0.006360483169555664,0.0005065126574485641,entropy,,sqrt,8,20,best,"{'criterion': 'entropy', 'max_depth': None, 'max_features': 'sqrt', 'min_samples_leaf': 8, 'min_samples_split': 20, 'splitter': 'best'}",0.5060240963855421,0.5257836198179979,0.5461767626613704,0.5254745254745254,0.5098039215686274,0.5226525851816127,0.01423199527326259,332
0.07993583679199219,0.00532827170141654,0.008104944229125976,0.0008046871902131177,gini,20,,2,2,random,"{'criterion': 'gini', 'max_depth': 20, 'max_features': None, 'min_samples_leaf': 2, 'min_samples_split': 2, 'splitter': 'random'}",0.5146909827760892,0.5577299412915852,0.5130344108446299,0.5317460317460317,0.4959183673469388,0.522623946801055,0.020898432357349638,333
0.07802047729492187,0.004973047503736905,0.00679931640625,0.0005835280106655747,entropy,15,log2,8,20,best,"{'criterion': 'entropy', 'max_depth': 15, 'max_features': 'log2', 'min_samples_leaf': 8, 'min_samples_split': 20, 'splitter': 'best'}",0.4972972972972973,0.535059331175836,0.5164212910532276,0.5292368681863231,0.5346938775510204,0.5225417330527409,0.014310353315103228,334
0.08782920837402344,0.0038458048093773776,0.008314180374145507,0.0009120276662032969,entropy,25,,2,5,random,"{'criterion': 'entropy', 'max_depth': 25, 'max_features': None, 'min_samples_leaf': 2, 'min_samples_split': 5, 'splitter': 'random'}",0.4816326530612245,0.539712918660287,0.5523809523809524,0.5202639019792649,0.5179282868525896,0.5223837425868637,0.024021361519874936,335
0.0863764762878418,0.005347194246104191,0.006578588485717773,0.0010282461639976987,gini,25,sqrt,1,20,best,"{'criterion': 'gini', 'max_depth': 25, 'max_features': 'sqrt', 'min_samples_leaf': 1, 'min_samples_split': 20, 'splitter': 'best'}",0.4648318042813456,0.5413953488372093,0.5355404089581305,0.5370548604427334,0.5329457364341085,0.5223536317907055,0.02889137423112648,336
0.07551589012145996,0.0034186526468744753,0.008135795593261719,0.0006492733008756633,entropy,20,,4,5,random,"{'criterion': 'entropy', 'max_depth': 20, 'max_features': None, 'min_samples_leaf': 4, 'min_samples_split': 5, 'splitter': 'random'}",0.5237113402061856,0.5078043704474505,0.5262135922330097,0.5466417910447762,0.5071283095723014,0.5222998807007446,0.014492303771995129,337
0.07653622627258301,0.005095230077487052,0.008388853073120118,0.001057772787301331,entropy,20,,4,2,random,"{'criterion': 'entropy', 'max_depth': 20, 'max_features': None, 'min_samples_leaf': 4, 'min_samples_split': 2, 'splitter': 'random'}",0.5237113402061856,0.5078043704474505,0.5262135922330097,0.5466417910447762,0.5071283095723014,0.5222998807007446,0.014492303771995129,337
0.0891005516052246,0.006593157040634634,0.0065842151641845705,0.001205687468189321,entropy,25,log2,4,20,best,"{'criterion': 'entropy', 'max_depth': 25, 'max_features': 'log2', 'min_samples_leaf': 4, 'min_samples_split': 20, 'splitter': 'best'}",0.5185185185185185,0.5320388349514563,0.5339805825242718,0.4841897233201581,0.5413826679649465,0.5220220654558703,0.020306332429728485,339
0.10034646987915039,0.0036265638061915933,0.006284666061401367,0.000705875840026829,entropy,,sqrt,8,5,best,"{'criterion': 'entropy', 'max_depth': None, 'max_features': 'sqrt', 'min_samples_leaf': 8, 'min_samples_split': 5, 'splitter': 'best'}",0.5181550539744848,0.5321805955811719,0.5337301587301587,0.5230166503428012,0.5029940119760479,0.5220152941209328,0.01112011465135747,340
0.0958056926727295,0.0025408237678650803,0.006692075729370117,0.00045667137021569574,entropy,,sqrt,8,10,best,"{'criterion': 'entropy', 'max_depth': None, 'max_features': 'sqrt', 'min_samples_leaf': 8, 'min_samples_split': 10, 'splitter': 'best'}",0.5181550539744848,0.5321805955811719,0.5337301587301587,0.5230166503428012,0.5029940119760479,0.5220152941209328,0.01112011465135747,340
0.1210413932800293,0.0103999720758406,0.007055997848510742,0.00045560703783635223,entropy,,sqrt,8,2,best,"{'criterion': 'entropy', 'max_depth': None, 'max_features': 'sqrt', 'min_samples_leaf': 8, 'min_samples_split': 2, 'splitter': 'best'}",0.5181550539744848,0.5321805955811719,0.5337301587301587,0.5230166503428012,0.5029940119760479,0.5220152941209328,0.01112011465135747,340
0.08519859313964843,0.0033607134461355547,0.0063365459442138675,0.001201713901547482,gini,25,sqrt,2,20,best,"{'criterion': 'gini', 'max_depth': 25, 'max_features': 'sqrt', 'min_samples_leaf': 2, 'min_samples_split': 20, 'splitter': 'best'}",0.5255623721881391,0.5604060913705584,0.5349544072948328,0.49606299212598426,0.49183673469387756,0.5217645195346784,0.02544723448419285,343
0.09805989265441895,0.003533691289357111,0.006337785720825195,0.0006465334887628999,entropy,,log2,1,20,best,"{'criterion': 'entropy', 'max_depth': None, 'max_features': 'log2', 'min_samples_leaf': 1, 'min_samples_split': 20, 'splitter': 'best'}",0.5173439048562933,0.5531914893617021,0.5443902439024391,0.5009708737864078,0.49064039408866994,0.5213073811991025,0.024162622708652597,344
0.06828179359436035,0.006088990116761125,0.0070911884307861325,0.0003777057380059094,gini,15,log2,8,20,best,"{'criterion': 'gini', 'max_depth': 15, 'max_features': 'log2', 'min_samples_leaf': 8, 'min_samples_split': 20, 'splitter': 'best'}",0.5243362831858407,0.5138592750533049,0.5080385852090032,0.5270684371807968,0.53220696937698,0.5211019100011851,0.008859900403919705,345
0.08860034942626953,0.01059656775728251,0.006545162200927735,0.0015038620412818698,entropy,,log2,4,20,best,"{'criterion': 'entropy', 'max_depth': None, 'max_features': 'log2', 'min_samples_leaf': 4, 'min_samples_split': 20, 'splitter': 'best'}",0.5185185185185185,0.5506149479659413,0.5382381413359149,0.49320388349514566,0.5044687189672294,0.52100884205655,0.021101011181985478,346
0.11072039604187012,0.05281993749315269,0.009942722320556641,0.003272901857105013,gini,20,,1,10,random,"{'criterion': 'gini', 'max_depth': 20, 'max_features': None, 'min_samples_leaf': 1, 'min_samples_split': 10, 'splitter': 'random'}",0.5207920792079208,0.5583173996175909,0.501010101010101,0.5133587786259542,0.5114942528735632,0.520994522267026,0.019702664537530227,347
0.07460517883300781,0.0037702227557612775,0.006278610229492188,0.0005562145841575616,gini,25,sqrt,8,20,best,"{'criterion': 'gini', 'max_depth': 25, 'max_features': 'sqrt', 'min_samples_leaf': 8, 'min_samples_split': 20, 'splitter': 'best'}",0.5143464399574921,0.522,0.5436105476673428,0.5298281092012134,0.4939759036144578,0.5207522000881012,0.016519303863046883,348
0.07747039794921876,0.002393394256779867,0.005771207809448242,0.0005880192466084903,gini,,sqrt,4,20,best,"{'criterion': 'gini', 'max_depth': None, 'max_features': 'sqrt', 'min_samples_leaf': 4, 'min_samples_split': 20, 'splitter': 'best'}",0.4959839357429719,0.5822050290135397,0.5433300876338851,0.4959677419354839,0.4835164835164835,0.5202006555684728,0.0371454574756443,349
0.06348323822021484,0.0016869009250322722,0.0064127445220947266,0.0006083385979757485,gini,10,sqrt,2,20,best,"{'criterion': 'gini', 'max_depth': 10, 'max_features': 'sqrt', 'min_samples_leaf': 2, 'min_samples_split': 20, 'splitter': 'best'}",0.548728813559322,0.5357142857142857,0.49947089947089945,0.5232815964523282,0.49326424870466323,0.5200919687802997,0.021067769003336304,350
0.06532349586486816,0.004080959504886831,0.0062482357025146484,0.0008803225378615442,entropy,10,log2,2,5,best,"{'criterion': 'entropy', 'max_depth': 10, 'max_features': 'log2', 'min_samples_leaf': 2, 'min_samples_split': 5, 'splitter': 'best'}",0.48231511254019294,0.5,0.5142231947483589,0.5478615071283096,0.5560165975103735,0.5200832823854469,0.028024797653792864,351
0.07919268608093262,0.004307742747473105,0.006068563461303711,0.000753387840341551,entropy,20,log2,8,20,best,"{'criterion': 'entropy', 'max_depth': 20, 'max_features': 'log2', 'min_samples_leaf': 8, 'min_samples_split': 20, 'splitter': 'best'}",0.5179282868525896,0.5378323108384458,0.48210526315789476,0.5331991951710262,0.5288753799392097,0.5199880871918332,0.02005634462303483,352
0.09576292037963867,0.005912730680915027,0.005515193939208985,0.00035168728853033905,entropy,25,sqrt,8,10,best,"{'criterion': 'entropy', 'max_depth': 25, 'max_features': 'sqrt', 'min_samples_leaf': 8, 'min_samples_split': 10, 'splitter': 'best'}",0.48951048951048953,0.5435203094777563,0.531496062992126,0.5230166503428012,0.5109628217349858,0.5197012668116316,0.018467805689001266,353
0.09680938720703125,0.003471723328739572,0.0066299915313720705,0.0008096712975094406,entropy,25,sqrt,8,2,best,"{'criterion': 'entropy', 'max_depth': 25, 'max_features': 'sqrt', 'min_samples_leaf': 8, 'min_samples_split': 2, 'splitter': 'best'}",0.48951048951048953,0.5435203094777563,0.531496062992126,0.5230166503428012,0.5109628217349858,0.5197012668116316,0.018467805689001266,353
0.09959378242492675,0.0054778118780570186,0.0069770336151123045,0.0018996564812137488,entropy,25,sqrt,8,5,best,"{'criterion': 'entropy', 'max_depth': 25, 'max_features': 'sqrt', 'min_samples_leaf': 8, 'min_samples_split': 5, 'splitter': 'best'}",0.48951048951048953,0.5435203094777563,0.531496062992126,0.5230166503428012,0.5109628217349858,0.5197012668116316,0.018467805689001266,353
0.08078742027282715,0.0025701661321871983,0.006075239181518555,0.0006250640145258191,gini,20,sqrt,4,5,best,"{'criterion': 'gini', 'max_depth': 20, 'max_features': 'sqrt', 'min_samples_leaf': 4, 'min_samples_split': 5, 'splitter': 'best'}",0.5209580838323353,0.5541211519364448,0.4931506849315068,0.4844221105527638,0.5450819672131147,0.5195467996932331,0.02749516684057839,356
0.07726192474365234,0.0033913251950220802,0.005678606033325195,0.0005291118281516722,gini,20,sqrt,4,2,best,"{'criterion': 'gini', 'max_depth': 20, 'max_features': 'sqrt', 'min_samples_leaf': 4, 'min_samples_split': 2, 'splitter': 'best'}",0.5209580838323353,0.5541211519364448,0.4931506849315068,0.4844221105527638,0.5450819672131147,0.5195467996932331,0.02749516684057839,356
0.08268852233886718,0.0030085042326593496,0.008372259140014649,0.0019231592024698814,gini,25,,2,2,random,"{'criterion': 'gini', 'max_depth': 25, 'max_features': None, 'min_samples_leaf': 2, 'min_samples_split': 2, 'splitter': 'random'}",0.5401174168297456,0.5764023210831721,0.5070159027128157,0.48466257668711654,0.48848848848848847,0.5193373411602676,0.03462378467550509,358
0.08656682968139648,0.0050745971851061875,0.005930614471435547,0.0007552697400930278,entropy,15,sqrt,1,10,best,"{'criterion': 'entropy', 'max_depth': 15, 'max_features': 'sqrt', 'min_samples_leaf': 1, 'min_samples_split': 10, 'splitter': 'best'}",0.505307855626327,0.557711950970378,0.4875239923224568,0.4983240223463687,0.5454545454545454,0.5188644733440151,0.027582879525411663,359
0.09164485931396485,0.0028831244555028858,0.0068666934967041016,0.0009497182570443061,entropy,15,sqrt,2,2,best,"{'criterion': 'entropy', 'max_depth': 15, 'max_features': 'sqrt', 'min_samples_leaf': 2, 'min_samples_split': 2, 'splitter': 'best'}",0.5289421157684631,0.5267326732673268,0.4972972972972973,0.530214424951267,0.5099601593625498,0.5186293341293807,0.01293400391382759,360
0.0890615463256836,0.0035032077009549893,0.005962085723876953,0.0006350379247177975,entropy,15,sqrt,1,20,best,"{'criterion': 'entropy', 'max_depth': 15, 'max_features': 'sqrt', 'min_samples_leaf': 1, 'min_samples_split': 20, 'splitter': 'best'}",0.4733984799131379,0.5506391347099312,0.5197860962566845,0.5476673427991886,0.5015416238437821,0.5186065355045448,0.029006857107872635,361
0.09461827278137207,0.006462920589212426,0.00841221809387207,0.00031043661315558705,entropy,,,2,2,random,"{'criterion': 'entropy', 'max_depth': None, 'max_features': None, 'min_samples_leaf': 2, 'min_samples_split': 2, 'splitter': 'random'}",0.5268389662027833,0.5297397769516728,0.5170454545454546,0.5182987141444114,0.49950641658440276,0.518285865685745,0.010569333991998357,362
0.08820915222167969,0.001517890471088756,0.005894899368286133,0.0005658535363116741,gini,,sqrt,1,10,best,"{'criterion': 'gini', 'max_depth': None, 'max_features': 'sqrt', 'min_samples_leaf': 1, 'min_samples_split': 10, 'splitter': 'best'}",0.5067961165048543,0.5494296577946768,0.5592417061611374,0.48846153846153845,0.4870067372473532,0.518187151233912,0.030486576192602827,363
0.07584905624389648,0.003077616935654927,0.005616188049316406,0.0001877443598405243,gini,20,sqrt,4,20,best,"{'criterion': 'gini', 'max_depth': 20, 'max_features': 'sqrt', 'min_samples_leaf': 4, 'min_samples_split': 20, 'splitter': 'best'}",0.5090543259557344,0.5491329479768786,0.5482233502538071,0.49337410805300713,0.49056603773584906,0.5180701539950553,0.025775060295496085,364
0.0689579963684082,0.004838931944396926,0.005617809295654297,0.0004281890523712432,gini,20,log2,8,20,best,"{'criterion': 'gini', 'max_depth': 20, 'max_features': 'log2', 'min_samples_leaf': 8, 'min_samples_split': 20, 'splitter': 'best'}",0.512249443207127,0.5398773006134969,0.5342465753424658,0.5396498455200824,0.46408839779005523,0.5180223124946455,0.028812533975926022,365
0.08541154861450195,0.005273620112810672,0.007175827026367187,0.0013813989064499963,gini,,sqrt,2,20,best,"{'criterion': 'gini', 'max_depth': None, 'max_features': 'sqrt', 'min_samples_leaf': 2, 'min_samples_split': 20, 'splitter': 'best'}",0.5163265306122449,0.5511197663096398,0.5206030150753769,0.5165562913907285,0.48429584599797365,0.5177802898771928,0.021186354271228527,366
0.09016375541687012,0.008124623308371468,0.007744598388671875,0.0003603362650934861,gini,,,2,2,random,"{'criterion': 'gini', 'max_depth': None, 'max_features': None, 'min_samples_leaf': 2, 'min_samples_split': 2, 'splitter': 'random'}",0.5102239532619279,0.5518590998043053,0.5237633365664404,0.5014925373134328,0.5009784735812133,0.5176634801054638,0.018983066393949234,367
0.09451608657836914,0.0040456352775298425,0.0066471099853515625,0.0004208774213508097,entropy,20,sqrt,1,20,best,"{'criterion': 'entropy', 'max_depth': 20, 'max_features': 'sqrt', 'min_samples_leaf': 1, 'min_samples_split': 20, 'splitter': 'best'}",0.48333333333333334,0.56657223796034,0.5383806519453207,0.5225933202357563,0.47715736040609136,0.5176073807761683,0.033659649738170136,368
0.08271417617797852,0.004349646222325089,0.009402608871459961,0.0010142981463690365,entropy,25,,4,5,random,"{'criterion': 'entropy', 'max_depth': 25, 'max_features': None, 'min_samples_leaf': 4, 'min_samples_split': 5, 'splitter': 'random'}",0.5074331020812686,0.5262096774193549,0.5271317829457365,0.5162523900573613,0.5078740157480315,0.5169801936503505,0.00851865326623401,369
0.08396730422973633,0.004197498225782601,0.008830118179321288,0.001344152165728422,entropy,25,,4,2,random,"{'criterion': 'entropy', 'max_depth': 25, 'max_features': None, 'min_samples_leaf': 4, 'min_samples_split': 2, 'splitter': 'random'}",0.5074331020812686,0.5262096774193549,0.5271317829457365,0.5162523900573613,0.5078740157480315,0.5169801936503505,0.00851865326623401,369
0.07047209739685059,0.008592335811861442,0.005895280838012695,0.00041936014742356876,gini,25,log2,8,20,best,"{'criterion': 'gini', 'max_depth': 25, 'max_features': 'log2', 'min_samples_leaf': 8, 'min_samples_split': 20, 'splitter': 'best'}",0.5058448459086079,0.563691073219659,0.5058823529411764,0.5345345345345346,0.47410358565737054,0.5168112784522697,0.030250553856137136,371
0.07703924179077148,0.004157098648372845,0.0060141563415527345,0.0005854223103318289,gini,15,sqrt,1,20,best,"{'criterion': 'gini', 'max_depth': 15, 'max_features': 'sqrt', 'min_samples_leaf': 1, 'min_samples_split': 20, 'splitter': 'best'}",0.5040160642570282,0.5537525354969574,0.526,0.5098039215686274,0.4897119341563786,0.5166568910957983,0.021891390620553564,372
0.10494055747985839,0.0029503225638385505,0.006756210327148437,0.0007536961883228396,entropy,,sqrt,1,20,best,"{'criterion': 'entropy', 'max_depth': None, 'max_features': 'sqrt', 'min_samples_leaf': 1, 'min_samples_split': 20, 'splitter': 'best'}",0.5271794871794871,0.5247813411078717,0.5212464589235127,0.5255905511811023,0.4839650145772595,0.5165525705938466,0.01640920783079939,373
0.07882075309753418,0.002880203324822832,0.005271339416503906,0.00035844695071243716,entropy,15,sqrt,8,10,best,"{'criterion': 'entropy', 'max_depth': 15, 'max_features': 'sqrt', 'min_samples_leaf': 8, 'min_samples_split': 10, 'splitter': 'best'}",0.4827586206896552,0.5434995112414467,0.5289079229122056,0.48187633262260127,0.5454545454545454,0.5164993865840908,0.028490612065364594,374
0.08199877738952636,0.0030983885091352002,0.0060330390930175785,0.0005277335355301183,entropy,15,sqrt,8,5,best,"{'criterion': 'entropy', 'max_depth': 15, 'max_features': 'sqrt', 'min_samples_leaf': 8, 'min_samples_split': 5, 'splitter': 'best'}",0.4827586206896552,0.5434995112414467,0.5289079229122056,0.48187633262260127,0.5454545454545454,0.5164993865840908,0.028490612065364594,374
0.07951240539550782,0.0019627854516307656,0.005578804016113281,0.0004247745965794075,entropy,15,sqrt,8,2,best,"{'criterion': 'entropy', 'max_depth': 15, 'max_features': 'sqrt', 'min_samples_leaf': 8, 'min_samples_split': 2, 'splitter': 'best'}",0.4827586206896552,0.5434995112414467,0.5289079229122056,0.48187633262260127,0.5454545454545454,0.5164993865840908,0.028490612065364594,374
0.19390554428100587,0.014415959403310367,0.011437606811523438,0.003271483888488171,entropy,25,sqrt,2,5,best,"{'criterion': 'entropy', 'max_depth': 25, 'max_features': 'sqrt', 'min_samples_leaf': 2, 'min_samples_split': 5, 'splitter': 'best'}",0.49798387096774194,0.565752128666036,0.5147759771210677,0.5059288537549407,0.4959839357429719,0.5160849532505516,0.02570365022277526,377
0.06718955039978028,0.005768746133797635,0.005626821517944336,0.00039137905674980616,gini,,log2,8,20,best,"{'criterion': 'gini', 'max_depth': None, 'max_features': 'log2', 'min_samples_leaf': 8, 'min_samples_split': 20, 'splitter': 'best'}",0.5089005235602094,0.563691073219659,0.5167652859960552,0.520242914979757,0.4707070707070707,0.5160613736925502,0.029647460704171024,378
0.07580018043518066,0.0013813632576407952,0.00592041015625,0.0006987777917515581,entropy,15,log2,1,20,best,"{'criterion': 'entropy', 'max_depth': 15, 'max_features': 'log2', 'min_samples_leaf': 1, 'min_samples_split': 20, 'splitter': 'best'}",0.4759725400457666,0.5291750503018109,0.5469223007063572,0.49009384775808135,0.5376984126984127,0.5159724303020857,0.027834921300367528,379
0.08476786613464356,0.005868970333249498,0.0079833984375,0.0008698681048739137,gini,25,,2,5,random,"{'criterion': 'gini', 'max_depth': 25, 'max_features': None, 'min_samples_leaf': 2, 'min_samples_split': 5, 'splitter': 'random'}",0.5101449275362319,0.5610948191593352,0.5009523809523809,0.515181194906954,0.4914400805639476,0.51576268062377,0.02407419327672478,380
0.08708400726318359,0.0018519892586116484,0.005578327178955078,0.000459194168494869,gini,,sqrt,1,20,best,"{'criterion': 'gini', 'max_depth': None, 'max_features': 'sqrt', 'min_samples_leaf': 1, 'min_samples_split': 20, 'splitter': 'best'}",0.47628657921291623,0.5413953488372093,0.5077220077220077,0.5211538461538462,0.5320388349514563,0.5157193233754872,0.022689280064690717,381
0.08568496704101562,0.0028277740295997488,0.0058209896087646484,0.0006141493777211671,gini,25,sqrt,1,10,best,"{'criterion': 'gini', 'max_depth': 25, 'max_features': 'sqrt', 'min_samples_leaf': 1, 'min_samples_split': 10, 'splitter': 'best'}",0.51171875,0.5347490347490348,0.5208333333333334,0.5032618825722274,0.5079962370649106,0.5157118475439013,0.011127634198060093,382
0.07843503952026368,0.0026496901288689196,0.006398773193359375,0.0003126416054910315,gini,15,sqrt,4,20,best,"{'criterion': 'gini', 'max_depth': 15, 'max_features': 'sqrt', 'min_samples_leaf': 4, 'min_samples_split': 20, 'splitter': 'best'}",0.5046923879040668,0.5288065843621399,0.5714285714285714,0.510593220338983,0.46006389776357826,0.515116932359468,0.03610645089832669,383
0.07007822990417481,0.002669042870000132,0.00625143051147461,0.0006610283919163687,gini,10,sqrt,8,10,best,"{'criterion': 'gini', 'max_depth': 10, 'max_features': 'sqrt', 'min_samples_leaf': 8, 'min_samples_split': 10, 'splitter': 'best'}",0.5296803652968036,0.5071350164654226,0.5310492505353319,0.48214285714285715,0.5253664036076663,0.5150747786096164,0.018557886384403106,384
0.06602859497070312,0.004882622224762342,0.007168340682983399,0.0014462590366453325,gini,10,sqrt,8,2,best,"{'criterion': 'gini', 'max_depth': 10, 'max_features': 'sqrt', 'min_samples_leaf': 8, 'min_samples_split': 2, 'splitter': 'best'}",0.5296803652968036,0.5071350164654226,0.5310492505353319,0.48214285714285715,0.5253664036076663,0.5150747786096164,0.018557886384403106,384
0.07337942123413085,0.0024492838110293934,0.006563615798950195,0.0004178390834914279,gini,10,sqrt,8,5,best,"{'criterion': 'gini', 'max_depth': 10, 'max_features': 'sqrt', 'min_samples_leaf': 8, 'min_samples_split': 5, 'splitter': 'best'}",0.5296803652968036,0.5071350164654226,0.5310492505353319,0.48214285714285715,0.5253664036076663,0.5150747786096164,0.018557886384403106,384
0.07896780967712402,0.006719415868438764,0.008466100692749024,0.0012933057839378723,gini,20,,2,5,random,"{'criterion': 'gini', 'max_depth': 20, 'max_features': None, 'min_samples_leaf': 2, 'min_samples_split': 5, 'splitter': 'random'}",0.5470249520153551,0.5334685598377282,0.491609081934847,0.5049701789264414,0.4959349593495935,0.514601546412793,0.021804126038251145,387
0.07108283042907715,0.004526655078323194,0.007488632202148437,0.0009075629944764493,gini,10,sqrt,4,20,best,"{'criterion': 'gini', 'max_depth': 10, 'max_features': 'sqrt', 'min_samples_leaf': 4, 'min_samples_split': 20, 'splitter': 'best'}",0.5252525252525253,0.5429553264604811,0.5731108930323847,0.4444444444444444,0.48630887185104055,0.5144144122081752,0.044862106792905816,388
0.08169217109680176,0.0031212985502334254,0.006916570663452149,0.0007728290399576598,entropy,20,log2,2,20,best,"{'criterion': 'entropy', 'max_depth': 20, 'max_features': 'log2', 'min_samples_leaf': 2, 'min_samples_split': 20, 'splitter': 'best'}",0.48834853090172237,0.5474525474525475,0.5177453027139874,0.5108135942327497,0.5070140280561122,0.514274800671424,0.019233707386011215,389
0.08419594764709473,0.010680082547096164,0.007758378982543945,0.0003281156296856488,gini,,,2,5,random,"{'criterion': 'gini', 'max_depth': None, 'max_features': None, 'min_samples_leaf': 2, 'min_samples_split': 5, 'splitter': 'random'}",0.49129989764585463,0.5537583254043768,0.5150631681243926,0.5038910505836576,0.5054294175715696,0.5138883718659703,0.021320097793269457,390
0.10099902153015136,0.006114307305996077,0.006493043899536133,0.000784550631497578,entropy,25,sqrt,2,20,best,"{'criterion': 'entropy', 'max_depth': 25, 'max_features': 'sqrt', 'min_samples_leaf': 2, 'min_samples_split': 20, 'splitter': 'best'}",0.5,0.5529865125240848,0.49056603773584906,0.502970297029703,0.5227722772277228,0.5138590249034719,0.022197326738470424,391
0.09938154220581055,0.009187697731461126,0.007176589965820312,0.0010779450807071541,entropy,,log2,2,20,best,"{'criterion': 'entropy', 'max_depth': None, 'max_features': 'log2', 'min_samples_leaf': 2, 'min_samples_split': 20, 'splitter': 'best'}",0.48221343873517786,0.5502347417840375,0.5235803657362849,0.5172413793103449,0.4955044955044955,0.5137548842140681,0.023526220327427617,392
0.0701974868774414,0.0018097639798423883,0.0059493064880371095,0.0007970430791189402,gini,20,log2,1,20,best,"{'criterion': 'gini', 'max_depth': 20, 'max_features': 'log2', 'min_samples_leaf': 1, 'min_samples_split': 20, 'splitter': 'best'}",0.5004985044865404,0.546679499518768,0.5586272640610105,0.466796875,0.4932562620423892,0.5131716810217417,0.0343419273775926,393
0.06292648315429687,0.0033377747640598457,0.005693817138671875,0.00041928987346517496,gini,15,log2,2,20,best,"{'criterion': 'gini', 'max_depth': 15, 'max_features': 'log2', 'min_samples_leaf': 2, 'min_samples_split': 20, 'splitter': 'best'}",0.4953560371517028,0.5035389282103134,0.5404298874104401,0.47984267453294,0.5449330783938815,0.5128201211398555,0.025581977928095422,394
0.0802182674407959,0.003658717977986482,0.005952262878417968,0.000554986722737884,gini,25,sqrt,4,2,best,"{'criterion': 'gini', 'max_depth': 25, 'max_features': 'sqrt', 'min_samples_leaf': 4, 'min_samples_split': 2, 'splitter': 'best'}",0.4793388429752066,0.5371312309257376,0.5093984962406015,0.504835589941973,0.5333333333333333,0.5128074986833704,0.02101560077572643,395
0.08497939109802247,0.0030686012702104155,0.006816434860229492,0.0005355841116684313,gini,25,sqrt,4,5,best,"{'criterion': 'gini', 'max_depth': 25, 'max_features': 'sqrt', 'min_samples_leaf': 4, 'min_samples_split': 5, 'splitter': 'best'}",0.4793388429752066,0.5371312309257376,0.5093984962406015,0.504835589941973,0.5333333333333333,0.5128074986833704,0.02101560077572643,395
0.09378938674926758,0.0025258694691826706,0.0058307647705078125,0.0006611021933548702,entropy,20,sqrt,1,10,best,"{'criterion': 'entropy', 'max_depth': 20, 'max_features': 'sqrt', 'min_samples_leaf': 1, 'min_samples_split': 10, 'splitter': 'best'}",0.5084745762711864,0.5438931297709924,0.5057251908396947,0.4927835051546392,0.512720156555773,0.5127193117184572,0.016948031283428432,397
0.06819143295288085,0.0024038747375947217,0.005748176574707031,0.00032527140486819645,gini,15,log2,2,2,best,"{'criterion': 'gini', 'max_depth': 15, 'max_features': 'log2', 'min_samples_leaf': 2, 'min_samples_split': 2, 'splitter': 'best'}",0.4355362946912243,0.5555555555555556,0.5386138613861386,0.5294685990338164,0.5041152263374485,0.5126579074008366,0.0419934272579758,398
0.07012710571289063,0.0017792147485525174,0.005823945999145508,0.0005362721407998637,entropy,10,sqrt,1,10,best,"{'criterion': 'entropy', 'max_depth': 10, 'max_features': 'sqrt', 'min_samples_leaf': 1, 'min_samples_split': 10, 'splitter': 'best'}",0.4953051643192488,0.5138888888888888,0.5420991926182238,0.5540398740818469,0.45700824499411075,0.5124682729804638,0.034579168785368194,399
0.0654292106628418,0.002050969177850097,0.005990409851074218,0.00046712170317111956,gini,20,log2,8,10,best,"{'criterion': 'gini', 'max_depth': 20, 'max_features': 'log2', 'min_samples_leaf': 8, 'min_samples_split': 10, 'splitter': 'best'}",0.48693834900731453,0.5345717234262126,0.5238578680203045,0.5165829145728643,0.499496475327291,0.5122894660707974,0.017059310449652233,400
0.06463594436645508,0.0011698874612291576,0.006304550170898438,0.000364572815001842,gini,20,log2,8,2,best,"{'criterion': 'gini', 'max_depth': 20, 'max_features': 'log2', 'min_samples_leaf': 8, 'min_samples_split': 2, 'splitter': 'best'}",0.48693834900731453,0.5345717234262126,0.5238578680203045,0.5165829145728643,0.499496475327291,0.5122894660707974,0.017059310449652233,400
0.06579647064208985,0.0017943537655922132,0.006104612350463867,0.0007758381997485903,gini,20,log2,8,5,best,"{'criterion': 'gini', 'max_depth': 20, 'max_features': 'log2', 'min_samples_leaf': 8, 'min_samples_split': 5, 'splitter': 'best'}",0.48693834900731453,0.5345717234262126,0.5238578680203045,0.5165829145728643,0.499496475327291,0.5122894660707974,0.017059310449652233,400
0.08740253448486328,0.0034571393019086926,0.008551025390625,0.0013854680226791938,entropy,25,,1,5,random,"{'criterion': 'entropy', 'max_depth': 25, 'max_features': None, 'min_samples_leaf': 1, 'min_samples_split': 5, 'splitter': 'random'}",0.5593056894889104,0.5275958840037418,0.5185891325071497,0.4811320754716981,0.4738878143133462,0.5121021191569692,0.03139997402535222,403
0.06611800193786621,0.004065074143000245,0.006037855148315429,0.0007228983516792789,gini,10,sqrt,1,10,best,"{'criterion': 'gini', 'max_depth': 10, 'max_features': 'sqrt', 'min_samples_leaf': 1, 'min_samples_split': 10, 'splitter': 'best'}",0.5441176470588235,0.40931372549019607,0.5384615384615384,0.5475206611570248,0.5208333333333334,0.5120493811001833,0.05218421255014607,404
0.09224820137023926,0.007819448310570814,0.008579254150390625,0.0009314465939916384,gini,10,sqrt,1,5,best,"{'criterion': 'gini', 'max_depth': 10, 'max_features': 'sqrt', 'min_samples_leaf': 1, 'min_samples_split': 5, 'splitter': 'best'}",0.4375,0.5318039624608968,0.5343189017951425,0.4942648592283629,0.5621734587251829,0.512012236441917,0.04306388448916025,405
0.11541495323181153,0.006784081346725704,0.006786251068115234,0.0008791135896888633,entropy,,sqrt,2,5,best,"{'criterion': 'entropy', 'max_depth': None, 'max_features': 'sqrt', 'min_samples_leaf': 2, 'min_samples_split': 5, 'splitter': 'best'}",0.5056526207605344,0.538899430740038,0.5060690943043884,0.5137795275590551,0.49560975609756097,0.5120020858923154,0.014634555213453398,406
0.06743335723876953,0.0019096281139611866,0.005968523025512695,0.00035204330332974567,gini,15,log2,1,2,best,"{'criterion': 'gini', 'max_depth': 15, 'max_features': 'log2', 'min_samples_leaf': 1, 'min_samples_split': 2, 'splitter': 'best'}",0.4824742268041237,0.5262154432793136,0.5562444641275465,0.5004985044865404,0.49407114624505927,0.5119007569885167,0.02640114265144975,407
0.12323102951049805,0.004972955214648138,0.006797885894775391,0.0009134875188558809,entropy,20,sqrt,1,5,best,"{'criterion': 'entropy', 'max_depth': 20, 'max_features': 'sqrt', 'min_samples_leaf': 1, 'min_samples_split': 5, 'splitter': 'best'}",0.5121457489878543,0.527117031398668,0.5220729366602687,0.5257032007759457,0.47023208879919276,0.5114542013243859,0.0212643202132137,408
0.07916789054870606,0.0018692819385903363,0.006101274490356445,0.0006011504151843631,entropy,15,log2,2,20,best,"{'criterion': 'entropy', 'max_depth': 15, 'max_features': 'log2', 'min_samples_leaf': 2, 'min_samples_split': 20, 'splitter': 'best'}",0.49281767955801103,0.53220696937698,0.519453207150368,0.5079702444208289,0.5042735042735043,0.5113443209559385,0.013458242210355418,409
0.07096786499023437,0.003760600556718449,0.006481027603149414,0.0006141363567571668,gini,15,log2,4,20,best,"{'criterion': 'gini', 'max_depth': 15, 'max_features': 'log2', 'min_samples_leaf': 4, 'min_samples_split': 20, 'splitter': 'best'}",0.46557377049180326,0.5876591576885406,0.5154639175257731,0.5093167701863354,0.4785788923719958,0.5113185016528897,0.042458331598032854,410
0.10059885978698731,0.0106596167076705,0.00648188591003418,0.0008347109977055808,entropy,,sqrt,2,20,best,"{'criterion': 'entropy', 'max_depth': None, 'max_features': 'sqrt', 'min_samples_leaf': 2, 'min_samples_split': 20, 'splitter': 'best'}",0.5063045586808923,0.5714285714285714,0.4873294346978557,0.49085659287776706,0.4995083579154376,0.5110855031201048,0.030892501388447614,411
0.09563283920288086,0.004233307703838389,0.007283830642700195,0.0010748128351423098,entropy,10,sqrt,1,5,best,"{'criterion': 'entropy', 'max_depth': 10, 'max_features': 'sqrt', 'min_samples_leaf': 1, 'min_samples_split': 5, 'splitter': 'best'}",0.5015940488841658,0.586565752128666,0.5327868852459017,0.47586206896551725,0.45823389021479716,0.5110085290878096,0.0453701649884679,412
0.1441960334777832,0.004737053326374103,0.008272027969360352,0.001207144835908978,entropy,25,sqrt,1,2,best,"{'criterion': 'entropy', 'max_depth': 25, 'max_features': 'sqrt', 'min_samples_leaf': 1, 'min_samples_split': 2, 'splitter': 'best'}",0.5113636363636364,0.5380228136882129,0.496309963099631,0.5353901996370236,0.47373447946513847,0.5109642184507285,0.024206430272300544,413
0.08345928192138671,0.005144166949726154,0.005288505554199218,0.00043866070876396793,entropy,20,log2,2,10,best,"{'criterion': 'entropy', 'max_depth': 20, 'max_features': 'log2', 'min_samples_leaf': 2, 'min_samples_split': 10, 'splitter': 'best'}",0.482,0.5490196078431373,0.5009633911368016,0.5059288537549407,0.5122669283611384,0.5100357562192036,0.02195402878464814,414
0.07528409957885743,0.003211838597287689,0.00691690444946289,0.000978774012774647,gini,15,sqrt,4,2,best,"{'criterion': 'gini', 'max_depth': 15, 'max_features': 'sqrt', 'min_samples_leaf': 4, 'min_samples_split': 2, 'splitter': 'best'}",0.49119170984455957,0.5237592397043295,0.5409047160731473,0.4968017057569296,0.49726177437020813,0.5099838291498348,0.019155291629283318,415
0.07404398918151855,0.003282686481443693,0.006322908401489258,0.0008035202095955648,gini,15,sqrt,4,5,best,"{'criterion': 'gini', 'max_depth': 15, 'max_features': 'sqrt', 'min_samples_leaf': 4, 'min_samples_split': 5, 'splitter': 'best'}",0.49119170984455957,0.5237592397043295,0.5409047160731473,0.4968017057569296,0.49726177437020813,0.5099838291498348,0.019155291629283318,415
0.07224960327148437,0.006139587419381183,0.006852102279663086,0.001104946365135169,gini,20,log2,2,20,best,"{'criterion': 'gini', 'max_depth': 20, 'max_features': 'log2', 'min_samples_leaf': 2, 'min_samples_split': 20, 'splitter': 'best'}",0.5035389282103134,0.5281124497991968,0.5375494071146245,0.46464646464646464,0.5150300601202404,0.509775461978168,0.02534075257772983,417
0.10448975563049316,0.0021268769813921297,0.0060137748718261715,0.0007780390552082668,entropy,,sqrt,1,10,best,"{'criterion': 'entropy', 'max_depth': None, 'max_features': 'sqrt', 'min_samples_leaf': 1, 'min_samples_split': 10, 'splitter': 'best'}",0.48579823702252695,0.5383886255924171,0.5061845861084682,0.519742883379247,0.49862005519779207,0.5097468774600902,0.018057150066108283,418
0.06632452011108399,0.003792551954774023,0.0057334423065185545,0.000455282495565282,gini,,log2,8,2,best,"{'criterion': 'gini', 'max_depth': None, 'max_features': 'log2', 'min_samples_leaf': 8, 'min_samples_split': 2, 'splitter': 'best'}",0.504149377593361,0.5462012320328542,0.5183673469387755,0.5135135135135135,0.4653567735263702,0.5095176487209749,0.026149457399491125,419
0.08548126220703126,0.008055022932513204,0.0062392234802246095,0.0007134914637201489,gini,,log2,8,10,best,"{'criterion': 'gini', 'max_depth': None, 'max_features': 'log2', 'min_samples_leaf': 8, 'min_samples_split': 10, 'splitter': 'best'}",0.504149377593361,0.5462012320328542,0.5183673469387755,0.5135135135135135,0.4653567735263702,0.5095176487209749,0.026149457399491125,419
0.07181096076965332,0.00439432284352314,0.006573343276977539,0.0011800344136541966,gini,,log2,8,5,best,"{'criterion': 'gini', 'max_depth': None, 'max_features': 'log2', 'min_samples_leaf': 8, 'min_samples_split': 5, 'splitter': 'best'}",0.504149377593361,0.5462012320328542,0.5183673469387755,0.5135135135135135,0.4653567735263702,0.5095176487209749,0.026149457399491125,419
0.15722479820251464,0.010249940943534269,0.009386491775512696,0.0014718848202608552,entropy,,sqrt,1,2,best,"{'criterion': 'entropy', 'max_depth': None, 'max_features': 'sqrt', 'min_samples_leaf': 1, 'min_samples_split': 2, 'splitter': 'best'}",0.5083487940630798,0.49283667621776506,0.5249537892791127,0.5371747211895911,0.4842300556586271,0.5095088072816352,0.019607504327479593,422
0.06233506202697754,0.00452770457784874,0.00599203109741211,0.0007434383349133624,gini,10,sqrt,4,5,best,"{'criterion': 'gini', 'max_depth': 10, 'max_features': 'sqrt', 'min_samples_leaf': 4, 'min_samples_split': 5, 'splitter': 'best'}",0.5213849287169042,0.5081081081081081,0.5062713797035348,0.4994797086368366,0.5115257958287596,0.5093539841988287,0.007183541846956897,423
0.06286783218383789,0.003658574117130373,0.005804538726806641,0.0006416319099816132,gini,10,sqrt,4,2,best,"{'criterion': 'gini', 'max_depth': 10, 'max_features': 'sqrt', 'min_samples_leaf': 4, 'min_samples_split': 2, 'splitter': 'best'}",0.5213849287169042,0.5081081081081081,0.5062713797035348,0.4994797086368366,0.5115257958287596,0.5093539841988287,0.007183541846956897,423
0.08083629608154297,0.004956084630577269,0.005847549438476563,0.0003698671139030383,gini,15,sqrt,2,20,best,"{'criterion': 'gini', 'max_depth': 15, 'max_features': 'sqrt', 'min_samples_leaf': 2, 'min_samples_split': 20, 'splitter': 'best'}",0.5333333333333333,0.49356223175965663,0.49659201557935734,0.506280193236715,0.515736040609137,0.5091007629036398,0.014402185270578769,425
0.06591401100158692,0.0024621803141843084,0.005809164047241211,0.0004589065451053274,gini,20,log2,2,5,best,"{'criterion': 'gini', 'max_depth': 20, 'max_features': 'log2', 'min_samples_leaf': 2, 'min_samples_split': 5, 'splitter': 'best'}",0.49691991786447637,0.53125,0.525691699604743,0.484,0.5071225071225072,0.5089968249183453,0.017596185093339385,426
0.0891106128692627,0.0043962243657864235,0.0061169624328613285,0.0004113013796091537,entropy,20,sqrt,4,5,best,"{'criterion': 'entropy', 'max_depth': 20, 'max_features': 'sqrt', 'min_samples_leaf': 4, 'min_samples_split': 5, 'splitter': 'best'}",0.5093555093555093,0.532304725168756,0.48202137998056366,0.5215723873441994,0.4985507246376812,0.508760945297342,0.01753880887416287,427
0.09502005577087402,0.006262717428958179,0.006781959533691406,0.0005786037766517474,entropy,20,sqrt,4,2,best,"{'criterion': 'entropy', 'max_depth': 20, 'max_features': 'sqrt', 'min_samples_leaf': 4, 'min_samples_split': 2, 'splitter': 'best'}",0.5093555093555093,0.532304725168756,0.48202137998056366,0.5215723873441994,0.4985507246376812,0.508760945297342,0.01753880887416287,427
0.05577807426452637,0.0017927081385079005,0.0066192626953125,0.0006328947063673604,gini,10,log2,8,5,best,"{'criterion': 'gini', 'max_depth': 10, 'max_features': 'log2', 'min_samples_leaf': 8, 'min_samples_split': 5, 'splitter': 'best'}",0.48812095032397407,0.536741214057508,0.4730941704035874,0.5341745531019979,0.5112936344969199,0.5086849044767975,0.025033021107777286,429
0.05602960586547852,0.0021300632646526463,0.005708837509155273,0.00046674382869964085,gini,10,log2,8,10,best,"{'criterion': 'gini', 'max_depth': 10, 'max_features': 'log2', 'min_samples_leaf': 8, 'min_samples_split': 10, 'splitter': 'best'}",0.48812095032397407,0.536741214057508,0.4730941704035874,0.5341745531019979,0.5112936344969199,0.5086849044767975,0.025033021107777286,429
0.05493450164794922,0.0017611421386688802,0.006109285354614258,0.0005730660311961871,gini,10,log2,8,2,best,"{'criterion': 'gini', 'max_depth': 10, 'max_features': 'log2', 'min_samples_leaf': 8, 'min_samples_split': 2, 'splitter': 'best'}",0.48812095032397407,0.536741214057508,0.4730941704035874,0.5341745531019979,0.5112936344969199,0.5086849044767975,0.025033021107777286,429
0.07884707450866699,0.004797566457408564,0.006560325622558594,0.0013793695963050072,gini,25,sqrt,4,20,best,"{'criterion': 'gini', 'max_depth': 25, 'max_features': 'sqrt', 'min_samples_leaf': 4, 'min_samples_split': 20, 'splitter': 'best'}",0.4959839357429719,0.5413826679649465,0.5399792315680166,0.49101796407185627,0.47497546614327774,0.5086678530982138,0.027048988203932197,432
0.07477030754089356,0.002205896648136413,0.0059970378875732425,0.00044904291164541007,gini,25,log2,2,20,best,"{'criterion': 'gini', 'max_depth': 25, 'max_features': 'log2', 'min_samples_leaf': 2, 'min_samples_split': 20, 'splitter': 'best'}",0.5228628230616302,0.502,0.512241054613936,0.48880233690360275,0.5172413793103449,0.5086295187779026,0.012057047267565115,433
0.09653196334838868,0.0031388730771862248,0.00605621337890625,0.00038490591364687745,entropy,20,sqrt,2,2,best,"{'criterion': 'entropy', 'max_depth': 20, 'max_features': 'sqrt', 'min_samples_leaf': 2, 'min_samples_split': 2, 'splitter': 'best'}",0.4772065955383123,0.5495750708215298,0.5209756097560976,0.5061845861084682,0.48914069877242683,0.508616512199367,0.025306739239297146,434
0.10661964416503907,0.00553559139188804,0.016883087158203126,0.010427135542378858,gini,10,sqrt,1,2,best,"{'criterion': 'gini', 'max_depth': 10, 'max_features': 'sqrt', 'min_samples_leaf': 1, 'min_samples_split': 2, 'splitter': 'best'}",0.5363735070575462,0.4364060676779463,0.5359911406423035,0.5129802699896158,0.5184381778741866,0.5080378326483197,0.037008113954896074,435
0.08863272666931152,0.00301359238347305,0.005974245071411133,0.0010688634937967819,entropy,20,log2,1,5,best,"{'criterion': 'entropy', 'max_depth': 20, 'max_features': 'log2', 'min_samples_leaf': 1, 'min_samples_split': 5, 'splitter': 'best'}",0.5288562434417629,0.5192497532082923,0.5212464589235127,0.49442755825734547,0.4752275025278059,0.5078015032717438,0.019975281086527654,436
0.19024014472961426,0.061457943193180056,0.020274925231933593,0.0159454297658637,entropy,15,log2,2,2,best,"{'criterion': 'entropy', 'max_depth': 15, 'max_features': 'log2', 'min_samples_leaf': 2, 'min_samples_split': 2, 'splitter': 'best'}",0.47706422018348627,0.5197018104366348,0.48060344827586204,0.5269230769230769,0.5342205323193916,0.5077026176276903,0.02404031139854999,437
0.07322206497192382,0.0040395933921934446,0.005752182006835938,0.0007054436249514032,entropy,10,sqrt,4,20,best,"{'criterion': 'entropy', 'max_depth': 10, 'max_features': 'sqrt', 'min_samples_leaf': 4, 'min_samples_split': 20, 'splitter': 'best'}",0.4815668202764977,0.5151515151515151,0.48325358851674644,0.5264367816091954,0.5317286652078774,0.5076274741523664,0.02128150667444741,438
0.08189988136291504,0.0051185438473300635,0.006553936004638672,0.0010576116102716656,gini,20,sqrt,1,20,best,"{'criterion': 'gini', 'max_depth': 20, 'max_features': 'sqrt', 'min_samples_leaf': 1, 'min_samples_split': 20, 'splitter': 'best'}",0.4899598393574297,0.551094890510949,0.4956605593056895,0.481064483111566,0.5201535508637236,0.5075866646298716,0.02532688460435693,439
0.06610641479492188,0.004129964936538779,0.006025457382202148,0.00048540703187856433,gini,25,log2,8,5,best,"{'criterion': 'gini', 'max_depth': 25, 'max_features': 'log2', 'min_samples_leaf': 8, 'min_samples_split': 5, 'splitter': 'best'}",0.504149377593361,0.558282208588957,0.4852941176470588,0.5135135135135135,0.47657841140529533,0.5075635257496371,0.028549771975096137,440
0.06961016654968262,0.003986841414960119,0.006062841415405274,0.0007847861163179557,gini,25,log2,8,2,best,"{'criterion': 'gini', 'max_depth': 25, 'max_features': 'log2', 'min_samples_leaf': 8, 'min_samples_split': 2, 'splitter': 'best'}",0.504149377593361,0.558282208588957,0.4852941176470588,0.5135135135135135,0.47657841140529533,0.5075635257496371,0.028549771975096137,440
0.06796674728393555,0.005027571471239282,0.005953502655029297,0.00047212348486233124,gini,25,log2,8,10,best,"{'criterion': 'gini', 'max_depth': 25, 'max_features': 'log2', 'min_samples_leaf': 8, 'min_samples_split': 10, 'splitter': 'best'}",0.504149377593361,0.558282208588957,0.4852941176470588,0.5135135135135135,0.47657841140529533,0.5075635257496371,0.028549771975096137,440
0.07190208435058594,0.0026974625289862718,0.005068016052246094,0.00017569999298559902,entropy,10,sqrt,2,2,best,"{'criterion': 'entropy', 'max_depth': 10, 'max_features': 'sqrt', 'min_samples_leaf': 2, 'min_samples_split': 2, 'splitter': 'best'}",0.517799352750809,0.5079006772009029,0.5053635280095352,0.5302530253025303,0.47342995169082125,0.5069493069909197,0.018909012455054695,443
0.05763235092163086,0.002669724433027011,0.00642247200012207,0.0008998268466271954,gini,10,log2,1,2,best,"{'criterion': 'gini', 'max_depth': 10, 'max_features': 'log2', 'min_samples_leaf': 1, 'min_samples_split': 2, 'splitter': 'best'}",0.5250255362614913,0.49217002237136465,0.49130434782608695,0.5158562367864693,0.510314875135722,0.5069342036762269,0.013271031403375955,444
0.07174124717712402,0.0029071921939748664,0.005672025680541992,0.0004644654705316266,gini,20,log2,2,10,best,"{'criterion': 'gini', 'max_depth': 20, 'max_features': 'log2', 'min_samples_leaf': 2, 'min_samples_split': 10, 'splitter': 'best'}",0.4890738813735692,0.4794520547945205,0.5222437137330754,0.5214659685863874,0.522432701894317,0.5069336640763739,0.018761750211834217,445
0.0775113582611084,0.00304642707339236,0.006721782684326172,0.0005432606894379894,gini,15,sqrt,8,20,best,"{'criterion': 'gini', 'max_depth': 15, 'max_features': 'sqrt', 'min_samples_leaf': 8, 'min_samples_split': 20, 'splitter': 'best'}",0.49469214437367304,0.5022026431718062,0.5058949624866024,0.4956140350877193,0.5362318840579711,0.5069271338355544,0.015230467791465155,446
0.08680367469787598,0.005659608851315517,0.006293869018554688,0.0010503176451121133,entropy,20,log2,1,2,best,"{'criterion': 'entropy', 'max_depth': 20, 'max_features': 'log2', 'min_samples_leaf': 1, 'min_samples_split': 2, 'splitter': 'best'}",0.5029013539651838,0.5586272640610105,0.5,0.4786680541103018,0.4942084942084942,0.506881033268998,0.027193470931970075,447
0.060506153106689456,0.0011905134170497697,0.006042909622192383,0.0008164793059259491,gini,10,log2,2,20,best,"{'criterion': 'gini', 'max_depth': 10, 'max_features': 'log2', 'min_samples_leaf': 2, 'min_samples_split': 20, 'splitter': 'best'}",0.49017341040462425,0.4637002341920375,0.5150812064965197,0.564870259481038,0.5005740528128588,0.5068798326774157,0.033506707578043256,448
0.07283859252929688,0.0022545238302511283,0.006509017944335937,0.0006942022824035596,gini,,sqrt,8,20,best,"{'criterion': 'gini', 'max_depth': None, 'max_features': 'sqrt', 'min_samples_leaf': 8, 'min_samples_split': 20, 'splitter': 'best'}",0.49471458773784355,0.5140562248995983,0.5014985014985015,0.5298281092012134,0.4939759036144578,0.5068146653903229,0.013576200218187272,449
0.13002724647521974,0.0062688018665677725,0.007019186019897461,0.0009504879722070928,entropy,,sqrt,1,5,best,"{'criterion': 'entropy', 'max_depth': None, 'max_features': 'sqrt', 'min_samples_leaf': 1, 'min_samples_split': 5, 'splitter': 'best'}",0.49358341559723595,0.5244360902255639,0.504725897920605,0.49343339587242024,0.5160697887970616,0.5064497176825773,0.012280010446994198,450
0.07903876304626464,0.0016622176784581873,0.006816720962524414,0.0013929503217671873,entropy,15,log2,2,10,best,"{'criterion': 'entropy', 'max_depth': 15, 'max_features': 'log2', 'min_samples_leaf': 2, 'min_samples_split': 10, 'splitter': 'best'}",0.4966292134831461,0.5811088295687885,0.495850622406639,0.44640883977900553,0.5119521912350598,0.5063899392945277,0.04340030524866446,451
0.07311906814575195,0.0022347306643107465,0.00620875358581543,0.00040667991789023595,gini,20,sqrt,8,20,best,"{'criterion': 'gini', 'max_depth': 20, 'max_features': 'sqrt', 'min_samples_leaf': 8, 'min_samples_split': 20, 'splitter': 'best'}",0.4820846905537459,0.5269343780607247,0.5014749262536873,0.5165829145728643,0.5044687189672294,0.5063091256816503,0.015129650439660525,452
0.07055797576904296,0.004518049993957571,0.00570068359375,0.0005805952986006478,entropy,10,sqrt,2,10,best,"{'criterion': 'entropy', 'max_depth': 10, 'max_features': 'sqrt', 'min_samples_leaf': 2, 'min_samples_split': 10, 'splitter': 'best'}",0.4935370152761457,0.5146579804560261,0.5474613686534217,0.4323040380047506,0.5425425425425425,0.5061005889865774,0.041751007996398276,453
0.06677236557006835,0.002082685087750382,0.006381320953369141,0.0005598204585076946,gini,10,sqrt,2,10,best,"{'criterion': 'gini', 'max_depth': 10, 'max_features': 'sqrt', 'min_samples_leaf': 2, 'min_samples_split': 10, 'splitter': 'best'}",0.5263157894736842,0.5894941634241245,0.4288990825688073,0.5115766262403528,0.47264260768335276,0.5057856538780643,0.05379989360148666,454
0.14091124534606933,0.00717314542721009,0.008247566223144532,0.0006866353484567779,entropy,20,sqrt,1,2,best,"{'criterion': 'entropy', 'max_depth': 20, 'max_features': 'sqrt', 'min_samples_leaf': 1, 'min_samples_split': 2, 'splitter': 'best'}",0.47884615384615387,0.5344506517690876,0.5045226130653266,0.51661918328585,0.49427480916030536,0.5057426822253446,0.018967707878852103,455
0.08784222602844238,0.005149254220152626,0.006479978561401367,0.0011240304230546263,entropy,25,log2,1,20,best,"{'criterion': 'entropy', 'max_depth': 25, 'max_features': 'log2', 'min_samples_leaf': 1, 'min_samples_split': 20, 'splitter': 'best'}",0.5133470225872689,0.5270403146509341,0.4722502522704339,0.49382716049382713,0.5201970443349754,0.5053323588674878,0.019915945467894297,456
0.08842439651489258,0.0038408805133227897,0.006098413467407226,0.0004680987904681301,entropy,20,sqrt,8,5,best,"{'criterion': 'entropy', 'max_depth': 20, 'max_features': 'sqrt', 'min_samples_leaf': 8, 'min_samples_split': 5, 'splitter': 'best'}",0.49641025641025643,0.5424710424710425,0.48585365853658535,0.49440488301119023,0.5058823529411764,0.5050044386740502,0.01978625817302561,457
0.09356966018676757,0.007008893069872415,0.006105184555053711,0.0006916361813145187,entropy,20,sqrt,8,2,best,"{'criterion': 'entropy', 'max_depth': 20, 'max_features': 'sqrt', 'min_samples_leaf': 8, 'min_samples_split': 2, 'splitter': 'best'}",0.49641025641025643,0.5424710424710425,0.48585365853658535,0.49440488301119023,0.5058823529411764,0.5050044386740502,0.01978625817302561,457
0.16720385551452638,0.06621919735942998,0.031995296478271484,0.03992631633630692,entropy,20,sqrt,8,10,best,"{'criterion': 'entropy', 'max_depth': 20, 'max_features': 'sqrt', 'min_samples_leaf': 8, 'min_samples_split': 10, 'splitter': 'best'}",0.49641025641025643,0.5424710424710425,0.48585365853658535,0.49440488301119023,0.5058823529411764,0.5050044386740502,0.01978625817302561,457
0.07723078727722169,0.003515159974758447,0.005974340438842774,0.0005420266181570871,gini,15,sqrt,2,10,best,"{'criterion': 'gini', 'max_depth': 15, 'max_features': 'sqrt', 'min_samples_leaf': 2, 'min_samples_split': 10, 'splitter': 'best'}",0.49334698055271237,0.522,0.5170340681362725,0.4718162839248434,0.5206611570247934,0.5049716979277244,0.01957569158432304,460
0.08798151016235352,0.0017844264290943891,0.006946134567260742,0.0005153738948739067,gini,20,sqrt,1,10,best,"{'criterion': 'gini', 'max_depth': 20, 'max_features': 'sqrt', 'min_samples_leaf': 1, 'min_samples_split': 10, 'splitter': 'best'}",0.4645030425963489,0.5258033106134372,0.5409047160731473,0.5057915057915058,0.4876190476190476,0.5049243245386974,0.0270725886495374,461
0.0984419345855713,0.0029839160033407154,0.007600641250610352,0.0005561047116137556,gini,15,sqrt,1,2,best,"{'criterion': 'gini', 'max_depth': 15, 'max_features': 'sqrt', 'min_samples_leaf': 1, 'min_samples_split': 2, 'splitter': 'best'}",0.525679758308157,0.4723926380368098,0.5160642570281124,0.48289345063538613,0.5262096774193549,0.5046479562855641,0.022588671977897507,462
0.08782792091369629,0.007453834820935092,0.00558004379272461,0.00048433457382854696,entropy,,log2,2,10,best,"{'criterion': 'entropy', 'max_depth': None, 'max_features': 'log2', 'min_samples_leaf': 2, 'min_samples_split': 10, 'splitter': 'best'}",0.5269461077844312,0.5170454545454546,0.4885057471264368,0.49474689589302767,0.49500998003992014,0.5044508370778541,0.014847247172492544,463
0.07745251655578614,0.007089017774457801,0.005655813217163086,0.00042064360653542025,entropy,15,log2,1,10,best,"{'criterion': 'entropy', 'max_depth': 15, 'max_features': 'log2', 'min_samples_leaf': 1, 'min_samples_split': 10, 'splitter': 'best'}",0.5203252032520326,0.4946236559139785,0.5270684371807968,0.47560975609756095,0.5045592705167173,0.5044372645922173,0.01839534514129498,464
0.10083746910095215,0.008559648444975308,0.006166505813598633,0.0009431751166919352,entropy,20,sqrt,2,10,best,"{'criterion': 'entropy', 'max_depth': 20, 'max_features': 'sqrt', 'min_samples_leaf': 2, 'min_samples_split': 10, 'splitter': 'best'}",0.4747583243823845,0.5376984126984127,0.524975514201763,0.4817073170731707,0.5014985014985015,0.5041276139708464,0.024223008019435242,465
0.023766136169433592,0.002056713046893687,0.006273603439331055,0.0008365913901439222,entropy,20,sqrt,1,20,random,"{'criterion': 'entropy', 'max_depth': 20, 'max_features': 'sqrt', 'min_samples_leaf': 1, 'min_samples_split': 20, 'splitter': 'random'}",0.5063045586808923,0.49527806925498424,0.47871116225546606,0.5256673511293635,0.5144628099173554,0.5040847902476123,0.01612338010780171,466
0.07668123245239258,0.0038164004773370724,0.006089591979980468,0.0011908328511399857,entropy,25,log2,8,20,best,"{'criterion': 'entropy', 'max_depth': 25, 'max_features': 'log2', 'min_samples_leaf': 8, 'min_samples_split': 20, 'splitter': 'best'}",0.46996838777660693,0.5404339250493096,0.49147442326980945,0.5191919191919192,0.49798387096774194,0.5038105052510774,0.02412169261645308,467
0.07484431266784668,0.005827212127608582,0.0059354305267333984,0.0007424841174554751,gini,20,log2,1,10,best,"{'criterion': 'gini', 'max_depth': 20, 'max_features': 'log2', 'min_samples_leaf': 1, 'min_samples_split': 10, 'splitter': 'best'}",0.4863773965691221,0.5004793863854267,0.5533522190745986,0.4726166328600406,0.5054509415262636,0.5036553152830903,0.027367934982661924,468
0.08097658157348633,0.0034638095939775195,0.00680246353149414,0.0011244213867413824,gini,15,sqrt,2,2,best,"{'criterion': 'gini', 'max_depth': 15, 'max_features': 'sqrt', 'min_samples_leaf': 2, 'min_samples_split': 2, 'splitter': 'best'}",0.46652267818574517,0.5487228003784295,0.518595041322314,0.5165829145728643,0.4675876726886291,0.5036022214295964,0.031940851384022854,469
0.12908177375793456,0.007754955325723821,0.009093475341796876,0.0026580286041355808,entropy,15,sqrt,1,2,best,"{'criterion': 'entropy', 'max_depth': 15, 'max_features': 'sqrt', 'min_samples_leaf': 1, 'min_samples_split': 2, 'splitter': 'best'}",0.4850361197110423,0.5514563106796116,0.5038167938931297,0.5252525252525253,0.4506104328523862,0.503234436477739,0.03438298711775065,470
0.0827376365661621,0.0027840207347208873,0.005997943878173828,0.00045496663257381094,entropy,20,log2,1,10,best,"{'criterion': 'entropy', 'max_depth': 20, 'max_features': 'log2', 'min_samples_leaf': 1, 'min_samples_split': 10, 'splitter': 'best'}",0.45181347150259066,0.5426829268292683,0.5487571701720841,0.492725509214355,0.4801587301587302,0.5032275615754056,0.03719017034385089,471
0.09527287483215333,0.007678509107370706,0.006026649475097656,0.0007988700206519525,entropy,25,sqrt,4,10,best,"{'criterion': 'entropy', 'max_depth': 25, 'max_features': 'sqrt', 'min_samples_leaf': 4, 'min_samples_split': 10, 'splitter': 'best'}",0.49173955296404276,0.5401322001888574,0.501953125,0.485024154589372,0.49603174603174605,0.5029761557548037,0.01938235612320311,472
0.08340506553649903,0.002361040968036423,0.006024026870727539,0.0009082323197910537,entropy,,log2,8,2,best,"{'criterion': 'entropy', 'max_depth': None, 'max_features': 'log2', 'min_samples_leaf': 8, 'min_samples_split': 2, 'splitter': 'best'}",0.5138178096212896,0.5234765234765235,0.5190243902439025,0.4847870182555781,0.47342026078234706,0.5029052004759282,0.019998614166157325,473
0.07907729148864746,0.002254324441688659,0.006089115142822265,0.0005840471487605428,entropy,,log2,8,5,best,"{'criterion': 'entropy', 'max_depth': None, 'max_features': 'log2', 'min_samples_leaf': 8, 'min_samples_split': 5, 'splitter': 'best'}",0.5138178096212896,0.5234765234765235,0.5190243902439025,0.4847870182555781,0.47342026078234706,0.5029052004759282,0.019998614166157325,473
0.08243598937988281,0.0066544587052755014,0.007002496719360351,0.0007929379514452132,entropy,,log2,8,10,best,"{'criterion': 'entropy', 'max_depth': None, 'max_features': 'log2', 'min_samples_leaf': 8, 'min_samples_split': 10, 'splitter': 'best'}",0.5138178096212896,0.5234765234765235,0.5190243902439025,0.4847870182555781,0.47342026078234706,0.5029052004759282,0.019998614166157325,473
0.06369895935058593,0.004803173436216461,0.007201719284057617,0.0008542285213311432,gini,10,log2,8,20,best,"{'criterion': 'gini', 'max_depth': 10, 'max_features': 'log2', 'min_samples_leaf': 8, 'min_samples_split': 20, 'splitter': 'best'}",0.5,0.5520833333333334,0.5034324942791762,0.555431131019037,0.4032073310423826,0.5028308579347859,0.055001487061426886,476
0.024703311920166015,0.002750400272550958,0.006605815887451172,0.0005225950215189427,gini,25,sqrt,1,20,random,"{'criterion': 'gini', 'max_depth': 25, 'max_features': 'sqrt', 'min_samples_leaf': 1, 'min_samples_split': 20, 'splitter': 'random'}",0.4607329842931937,0.5026178010471204,0.502,0.5397784491440081,0.5090180360721442,0.5028294541112932,0.025204651725037726,477
0.08697509765625,0.004871854208510197,0.00639495849609375,0.0010868288749667173,gini,,sqrt,4,5,best,"{'criterion': 'gini', 'max_depth': None, 'max_features': 'sqrt', 'min_samples_leaf': 4, 'min_samples_split': 5, 'splitter': 'best'}",0.45435684647302904,0.5283018867924528,0.5004721435316336,0.504835589941973,0.5257936507936508,0.5027520235065478,0.02659076668267643,478
0.08422656059265136,0.005265511870169354,0.006313800811767578,0.0008061548244465516,gini,,sqrt,4,2,best,"{'criterion': 'gini', 'max_depth': None, 'max_features': 'sqrt', 'min_samples_leaf': 4, 'min_samples_split': 2, 'splitter': 'best'}",0.45435684647302904,0.5283018867924528,0.5004721435316336,0.504835589941973,0.5257936507936508,0.5027520235065478,0.02659076668267643,478
0.05871658325195313,0.0029530660774330017,0.00620269775390625,0.00040201492935532817,gini,10,log2,2,10,best,"{'criterion': 'gini', 'max_depth': 10, 'max_features': 'log2', 'min_samples_leaf': 2, 'min_samples_split': 10, 'splitter': 'best'}",0.4752475247524752,0.5047120418848168,0.5404837013669821,0.4808362369337979,0.511340206185567,0.5025239422247278,0.02340007314259708,480
0.0858809471130371,0.004478119246329534,0.00589447021484375,0.0007468519648232716,entropy,15,sqrt,4,5,best,"{'criterion': 'entropy', 'max_depth': 15, 'max_features': 'sqrt', 'min_samples_leaf': 4, 'min_samples_split': 5, 'splitter': 'best'}",0.49730893433799783,0.5544747081712063,0.5128693994280267,0.48472075869336145,0.4628099173553719,0.5024367435971928,0.03074809253141353,481
0.08862648010253907,0.010191523041327094,0.006428718566894531,0.001085687833154562,entropy,15,sqrt,4,2,best,"{'criterion': 'entropy', 'max_depth': 15, 'max_features': 'sqrt', 'min_samples_leaf': 4, 'min_samples_split': 2, 'splitter': 'best'}",0.49730893433799783,0.5544747081712063,0.5128693994280267,0.48472075869336145,0.4628099173553719,0.5024367435971928,0.03074809253141353,481
0.08735308647155762,0.0036105270471710896,0.006384849548339844,0.001008819156363425,entropy,25,log2,2,5,best,"{'criterion': 'entropy', 'max_depth': 25, 'max_features': 'log2', 'min_samples_leaf': 2, 'min_samples_split': 5, 'splitter': 'best'}",0.5,0.5037735849056604,0.491395793499044,0.5138339920948617,0.5029239766081871,0.5023854694215506,0.007207620512089644,483
0.07118220329284668,0.0029883947111491974,0.0066811561584472655,0.0011433392569824069,gini,15,log2,2,5,best,"{'criterion': 'gini', 'max_depth': 15, 'max_features': 'log2', 'min_samples_leaf': 2, 'min_samples_split': 5, 'splitter': 'best'}",0.5142255005268704,0.5617977528089888,0.4844844844844845,0.5078740157480315,0.44299674267100975,0.5022756992478771,0.038852376436904,484
0.07988381385803223,0.0040416030199481225,0.006136751174926758,0.0005841375388640894,entropy,,log2,8,20,best,"{'criterion': 'entropy', 'max_depth': None, 'max_features': 'log2', 'min_samples_leaf': 8, 'min_samples_split': 20, 'splitter': 'best'}",0.46996838777660693,0.5356793743890518,0.49502982107355864,0.5461613216715258,0.46356275303643724,0.502080331589436,0.033575347668272706,485
0.06679692268371581,0.0035856313404553524,0.005674409866333008,0.0003800429663478987,gini,15,log2,1,5,best,"{'criterion': 'gini', 'max_depth': 15, 'max_features': 'log2', 'min_samples_leaf': 1, 'min_samples_split': 5, 'splitter': 'best'}",0.437703141928494,0.5337301587301587,0.5483549351944168,0.47368421052631576,0.5168756027000965,0.5020696098158963,0.04077428652806524,486
0.09419145584106445,0.0036332090692548225,0.006460666656494141,0.0003091623643522114,entropy,20,log2,2,2,best,"{'criterion': 'entropy', 'max_depth': 20, 'max_features': 'log2', 'min_samples_leaf': 2, 'min_samples_split': 2, 'splitter': 'best'}",0.5076452599388379,0.5103857566765578,0.5009784735812133,0.5158730158730159,0.47474747474747475,0.5019259961634199,0.014410875825244607,487
0.0711446762084961,0.0036876342830756345,0.0063517093658447266,0.0007327255318666434,gini,25,log2,4,10,best,"{'criterion': 'gini', 'max_depth': 25, 'max_features': 'log2', 'min_samples_leaf': 4, 'min_samples_split': 10, 'splitter': 'best'}",0.5308254963427377,0.5045226130653266,0.4760956175298805,0.5060240963855421,0.49060336300692386,0.5016142372660821,0.0181859422042327,488
0.10041861534118653,0.005686609547519929,0.0070397377014160155,0.0011768297244814218,entropy,,log2,1,10,best,"{'criterion': 'entropy', 'max_depth': None, 'max_features': 'log2', 'min_samples_leaf': 1, 'min_samples_split': 10, 'splitter': 'best'}",0.48554913294797686,0.5080568720379147,0.5370892018779343,0.5121951219512195,0.46476190476190476,0.50153044671539,0.02460927736120543,489
0.1029996395111084,0.006485336224796975,0.00623016357421875,0.0006286124453151355,entropy,25,sqrt,1,10,best,"{'criterion': 'entropy', 'max_depth': 25, 'max_features': 'sqrt', 'min_samples_leaf': 1, 'min_samples_split': 10, 'splitter': 'best'}",0.4708209693372898,0.5004757373929591,0.5198067632850242,0.5238558909444986,0.4919278252611586,0.501377437244186,0.01933249543785421,490
0.0749394416809082,0.0020195163203161346,0.006752157211303711,0.0008334841631027158,gini,,log2,1,20,best,"{'criterion': 'gini', 'max_depth': None, 'max_features': 'log2', 'min_samples_leaf': 1, 'min_samples_split': 20, 'splitter': 'best'}",0.48717948717948717,0.534466477809254,0.532304725168756,0.4838709677419355,0.46893787575150303,0.5013519067301871,0.02687661398004115,491
0.08144946098327636,0.006145155272298997,0.006598281860351563,0.0006502008254693957,gini,15,sqrt,2,5,best,"{'criterion': 'gini', 'max_depth': 15, 'max_features': 'sqrt', 'min_samples_leaf': 2, 'min_samples_split': 5, 'splitter': 'best'}",0.48898216159496327,0.5032537960954447,0.5364850976361768,0.5129265770423992,0.46458333333333335,0.5012461931404635,0.02398672127142747,492
0.07335996627807617,0.0034862469578057866,0.006109189987182617,0.0006714958845870888,entropy,15,log2,4,10,best,"{'criterion': 'entropy', 'max_depth': 15, 'max_features': 'log2', 'min_samples_leaf': 4, 'min_samples_split': 10, 'splitter': 'best'}",0.482897384305835,0.5380710659898477,0.5090521831735889,0.45376344086021503,0.5219885277246654,0.5011545204108303,0.029794287086902863,493
0.08204526901245117,0.0031748763539003644,0.0066795825958251955,0.0009067025198362252,gini,15,sqrt,1,5,best,"{'criterion': 'gini', 'max_depth': 15, 'max_features': 'sqrt', 'min_samples_leaf': 1, 'min_samples_split': 5, 'splitter': 'best'}",0.49258160237388726,0.5413105413105413,0.5274509803921569,0.4349514563106796,0.508637236084453,0.5009863632943435,0.0369220803632122,494
0.0734036922454834,0.005637408521115258,0.0055387020111083984,0.0007469680337406194,entropy,15,log2,4,20,best,"{'criterion': 'entropy', 'max_depth': 15, 'max_features': 'log2', 'min_samples_leaf': 4, 'min_samples_split': 20, 'splitter': 'best'}",0.43155452436194897,0.5365365365365365,0.559322033898305,0.4419642857142857,0.5354166666666667,0.5009588094355486,0.05321032451695575,495
0.07428088188171386,0.00344979195213859,0.006276845932006836,0.0006237092914614248,gini,,log2,2,20,best,"{'criterion': 'gini', 'max_depth': None, 'max_features': 'log2', 'min_samples_leaf': 2, 'min_samples_split': 20, 'splitter': 'best'}",0.5009861932938856,0.4817073170731707,0.5447470817120622,0.45708582834331335,0.5199203187250996,0.5008893478295062,0.030240326310740338,496
0.10477547645568848,0.008790985512652257,0.006486654281616211,0.0006154496950227906,entropy,20,sqrt,4,10,best,"{'criterion': 'entropy', 'max_depth': 20, 'max_features': 'sqrt', 'min_samples_leaf': 4, 'min_samples_split': 10, 'splitter': 'best'}",0.4896694214876033,0.5228136882129277,0.49258160237388726,0.4477317554240631,0.5507776761207686,0.50071482872385,0.03461215026076827,497
0.08823018074035645,0.002135089908256967,0.006323766708374023,0.0007758113659399985,entropy,20,log2,2,5,best,"{'criterion': 'entropy', 'max_depth': 20, 'max_features': 'log2', 'min_samples_leaf': 2, 'min_samples_split': 5, 'splitter': 'best'}",0.5025432349949135,0.44083969465648853,0.49342770475227504,0.5320574162679426,0.532555879494655,0.5002847860332549,0.03357607049499119,498
0.10294160842895508,0.0034132899377599785,0.006473541259765625,0.0004856678803117912,entropy,,sqrt,2,10,best,"{'criterion': 'entropy', 'max_depth': None, 'max_features': 'sqrt', 'min_samples_leaf': 2, 'min_samples_split': 10, 'splitter': 'best'}",0.5034146341463415,0.527536231884058,0.4695817490494297,0.4932562620423892,0.5057251908396947,0.4999028135923826,0.018832856232768095,499
0.08953938484191895,0.005203090368914913,0.006829166412353515,0.0011460068755750937,entropy,20,log2,4,5,best,"{'criterion': 'entropy', 'max_depth': 20, 'max_features': 'log2', 'min_samples_leaf': 4, 'min_samples_split': 5, 'splitter': 'best'}",0.5077399380804953,0.4980392156862745,0.5319548872180451,0.4722792607802875,0.4891640866873065,0.49983547769048176,0.019852391271525473,500
0.0813931941986084,0.003636252992317643,0.006137943267822266,0.0006677530860582032,entropy,20,log2,4,2,best,"{'criterion': 'entropy', 'max_depth': 20, 'max_features': 'log2', 'min_samples_leaf': 4, 'min_samples_split': 2, 'splitter': 'best'}",0.5077399380804953,0.4980392156862745,0.5319548872180451,0.4722792607802875,0.4891640866873065,0.49983547769048176,0.019852391271525473,500
0.08712229728698731,0.006724874554765813,0.005851173400878906,0.00039101491895711295,entropy,25,log2,1,10,best,"{'criterion': 'entropy', 'max_depth': 25, 'max_features': 'log2', 'min_samples_leaf': 1, 'min_samples_split': 10, 'splitter': 'best'}",0.504364694471387,0.47912524850894633,0.5366317792578497,0.4966698382492864,0.48209099709583736,0.49977651151666136,0.02063136295077921,502
0.08142385482788086,0.0038250360295960465,0.0065307140350341795,0.0005614152276365382,gini,25,log2,1,2,best,"{'criterion': 'gini', 'max_depth': 25, 'max_features': 'log2', 'min_samples_leaf': 1, 'min_samples_split': 2, 'splitter': 'best'}",0.5052631578947369,0.5122615803814714,0.5231607629427792,0.4716981132075472,0.4860710854947166,0.4996909399842503,0.018487844598056663,503
0.07368273735046386,0.0042699423390228615,0.006695604324340821,0.0012215213771301432,gini,,log2,4,5,best,"{'criterion': 'gini', 'max_depth': None, 'max_features': 'log2', 'min_samples_leaf': 4, 'min_samples_split': 5, 'splitter': 'best'}",0.4318407960199005,0.5360406091370559,0.5199590583418628,0.49411764705882355,0.5159362549800797,0.49957887310754445,0.03641605734749896,504
0.07402009963989258,0.00779198982382559,0.006316280364990235,0.0009038187220431047,gini,,log2,4,2,best,"{'criterion': 'gini', 'max_depth': None, 'max_features': 'log2', 'min_samples_leaf': 4, 'min_samples_split': 2, 'splitter': 'best'}",0.4318407960199005,0.5360406091370559,0.5199590583418628,0.49411764705882355,0.5159362549800797,0.49957887310754445,0.03641605734749896,504
0.08804898262023926,0.00566241667571506,0.0060860633850097655,0.0008368103366092438,entropy,15,sqrt,4,10,best,"{'criterion': 'entropy', 'max_depth': 15, 'max_features': 'sqrt', 'min_samples_leaf': 4, 'min_samples_split': 10, 'splitter': 'best'}",0.4650655021834061,0.5445736434108527,0.4834503510531595,0.5096525096525096,0.49398907103825135,0.4993462154676358,0.026863673402497665,506
0.061977815628051755,0.002783223838680709,0.005665826797485352,0.0004966844747597428,gini,10,sqrt,4,10,best,"{'criterion': 'gini', 'max_depth': 10, 'max_features': 'sqrt', 'min_samples_leaf': 4, 'min_samples_split': 10, 'splitter': 'best'}",0.4563445867287544,0.5311284046692607,0.5496688741721855,0.3995510662177329,0.5598335067637877,0.4993052877103442,0.06165937633562055,507
0.07463712692260742,0.0034853435587875853,0.006119346618652344,0.0003986471176840566,gini,15,sqrt,8,2,best,"{'criterion': 'gini', 'max_depth': 15, 'max_features': 'sqrt', 'min_samples_leaf': 8, 'min_samples_split': 2, 'splitter': 'best'}",0.4824561403508772,0.5336008024072216,0.5096056622851365,0.48945147679324896,0.48068669527896996,0.4991601554230908,0.02004903024217018,508
0.07366838455200195,0.0042371690463742,0.006483268737792969,0.0004859711671949991,gini,15,sqrt,8,5,best,"{'criterion': 'gini', 'max_depth': 15, 'max_features': 'sqrt', 'min_samples_leaf': 8, 'min_samples_split': 5, 'splitter': 'best'}",0.4824561403508772,0.5336008024072216,0.5096056622851365,0.48945147679324896,0.48068669527896996,0.4991601554230908,0.02004903024217018,508
0.07667760848999024,0.005126656777131294,0.006620359420776367,0.000686892249888788,gini,15,sqrt,8,10,best,"{'criterion': 'gini', 'max_depth': 15, 'max_features': 'sqrt', 'min_samples_leaf': 8, 'min_samples_split': 10, 'splitter': 'best'}",0.4824561403508772,0.5336008024072216,0.5096056622851365,0.48945147679324896,0.48068669527896996,0.4991601554230908,0.02004903024217018,508
0.06515960693359375,0.0034784888807296134,0.005828571319580078,0.00013583469561941706,gini,20,log2,4,20,best,"{'criterion': 'gini', 'max_depth': 20, 'max_features': 'log2', 'min_samples_leaf': 4, 'min_samples_split': 20, 'splitter': 'best'}",0.4587352625937835,0.4759095378564405,0.5278592375366569,0.5111561866125761,0.5219084712755598,0.49911373917500335,0.027054686683586567,511
0.0750267505645752,0.006649982484728004,0.005964422225952148,0.0006760051726542576,gini,,log2,4,10,best,"{'criterion': 'gini', 'max_depth': None, 'max_features': 'log2', 'min_samples_leaf': 4, 'min_samples_split': 10, 'splitter': 'best'}",0.5312190287413281,0.5118577075098815,0.4935323383084577,0.4979757085020243,0.46077457795431975,0.49907187220320226,0.023218475468439283,512
0.13295702934265136,0.0052715520259115686,0.006317663192749024,0.0006877822936381896,entropy,25,sqrt,1,5,best,"{'criterion': 'entropy', 'max_depth': 25, 'max_features': 'sqrt', 'min_samples_leaf': 1, 'min_samples_split': 5, 'splitter': 'best'}",0.4975417895771878,0.5276292335115864,0.4687800192122959,0.47619047619047616,0.5247148288973384,0.49897126947777704,0.024151725827896594,513
0.1190417766571045,0.02952395855778863,0.008549737930297851,0.002648744879611152,entropy,,sqrt,4,10,best,"{'criterion': 'entropy', 'max_depth': None, 'max_features': 'sqrt', 'min_samples_leaf': 4, 'min_samples_split': 10, 'splitter': 'best'}",0.5053868756121449,0.5520446096654275,0.49427480916030536,0.46418338108882523,0.47843137254901963,0.49886420961514455,0.03004005131684766,514
0.12689170837402344,0.03194071408319473,0.016258955001831055,0.015776369252107403,gini,25,log2,4,20,best,"{'criterion': 'gini', 'max_depth': 25, 'max_features': 'log2', 'min_samples_leaf': 4, 'min_samples_split': 20, 'splitter': 'best'}",0.45764576457645767,0.5401742497579864,0.5228628230616302,0.5197969543147208,0.4536082474226804,0.49881760782669515,0.035965772983085606,515
0.08857860565185546,0.004210903076005866,0.006102800369262695,0.0006974114220698426,gini,20,sqrt,2,2,best,"{'criterion': 'gini', 'max_depth': 20, 'max_features': 'sqrt', 'min_samples_leaf': 2, 'min_samples_split': 2, 'splitter': 'best'}",0.5065065065065065,0.5197628458498024,0.5066941297631308,0.47609942638623326,0.484027105517909,0.4986180028047163,0.016090601432215842,516
0.07288508415222168,0.00394058473170131,0.00700993537902832,0.000851734727498225,gini,15,log2,4,10,best,"{'criterion': 'gini', 'max_depth': 15, 'max_features': 'log2', 'min_samples_leaf': 4, 'min_samples_split': 10, 'splitter': 'best'}",0.4515366430260047,0.5595238095238095,0.5172413793103449,0.5293532338308458,0.4351747463359639,0.49856596240539375,0.047418750636768266,517
0.06962485313415527,0.004349332597489245,0.006983566284179688,0.0012862598014109653,gini,10,sqrt,2,5,best,"{'criterion': 'gini', 'max_depth': 10, 'max_features': 'sqrt', 'min_samples_leaf': 2, 'min_samples_split': 5, 'splitter': 'best'}",0.4817351598173516,0.48354143019296253,0.5076923076923077,0.501628664495114,0.5174418604651163,0.49840788453257046,0.013840934873324407,518
0.07097759246826171,0.005685035431930679,0.005711412429809571,0.0006457095901848322,gini,25,log2,4,5,best,"{'criterion': 'gini', 'max_depth': 25, 'max_features': 'log2', 'min_samples_leaf': 4, 'min_samples_split': 5, 'splitter': 'best'}",0.42814070351758793,0.5310957551826259,0.5182186234817814,0.47128712871287126,0.5431372549019607,0.4983758931593655,0.04274268556320461,519
0.07144079208374024,0.004509361705820411,0.00562582015991211,0.00037768132667304353,gini,25,log2,4,2,best,"{'criterion': 'gini', 'max_depth': 25, 'max_features': 'log2', 'min_samples_leaf': 4, 'min_samples_split': 2, 'splitter': 'best'}",0.42814070351758793,0.5310957551826259,0.5182186234817814,0.47128712871287126,0.5431372549019607,0.4983758931593655,0.04274268556320461,519
0.06873340606689453,0.004302803540730425,0.0054266929626464845,0.0003037686017116515,gini,20,log2,4,10,best,"{'criterion': 'gini', 'max_depth': 20, 'max_features': 'log2', 'min_samples_leaf': 4, 'min_samples_split': 10, 'splitter': 'best'}",0.5352400408580184,0.5045965270684372,0.49952516619183285,0.48185483870967744,0.4697720515361744,0.49819772487282804,0.022315684064462195,521
0.07032885551452636,0.0036773802352198658,0.0065230846405029295,0.0009121302995759939,gini,,log2,2,5,best,"{'criterion': 'gini', 'max_depth': None, 'max_features': 'log2', 'min_samples_leaf': 2, 'min_samples_split': 5, 'splitter': 'best'}",0.48627450980392156,0.539651837524178,0.46061814556331004,0.5067698259187621,0.49607843137254903,0.4978785500365442,0.025885494983762657,522
0.11009507179260254,0.004160133589111079,0.008043670654296875,0.0010788564428389283,entropy,10,sqrt,1,2,best,"{'criterion': 'entropy', 'max_depth': 10, 'max_features': 'sqrt', 'min_samples_leaf': 1, 'min_samples_split': 2, 'splitter': 'best'}",0.48598130841121495,0.4819277108433735,0.5395033860045146,0.4904386951631046,0.49145299145299143,0.4978608183750398,0.021096152588601154,523
0.07830624580383301,0.006964980915265145,0.006647920608520508,0.001362297979490773,gini,20,sqrt,8,2,best,"{'criterion': 'gini', 'max_depth': 20, 'max_features': 'sqrt', 'min_samples_leaf': 8, 'min_samples_split': 2, 'splitter': 'best'}",0.4792719919110212,0.5526838966202783,0.4930966469428008,0.4930139720558882,0.47047047047047047,0.4977073956000918,0.02880075378133064,524
0.07470235824584961,0.0034016045415414184,0.005431222915649414,0.0003537899199914725,gini,20,sqrt,8,10,best,"{'criterion': 'gini', 'max_depth': 20, 'max_features': 'sqrt', 'min_samples_leaf': 8, 'min_samples_split': 10, 'splitter': 'best'}",0.4792719919110212,0.5526838966202783,0.4930966469428008,0.4930139720558882,0.47047047047047047,0.4977073956000918,0.02880075378133064,524
0.07153401374816895,0.00291465967992599,0.005666351318359375,0.0006581961670052872,gini,20,sqrt,8,5,best,"{'criterion': 'gini', 'max_depth': 20, 'max_features': 'sqrt', 'min_samples_leaf': 8, 'min_samples_split': 5, 'splitter': 'best'}",0.4792719919110212,0.5526838966202783,0.4930966469428008,0.4930139720558882,0.47047047047047047,0.4977073956000918,0.02880075378133064,524
0.09174857139587403,0.0046390167887661845,0.005942535400390625,0.00038072744511265553,entropy,25,sqrt,4,5,best,"{'criterion': 'entropy', 'max_depth': 25, 'max_features': 'sqrt', 'min_samples_leaf': 4, 'min_samples_split': 5, 'splitter': 'best'}",0.5167853509664293,0.5389797882579404,0.48705656759348037,0.49157581764122893,0.4527938342967245,0.4974382717511607,0.02910422997736461,527
0.10444660186767578,0.0069582574831852165,0.006318187713623047,0.0008001242348464364,entropy,25,sqrt,4,2,best,"{'criterion': 'entropy', 'max_depth': 25, 'max_features': 'sqrt', 'min_samples_leaf': 4, 'min_samples_split': 2, 'splitter': 'best'}",0.5167853509664293,0.5389797882579404,0.48705656759348037,0.49157581764122893,0.4527938342967245,0.4974382717511607,0.02910422997736461,527
0.09722228050231933,0.006794994955249579,0.006106281280517578,0.0008890730869283415,entropy,25,sqrt,2,10,best,"{'criterion': 'entropy', 'max_depth': 25, 'max_features': 'sqrt', 'min_samples_leaf': 2, 'min_samples_split': 10, 'splitter': 'best'}",0.49899396378269617,0.5058823529411764,0.4842105263157895,0.5245901639344263,0.4728682170542636,0.4973090448056704,0.017829892164937706,529
0.07602992057800292,0.0042165191699198076,0.006141805648803711,0.0007525476843081123,gini,25,log2,1,10,best,"{'criterion': 'gini', 'max_depth': 25, 'max_features': 'log2', 'min_samples_leaf': 1, 'min_samples_split': 10, 'splitter': 'best'}",0.4917073170731707,0.50093808630394,0.49951409135082603,0.502868068833652,0.490134994807892,0.49703251167389617,0.005126381076373033,530
0.08736772537231445,0.007505723370179401,0.007091665267944336,0.0009580655399743737,gini,,sqrt,2,10,best,"{'criterion': 'gini', 'max_depth': None, 'max_features': 'sqrt', 'min_samples_leaf': 2, 'min_samples_split': 10, 'splitter': 'best'}",0.46975806451612906,0.5525812619502868,0.5057692307692307,0.4853801169590643,0.4715127701375246,0.4970002888664471,0.03063631735280294,531
0.07398219108581543,0.003514120915672871,0.006241798400878906,0.0005082865141326726,gini,20,log2,2,2,best,"{'criterion': 'gini', 'max_depth': 20, 'max_features': 'log2', 'min_samples_leaf': 2, 'min_samples_split': 2, 'splitter': 'best'}",0.48632218844984804,0.5072324011571842,0.4866412213740458,0.5076923076923077,0.4961089494163424,0.4967994136179456,0.009390849035203553,532
0.07991294860839844,0.004781589982187121,0.00630803108215332,0.00033534969137367313,gini,,log2,1,10,best,"{'criterion': 'gini', 'max_depth': None, 'max_features': 'log2', 'min_samples_leaf': 1, 'min_samples_split': 10, 'splitter': 'best'}",0.5128205128205128,0.5066921606118547,0.4890995260663507,0.4570877531340405,0.5150943396226415,0.49615885845108,0.02155689714383061,533
0.08816003799438477,0.0037583483856651377,0.006878280639648437,0.0008223656115172181,entropy,,log2,2,5,best,"{'criterion': 'entropy', 'max_depth': None, 'max_features': 'log2', 'min_samples_leaf': 2, 'min_samples_split': 5, 'splitter': 'best'}",0.5009671179883946,0.46421663442940037,0.5178743961352656,0.5103857566765578,0.486905916585839,0.4960699643630915,0.018989321565700386,534
0.07101798057556152,0.001797334166725904,0.007068729400634766,0.0007947801913361962,gini,10,sqrt,2,2,best,"{'criterion': 'gini', 'max_depth': 10, 'max_features': 'sqrt', 'min_samples_leaf': 2, 'min_samples_split': 2, 'splitter': 'best'}",0.41204819277108434,0.56,0.5250596658711217,0.5168067226890757,0.4657863145258103,0.49594017917141847,0.05164133755796407,535
0.0728600025177002,0.0030187907058966254,0.005842876434326172,0.0005805422666941588,gini,25,log2,2,10,best,"{'criterion': 'gini', 'max_depth': 25, 'max_features': 'log2', 'min_samples_leaf': 2, 'min_samples_split': 10, 'splitter': 'best'}",0.4925373134328358,0.5034146341463415,0.486,0.49949238578680205,0.49803149606299213,0.4958951658857943,0.006053689479430135,536
0.0784261703491211,0.005925867693967755,0.005619525909423828,0.0005690574925689409,gini,20,sqrt,4,10,best,"{'criterion': 'gini', 'max_depth': 20, 'max_features': 'sqrt', 'min_samples_leaf': 4, 'min_samples_split': 10, 'splitter': 'best'}",0.45161290322580644,0.5284147557328016,0.526,0.48834853090172237,0.4850818094321463,0.49589159985849535,0.028630836037193526,537
0.09092893600463867,0.005355843049587352,0.006965923309326172,0.0011602872936614412,entropy,25,log2,1,2,best,"{'criterion': 'entropy', 'max_depth': 25, 'max_features': 'log2', 'min_samples_leaf': 1, 'min_samples_split': 2, 'splitter': 'best'}",0.4954128440366973,0.5074626865671642,0.5032863849765258,0.49572649572649574,0.4774436090225564,0.4958664040658879,0.010287415154602717,538
0.10204043388366699,0.0035055039133608623,0.0062862873077392575,0.0006983200751986301,entropy,25,sqrt,2,2,best,"{'criterion': 'entropy', 'max_depth': 25, 'max_features': 'sqrt', 'min_samples_leaf': 2, 'min_samples_split': 2, 'splitter': 'best'}",0.48746238716148443,0.4925521350546177,0.5395614871306006,0.4763779527559055,0.48296007789678674,0.495782807999879,0.022526474253083753,539
0.12639942169189453,0.005163369566356248,0.007988739013671874,0.0006208954002906951,gini,,sqrt,1,2,best,"{'criterion': 'gini', 'max_depth': None, 'max_features': 'sqrt', 'min_samples_leaf': 1, 'min_samples_split': 2, 'splitter': 'best'}",0.4604051565377532,0.5482416591523895,0.5059578368469294,0.4664246823956443,0.4972477064220184,0.495655408270947,0.03153095245051048,540
0.06973080635070801,0.006737055560195106,0.007173013687133789,0.0004965482656605225,gini,,log2,4,20,best,"{'criterion': 'gini', 'max_depth': None, 'max_features': 'log2', 'min_samples_leaf': 4, 'min_samples_split': 20, 'splitter': 'best'}",0.45764576457645767,0.5188199389623601,0.5176470588235295,0.5294117647058824,0.4536082474226804,0.49542655489818205,0.03277851325424516,541
0.07810969352722168,0.00237257746644793,0.005796623229980469,0.00047912011571962397,entropy,25,log2,8,2,best,"{'criterion': 'entropy', 'max_depth': 25, 'max_features': 'log2', 'min_samples_leaf': 8, 'min_samples_split': 2, 'splitter': 'best'}",0.5,0.508577194752775,0.511307767944936,0.48367346938775513,0.47342026078234706,0.49539573857356267,0.014618316647409615,542
0.07973318099975586,0.004385547878360323,0.006710243225097656,0.0011969404213404275,entropy,25,log2,8,5,best,"{'criterion': 'entropy', 'max_depth': 25, 'max_features': 'log2', 'min_samples_leaf': 8, 'min_samples_split': 5, 'splitter': 'best'}",0.5,0.508577194752775,0.511307767944936,0.48367346938775513,0.47342026078234706,0.49539573857356267,0.014618316647409615,542
0.07889504432678222,0.00234904529537029,0.006026411056518554,0.0008455372383215844,entropy,25,log2,8,10,best,"{'criterion': 'entropy', 'max_depth': 25, 'max_features': 'log2', 'min_samples_leaf': 8, 'min_samples_split': 10, 'splitter': 'best'}",0.5,0.508577194752775,0.511307767944936,0.48367346938775513,0.47342026078234706,0.49539573857356267,0.014618316647409615,542
0.05721864700317383,0.0016753181719288736,0.006380414962768555,0.0004625003990674608,gini,10,log2,4,10,best,"{'criterion': 'gini', 'max_depth': 10, 'max_features': 'log2', 'min_samples_leaf': 4, 'min_samples_split': 10, 'splitter': 'best'}",0.44287396937573614,0.535675082327113,0.5605749486652978,0.46971569839307786,0.4676503972758229,0.49529801920740957,0.044852005268651594,545
0.0931765079498291,0.005810787489727208,0.0062177181243896484,0.0005944810720485681,gini,25,sqrt,1,5,best,"{'criterion': 'gini', 'max_depth': 25, 'max_features': 'sqrt', 'min_samples_leaf': 1, 'min_samples_split': 5, 'splitter': 'best'}",0.4649805447470817,0.5079365079365079,0.5118829981718465,0.4986149584487535,0.4930232558139535,0.49528765302362865,0.016553659893794693,546
0.07540440559387207,0.004561174761424866,0.0057507514953613285,0.0006791308023537693,gini,25,log2,1,5,best,"{'criterion': 'gini', 'max_depth': 25, 'max_features': 'log2', 'min_samples_leaf': 1, 'min_samples_split': 5, 'splitter': 'best'}",0.47646493756003844,0.5271889400921659,0.5261121856866537,0.47702834799608995,0.46946564885496184,0.49525201203798197,0.0257771616588113,547
0.08966498374938965,0.0032046541898542937,0.005650138854980469,0.000584966688368417,entropy,25,log2,1,5,best,"{'criterion': 'entropy', 'max_depth': 25, 'max_features': 'log2', 'min_samples_leaf': 1, 'min_samples_split': 5, 'splitter': 'best'}",0.4727272727272727,0.4714686623012161,0.5467889908256881,0.498545101842871,0.4864864864864865,0.4952033028367069,0.02762874880991444,548
0.09117674827575684,0.012134629708847463,0.006820201873779297,0.0010190956895545001,entropy,,log2,4,5,best,"{'criterion': 'entropy', 'max_depth': None, 'max_features': 'log2', 'min_samples_leaf': 4, 'min_samples_split': 5, 'splitter': 'best'}",0.4812623274161736,0.5072886297376094,0.5125348189415042,0.5108055009823183,0.4616915422885572,0.4947165638732326,0.020030324412685183,549
0.09292082786560059,0.01414701244420588,0.006360530853271484,0.0010475252960090691,entropy,,log2,4,2,best,"{'criterion': 'entropy', 'max_depth': None, 'max_features': 'log2', 'min_samples_leaf': 4, 'min_samples_split': 2, 'splitter': 'best'}",0.4812623274161736,0.5072886297376094,0.5125348189415042,0.5108055009823183,0.4616915422885572,0.4947165638732326,0.020030324412685183,549
0.09688920974731445,0.00346829244272721,0.006101083755493164,0.0007145651567085201,entropy,,sqrt,4,2,best,"{'criterion': 'entropy', 'max_depth': None, 'max_features': 'sqrt', 'min_samples_leaf': 4, 'min_samples_split': 2, 'splitter': 'best'}",0.5030549898167006,0.5343511450381679,0.4409448818897638,0.5237633365664404,0.47104247104247104,0.4946313648707087,0.03445566582019885,551
0.09549713134765625,0.0035199386702231693,0.005979347229003906,0.0005707253648052411,entropy,,sqrt,4,5,best,"{'criterion': 'entropy', 'max_depth': None, 'max_features': 'sqrt', 'min_samples_leaf': 4, 'min_samples_split': 5, 'splitter': 'best'}",0.5030549898167006,0.5343511450381679,0.4409448818897638,0.5237633365664404,0.47104247104247104,0.4946313648707087,0.03445566582019885,551
0.07433786392211914,0.0037460109202388015,0.0058081626892089845,0.00031637706696055994,gini,20,log2,1,2,best,"{'criterion': 'gini', 'max_depth': 20, 'max_features': 'log2', 'min_samples_leaf': 1, 'min_samples_split': 2, 'splitter': 'best'}",0.4570230607966457,0.4823529411764706,0.5141739980449658,0.4893203883495146,0.5298651252408478,0.4945471027216889,0.025363941239508744,553
0.07333364486694335,0.0035252647330161592,0.0068778514862060545,0.00064353615698353,gini,25,log2,2,5,best,"{'criterion': 'gini', 'max_depth': 25, 'max_features': 'log2', 'min_samples_leaf': 2, 'min_samples_split': 5, 'splitter': 'best'}",0.4909819639278557,0.5213178294573644,0.4789833822091887,0.465161923454367,0.5161290322580645,0.49451482626136806,0.0214516883018703,554
0.07350554466247558,0.0032693478947737028,0.006506633758544922,0.0006731097304033901,gini,25,log2,1,20,best,"{'criterion': 'gini', 'max_depth': 25, 'max_features': 'log2', 'min_samples_leaf': 1, 'min_samples_split': 20, 'splitter': 'best'}",0.49710982658959535,0.5167464114832536,0.4985781990521327,0.4909264565425024,0.46795523906408953,0.4942632265463148,0.015719160053032255,555
0.07681069374084473,0.0041534052310187,0.006136465072631836,0.0010717280777325403,gini,25,sqrt,8,2,best,"{'criterion': 'gini', 'max_depth': 25, 'max_features': 'sqrt', 'min_samples_leaf': 8, 'min_samples_split': 2, 'splitter': 'best'}",0.48615384615384616,0.5132924335378323,0.5153617443012884,0.48879837067209775,0.46687054026503566,0.49409538698602,0.018182977101526877,556
0.0760693073272705,0.0045082917497807845,0.0055637359619140625,0.00032132534407692756,gini,25,sqrt,8,10,best,"{'criterion': 'gini', 'max_depth': 25, 'max_features': 'sqrt', 'min_samples_leaf': 8, 'min_samples_split': 10, 'splitter': 'best'}",0.48615384615384616,0.5132924335378323,0.5153617443012884,0.48879837067209775,0.46687054026503566,0.49409538698602,0.018182977101526877,556
0.07867512702941895,0.005672271142081237,0.006245994567871093,0.0008347333013626188,gini,25,sqrt,8,5,best,"{'criterion': 'gini', 'max_depth': 25, 'max_features': 'sqrt', 'min_samples_leaf': 8, 'min_samples_split': 5, 'splitter': 'best'}",0.48615384615384616,0.5132924335378323,0.5153617443012884,0.48879837067209775,0.46687054026503566,0.49409538698602,0.018182977101526877,556
0.07743244171142578,0.005304368858571632,0.006312942504882813,0.000710244066708877,gini,15,sqrt,4,10,best,"{'criterion': 'gini', 'max_depth': 15, 'max_features': 'sqrt', 'min_samples_leaf': 4, 'min_samples_split': 10, 'splitter': 'best'}",0.4803312629399586,0.4827586206896552,0.5497076023391813,0.5064039408866995,0.45081967213114754,0.4940042197973284,0.0329694959480573,559
0.07083325386047364,0.0038385664879670555,0.00596160888671875,0.0008422473059102173,entropy,10,sqrt,8,20,best,"{'criterion': 'entropy', 'max_depth': 10, 'max_features': 'sqrt', 'min_samples_leaf': 8, 'min_samples_split': 20, 'splitter': 'best'}",0.4845714285714286,0.4672686230248307,0.4920049200492005,0.5452538631346578,0.48009367681498827,0.49383850231902116,0.026935696469294397,560
0.07868466377258301,0.002841282863173118,0.005710506439208984,0.0005287588013220798,gini,,log2,1,5,best,"{'criterion': 'gini', 'max_depth': None, 'max_features': 'log2', 'min_samples_leaf': 1, 'min_samples_split': 5, 'splitter': 'best'}",0.46225535880708296,0.5203703703703704,0.5149253731343284,0.4953271028037383,0.4755639097744361,0.49368842297799126,0.022280732224063148,561
0.0763669490814209,0.0033134080249553714,0.006097745895385742,0.000496326359403738,gini,,log2,1,2,best,"{'criterion': 'gini', 'max_depth': None, 'max_features': 'log2', 'min_samples_leaf': 1, 'min_samples_split': 2, 'splitter': 'best'}",0.4838095238095238,0.4921946740128558,0.5083487940630798,0.45719661335841955,0.5264116575591985,0.49359225256061545,0.023311655548784956,562
0.05807051658630371,0.003007671724667793,0.006255006790161133,0.00032975737714591505,gini,10,log2,2,2,best,"{'criterion': 'gini', 'max_depth': 10, 'max_features': 'log2', 'min_samples_leaf': 2, 'min_samples_split': 2, 'splitter': 'best'}",0.45098039215686275,0.5142857142857142,0.5208085612366231,0.5801217038539553,0.3975609756097561,0.4927514694285823,0.06275433845679251,563
0.06132378578186035,0.0025707746107932468,0.005648088455200195,0.0007936446834541929,entropy,10,log2,4,2,best,"{'criterion': 'entropy', 'max_depth': 10, 'max_features': 'log2', 'min_samples_leaf': 4, 'min_samples_split': 2, 'splitter': 'best'}",0.44726810673443457,0.5219251336898396,0.48655256723716384,0.5527123848515865,0.4539877300613497,0.4924891845148748,0.04013940771359321,564
0.06287922859191894,0.0029294250089429846,0.005904150009155273,0.0009097146542897673,entropy,10,log2,4,5,best,"{'criterion': 'entropy', 'max_depth': 10, 'max_features': 'log2', 'min_samples_leaf': 4, 'min_samples_split': 5, 'splitter': 'best'}",0.44726810673443457,0.5219251336898396,0.48655256723716384,0.5527123848515865,0.4539877300613497,0.4924891845148748,0.04013940771359321,564
0.0833594799041748,0.005315101777030284,0.006537866592407226,0.000882918491118887,gini,20,sqrt,2,10,best,"{'criterion': 'gini', 'max_depth': 20, 'max_features': 'sqrt', 'min_samples_leaf': 2, 'min_samples_split': 10, 'splitter': 'best'}",0.48565573770491804,0.5150375939849624,0.4857142857142857,0.486328125,0.4878048780487805,0.49210812409058935,0.011490877815665844,566
0.08819246292114258,0.004974509229616339,0.006181192398071289,0.0010296490779557283,gini,,sqrt,2,5,best,"{'criterion': 'gini', 'max_depth': None, 'max_features': 'sqrt', 'min_samples_leaf': 2, 'min_samples_split': 5, 'splitter': 'best'}",0.45121951219512196,0.5261083743842364,0.5110896817743491,0.4880838894184938,0.4835371589840075,0.49200772335124177,0.025603908455088396,567
0.09331941604614258,0.00498480615250084,0.007008838653564453,0.0005738950118353969,entropy,25,log2,4,5,best,"{'criterion': 'entropy', 'max_depth': 25, 'max_features': 'log2', 'min_samples_leaf': 4, 'min_samples_split': 5, 'splitter': 'best'}",0.4882533197139939,0.5072324011571842,0.5304937076476283,0.46021505376344085,0.47257383966244726,0.4917536643889388,0.024960706292871143,568
0.08958873748779297,0.0070642194576279104,0.006581354141235352,0.0008348254842164143,entropy,25,log2,4,2,best,"{'criterion': 'entropy', 'max_depth': 25, 'max_features': 'log2', 'min_samples_leaf': 4, 'min_samples_split': 2, 'splitter': 'best'}",0.4882533197139939,0.5072324011571842,0.5304937076476283,0.46021505376344085,0.47257383966244726,0.4917536643889388,0.024960706292871143,568
0.14499850273132325,0.05046423084868616,0.012436389923095703,0.007092433928101001,entropy,,sqrt,2,2,best,"{'criterion': 'entropy', 'max_depth': None, 'max_features': 'sqrt', 'min_samples_leaf': 2, 'min_samples_split': 2, 'splitter': 'best'}",0.48390243902439023,0.5024154589371981,0.524904214559387,0.5086042065009561,0.43888354186718,0.4917419721778223,0.02950750589498636,570
0.06824827194213867,0.0016987753042853606,0.006763982772827149,0.0006346335067254436,gini,15,log2,8,10,best,"{'criterion': 'gini', 'max_depth': 15, 'max_features': 'log2', 'min_samples_leaf': 8, 'min_samples_split': 10, 'splitter': 'best'}",0.47110141766630315,0.5552115583075335,0.5161290322580645,0.49141630901287553,0.4234752589182969,0.4914667152326147,0.044066361132280955,571
0.0686760425567627,0.002495788276935993,0.006265163421630859,0.000624417757978672,gini,15,log2,8,5,best,"{'criterion': 'gini', 'max_depth': 15, 'max_features': 'log2', 'min_samples_leaf': 8, 'min_samples_split': 5, 'splitter': 'best'}",0.47110141766630315,0.5552115583075335,0.5161290322580645,0.49141630901287553,0.4234752589182969,0.4914667152326147,0.044066361132280955,571
0.07033720016479492,0.0048311646720192725,0.006722354888916015,0.0004953379166504479,gini,15,log2,8,2,best,"{'criterion': 'gini', 'max_depth': 15, 'max_features': 'log2', 'min_samples_leaf': 8, 'min_samples_split': 2, 'splitter': 'best'}",0.47110141766630315,0.5552115583075335,0.5161290322580645,0.49141630901287553,0.4234752589182969,0.4914667152326147,0.044066361132280955,571
0.07388973236083984,0.002587483616450792,0.006365680694580078,0.0007484187070738204,gini,20,log2,4,5,best,"{'criterion': 'gini', 'max_depth': 20, 'max_features': 'log2', 'min_samples_leaf': 4, 'min_samples_split': 5, 'splitter': 'best'}",0.4577114427860697,0.5143992055610725,0.5029940119760479,0.48685491723466406,0.49369747899159666,0.4911314113098902,0.01909910440275028,574
0.07017240524291993,0.005380035367985778,0.006402206420898437,0.0006618520265322082,gini,20,log2,4,2,best,"{'criterion': 'gini', 'max_depth': 20, 'max_features': 'log2', 'min_samples_leaf': 4, 'min_samples_split': 2, 'splitter': 'best'}",0.4577114427860697,0.5143992055610725,0.5029940119760479,0.48685491723466406,0.49369747899159666,0.4911314113098902,0.01909910440275028,574
0.06668667793273926,0.0024960167936701597,0.006486225128173828,0.000991156410229042,gini,15,log2,1,20,best,"{'criterion': 'gini', 'max_depth': 15, 'max_features': 'log2', 'min_samples_leaf': 1, 'min_samples_split': 20, 'splitter': 'best'}",0.483248730964467,0.41531322505800466,0.501953125,0.5141242937853108,0.5402184707050646,0.4909715691025694,0.042108734961008046,576
0.06254706382751465,0.0019527337622598482,0.0055602073669433595,0.00021581817294223757,entropy,10,log2,2,2,best,"{'criterion': 'entropy', 'max_depth': 10, 'max_features': 'log2', 'min_samples_leaf': 2, 'min_samples_split': 2, 'splitter': 'best'}",0.4098159509202454,0.5159010600706714,0.5395449620801733,0.46454767726161367,0.5247747747747747,0.4909168850214957,0.04776599671280168,577
0.07559785842895508,0.003451984802010558,0.006237459182739258,0.0007737800167740506,gini,,log2,2,10,best,"{'criterion': 'gini', 'max_depth': None, 'max_features': 'log2', 'min_samples_leaf': 2, 'min_samples_split': 10, 'splitter': 'best'}",0.46755921730175076,0.5105162523900574,0.5032987747408105,0.5095285857572718,0.4626121635094716,0.49070299873987244,0.02112037387462222,578
0.07463212013244629,0.006645323568378622,0.006598043441772461,0.0010535195152771484,gini,20,log2,1,5,best,"{'criterion': 'gini', 'max_depth': 20, 'max_features': 'log2', 'min_samples_leaf': 1, 'min_samples_split': 5, 'splitter': 'best'}",0.44132397191574724,0.5252918287937743,0.47654784240150094,0.5208333333333334,0.4892367906066536,0.49064675341020186,0.03080589202369378,579
0.08221158981323243,0.005032064099791901,0.006751489639282226,0.0009241070712868642,entropy,15,log2,2,5,best,"{'criterion': 'entropy', 'max_depth': 15, 'max_features': 'log2', 'min_samples_leaf': 2, 'min_samples_split': 5, 'splitter': 'best'}",0.47639484978540775,0.5497076023391813,0.4584717607973422,0.4898828541001065,0.4778225806451613,0.49045592953343975,0.03127744127413103,580
0.023264598846435548,0.001868111905822709,0.00557398796081543,0.0006349839396172111,entropy,25,sqrt,1,20,random,"{'criterion': 'entropy', 'max_depth': 25, 'max_features': 'sqrt', 'min_samples_leaf': 1, 'min_samples_split': 20, 'splitter': 'random'}",0.49572649572649574,0.4916317991631799,0.464818763326226,0.5025641025641026,0.49696969696969695,0.49034217154994025,0.01323176590238731,581
0.08647561073303223,0.004149040409473393,0.00593419075012207,0.0006402471481525042,entropy,,log2,4,10,best,"{'criterion': 'entropy', 'max_depth': None, 'max_features': 'log2', 'min_samples_leaf': 4, 'min_samples_split': 10, 'splitter': 'best'}",0.49203187250996017,0.5185185185185185,0.4919278252611586,0.47646493756003844,0.471976401179941,0.49018391100592335,0.016303556839015017,582
0.07893581390380859,0.009614222771795574,0.006531953811645508,0.0012534321799858136,gini,,sqrt,8,2,best,"{'criterion': 'gini', 'max_depth': None, 'max_features': 'sqrt', 'min_samples_leaf': 8, 'min_samples_split': 2, 'splitter': 'best'}",0.48615384615384616,0.5132924335378323,0.5153617443012884,0.4715447154471545,0.46185147507629704,0.4896408429032837,0.021600187257210395,583
0.07812652587890626,0.0061857999408342305,0.006186628341674804,0.0008285268204258318,gini,,sqrt,8,10,best,"{'criterion': 'gini', 'max_depth': None, 'max_features': 'sqrt', 'min_samples_leaf': 8, 'min_samples_split': 10, 'splitter': 'best'}",0.48615384615384616,0.5132924335378323,0.5153617443012884,0.4715447154471545,0.46185147507629704,0.4896408429032837,0.021600187257210395,583
0.07704238891601563,0.006538946046531853,0.005886650085449219,0.0005906845890493984,gini,,sqrt,8,5,best,"{'criterion': 'gini', 'max_depth': None, 'max_features': 'sqrt', 'min_samples_leaf': 8, 'min_samples_split': 5, 'splitter': 'best'}",0.48615384615384616,0.5132924335378323,0.5153617443012884,0.4715447154471545,0.46185147507629704,0.4896408429032837,0.021600187257210395,583
0.09752125740051269,0.0018767431442579378,0.006952762603759766,0.00038736681786661747,entropy,,log2,1,2,best,"{'criterion': 'entropy', 'max_depth': None, 'max_features': 'log2', 'min_samples_leaf': 1, 'min_samples_split': 2, 'splitter': 'best'}",0.4320754716981132,0.5347985347985348,0.4944852941176471,0.496309963099631,0.4893419833178869,0.4894022494063626,0.03292640172817275,586
0.07216811180114746,0.003323230217864553,0.0055961132049560545,0.0003672472563535569,entropy,10,sqrt,4,10,best,"{'criterion': 'entropy', 'max_depth': 10, 'max_features': 'sqrt', 'min_samples_leaf': 4, 'min_samples_split': 10, 'splitter': 'best'}",0.4577777777777778,0.4668192219679634,0.552,0.49527806925498424,0.47413793103448276,0.48920260000704163,0.033751752808683026,587
0.10328335762023926,0.006838309422210599,0.006313753128051758,0.0010438414599292457,entropy,20,sqrt,2,5,best,"{'criterion': 'entropy', 'max_depth': 20, 'max_features': 'sqrt', 'min_samples_leaf': 2, 'min_samples_split': 5, 'splitter': 'best'}",0.48490749756572543,0.4975124378109453,0.48633364750235625,0.49796747967479676,0.47687564234326824,0.48871934097941844,0.008041660303426394,588
0.07897706031799316,0.0044061669405029815,0.006165409088134765,0.0007561291572498498,entropy,15,log2,1,2,best,"{'criterion': 'entropy', 'max_depth': 15, 'max_features': 'log2', 'min_samples_leaf': 1, 'min_samples_split': 2, 'splitter': 'best'}",0.45016077170418006,0.5140562248995983,0.5096153846153846,0.47127555988315484,0.49700598802395207,0.48842278582525395,0.024239966519580686,589
0.020436763763427734,0.0005512628780657542,0.006006765365600586,0.0005050873913910873,entropy,15,sqrt,1,20,random,"{'criterion': 'entropy', 'max_depth': 15, 'max_features': 'sqrt', 'min_samples_leaf': 1, 'min_samples_split': 20, 'splitter': 'random'}",0.4656652360515021,0.4654226125137212,0.5256410256410257,0.49464668094218417,0.4899257688229056,0.48826026479426776,0.022239492718764266,590
0.059865903854370114,0.0015986633066390548,0.006220531463623047,0.0005639163890268931,gini,10,log2,1,5,best,"{'criterion': 'gini', 'max_depth': 10, 'max_features': 'log2', 'min_samples_leaf': 1, 'min_samples_split': 5, 'splitter': 'best'}",0.4574712643678161,0.5284974093264249,0.45308924485125857,0.4372842347525892,0.5609243697478992,0.4874533046091976,0.048330865614044864,591
0.09413981437683105,0.0015472085176795626,0.0062430381774902345,0.0008530294695852196,gini,20,sqrt,1,5,best,"{'criterion': 'gini', 'max_depth': 20, 'max_features': 'sqrt', 'min_samples_leaf': 1, 'min_samples_split': 5, 'splitter': 'best'}",0.4342629482071713,0.5201970443349754,0.5206232813932172,0.49310027598896045,0.4661957618567104,0.48687586235620695,0.03311711967281105,592
0.06974000930786133,0.0023935439672015655,0.0066359519958496095,0.0005432090188207229,gini,15,log2,4,2,best,"{'criterion': 'gini', 'max_depth': 15, 'max_features': 'log2', 'min_samples_leaf': 4, 'min_samples_split': 2, 'splitter': 'best'}",0.44516829533116176,0.576171875,0.45936395759717313,0.4583333333333333,0.4951560818083961,0.4868387086140128,0.04765172613850297,593
0.07145800590515136,0.0024050244526434453,0.006577730178833008,0.0006467225319738832,gini,15,log2,4,5,best,"{'criterion': 'gini', 'max_depth': 15, 'max_features': 'log2', 'min_samples_leaf': 4, 'min_samples_split': 5, 'splitter': 'best'}",0.44516829533116176,0.576171875,0.45936395759717313,0.4583333333333333,0.4951560818083961,0.4868387086140128,0.04765172613850297,593
0.06682438850402832,0.0012952986757229815,0.005708503723144531,0.0004849608173445949,gini,15,log2,2,10,best,"{'criterion': 'gini', 'max_depth': 15, 'max_features': 'log2', 'min_samples_leaf': 2, 'min_samples_split': 10, 'splitter': 'best'}",0.4794672586015538,0.5010309278350515,0.5154419595314164,0.49490835030549896,0.443024494142705,0.4867745980832451,0.024733326831278088,595
0.08740839958190919,0.0026264226237475907,0.006074285507202149,0.00025687234087907475,entropy,25,log2,2,10,best,"{'criterion': 'entropy', 'max_depth': 25, 'max_features': 'log2', 'min_samples_leaf': 2, 'min_samples_split': 10, 'splitter': 'best'}",0.48144433299899697,0.48596321393998065,0.5081495685522531,0.47834645669291337,0.4756335282651072,0.4859074200898503,0.011639213446570743,596
0.0600989818572998,0.0027351834971399256,0.005963420867919922,0.0005980169454566692,entropy,10,log2,1,5,best,"{'criterion': 'entropy', 'max_depth': 10, 'max_features': 'log2', 'min_samples_leaf': 1, 'min_samples_split': 5, 'splitter': 'best'}",0.48917748917748916,0.5140291806958474,0.5147864184008762,0.49385474860335193,0.4163568773234201,0.48564094284019693,0.036154131973678526,597
0.09406924247741699,0.004479349275858028,0.0066664695739746095,0.0009462957376584458,entropy,,log2,1,5,best,"{'criterion': 'entropy', 'max_depth': None, 'max_features': 'log2', 'min_samples_leaf': 1, 'min_samples_split': 5, 'splitter': 'best'}",0.4777887462981244,0.46034816247582205,0.5036764705882353,0.4847328244274809,0.4995408631772268,0.48521741339337787,0.015619203364523942,598
0.08943405151367187,0.0025679327780036257,0.00638275146484375,0.0007388566978169281,entropy,25,log2,2,2,best,"{'criterion': 'entropy', 'max_depth': 25, 'max_features': 'log2', 'min_samples_leaf': 2, 'min_samples_split': 2, 'splitter': 'best'}",0.4704724409448819,0.5173076923076924,0.5023786869647955,0.46214355948869223,0.4735772357723577,0.4851759230956839,0.021021880913648525,599
0.07663631439208984,0.006600118008919532,0.006479835510253907,0.001358034307700609,entropy,10,sqrt,4,5,best,"{'criterion': 'entropy', 'max_depth': 10, 'max_features': 'sqrt', 'min_samples_leaf': 4, 'min_samples_split': 5, 'splitter': 'best'}",0.3971119133574007,0.6038426349496798,0.5692599620493358,0.36849507735583686,0.4861878453038674,0.4849794866032241,0.0922197752467729,600
0.07303881645202637,0.0030449143957023035,0.005196046829223633,0.00030840850553925876,entropy,10,sqrt,4,2,best,"{'criterion': 'entropy', 'max_depth': 10, 'max_features': 'sqrt', 'min_samples_leaf': 4, 'min_samples_split': 2, 'splitter': 'best'}",0.3971119133574007,0.6038426349496798,0.5692599620493358,0.36849507735583686,0.4861878453038674,0.4849794866032241,0.0922197752467729,600
0.09888839721679688,0.005218763972038778,0.006699514389038086,0.0006248321250412565,gini,,sqrt,1,5,best,"{'criterion': 'gini', 'max_depth': None, 'max_features': 'sqrt', 'min_samples_leaf': 1, 'min_samples_split': 5, 'splitter': 'best'}",0.4881291547958215,0.5070422535211268,0.4991055456171735,0.4846225535880708,0.4448780487804878,0.4847555112605361,0.02146734044505826,602
0.024116659164428712,0.0029450502811178485,0.0064661502838134766,0.0009916814719281898,entropy,20,sqrt,4,2,random,"{'criterion': 'entropy', 'max_depth': 20, 'max_features': 'sqrt', 'min_samples_leaf': 4, 'min_samples_split': 2, 'splitter': 'random'}",0.47288503253796094,0.4978813559322034,0.5214723926380368,0.45188284518828453,0.47914438502673795,0.4846532022646447,0.023551518075034906,603
0.022339010238647462,0.0006843941356946006,0.005633163452148438,0.00017565974180934848,entropy,20,sqrt,4,5,random,"{'criterion': 'entropy', 'max_depth': 20, 'max_features': 'sqrt', 'min_samples_leaf': 4, 'min_samples_split': 5, 'splitter': 'random'}",0.47288503253796094,0.4978813559322034,0.5214723926380368,0.45188284518828453,0.47914438502673795,0.4846532022646447,0.023551518075034906,603
0.08499565124511718,0.00643336033010887,0.006179428100585938,0.00042671537858365654,gini,25,sqrt,2,2,best,"{'criterion': 'gini', 'max_depth': 25, 'max_features': 'sqrt', 'min_samples_leaf': 2, 'min_samples_split': 2, 'splitter': 'best'}",0.47878787878787876,0.48971596474045054,0.49848637739656915,0.4634615384615385,0.49278152069297404,0.4846466560158822,0.012381811487446888,605
0.07347817420959472,0.003920256315758232,0.0068738460540771484,0.001206117378735828,gini,25,log2,2,2,best,"{'criterion': 'gini', 'max_depth': 25, 'max_features': 'log2', 'min_samples_leaf': 2, 'min_samples_split': 2, 'splitter': 'best'}",0.4824120603015075,0.508682328907048,0.5159420289855072,0.4703595724003887,0.4455159112825458,0.4845823803753994,0.02568043085104921,606
0.08538980484008789,0.007337043486787839,0.006856393814086914,0.0010659873726692655,gini,25,sqrt,2,10,best,"{'criterion': 'gini', 'max_depth': 25, 'max_features': 'sqrt', 'min_samples_leaf': 2, 'min_samples_split': 10, 'splitter': 'best'}",0.47628657921291623,0.48927875243664715,0.5101449275362319,0.47804878048780486,0.46875,0.48450180793472003,0.014405830632535088,607
0.0817763328552246,0.0038275050101233376,0.005769968032836914,0.0003369370972340849,gini,,sqrt,2,2,best,"{'criterion': 'gini', 'max_depth': None, 'max_features': 'sqrt', 'min_samples_leaf': 2, 'min_samples_split': 2, 'splitter': 'best'}",0.4968814968814969,0.48249027237354086,0.4844844844844845,0.4826904055390702,0.4747378455672069,0.48425690096915985,0.007150098131900644,608
0.06421585083007812,0.0025348036347837975,0.006530666351318359,0.0006754414857655011,entropy,10,log2,4,10,best,"{'criterion': 'entropy', 'max_depth': 10, 'max_features': 'log2', 'min_samples_leaf': 4, 'min_samples_split': 10, 'splitter': 'best'}",0.44171779141104295,0.5460385438972163,0.5225806451612903,0.5347150259067357,0.37516869095816463,0.48404413946689007,0.06563732202356516,609
0.1130678653717041,0.0050002387167063355,0.007570409774780273,0.00046275346411294636,gini,20,sqrt,1,2,best,"{'criterion': 'gini', 'max_depth': 20, 'max_features': 'sqrt', 'min_samples_leaf': 1, 'min_samples_split': 2, 'splitter': 'best'}",0.4722753346080306,0.4966824644549763,0.503155996393147,0.4763670064874884,0.46862745098039216,0.48342165058480696,0.013843195397823891,610
0.023017072677612306,0.001256612217255167,0.005361795425415039,0.00010278611794193033,gini,,sqrt,1,20,random,"{'criterion': 'gini', 'max_depth': None, 'max_features': 'sqrt', 'min_samples_leaf': 1, 'min_samples_split': 20, 'splitter': 'random'}",0.48120300751879697,0.46203208556149733,0.49295774647887325,0.5010438413361169,0.4797570850202429,0.48339875318310555,0.013246441182741061,611
0.12289624214172364,0.0066607985119001515,0.008040523529052735,0.0005680356866187091,gini,25,sqrt,1,2,best,"{'criterion': 'gini', 'max_depth': 25, 'max_features': 'sqrt', 'min_samples_leaf': 1, 'min_samples_split': 2, 'splitter': 'best'}",0.4681647940074906,0.49458483754512633,0.5079365079365079,0.49207828518173347,0.45125348189415043,0.4828035813130017,0.020328231590758614,612
0.08349676132202148,0.007421000349253164,0.005779123306274414,0.0007890634182604717,entropy,25,log2,4,10,best,"{'criterion': 'entropy', 'max_depth': 25, 'max_features': 'log2', 'min_samples_leaf': 4, 'min_samples_split': 10, 'splitter': 'best'}",0.4793388429752066,0.49709864603481624,0.48799231508165225,0.47954329210275926,0.4631992149165849,0.4814344622222039,0.01121485155842584,613
0.024074506759643555,0.0025607615585534413,0.006804323196411133,0.0016315975832155143,entropy,25,sqrt,2,20,random,"{'criterion': 'entropy', 'max_depth': 25, 'max_features': 'sqrt', 'min_samples_leaf': 2, 'min_samples_split': 20, 'splitter': 'random'}",0.4451754385964912,0.5015806111696522,0.5087179487179487,0.46496815286624205,0.4814422057264051,0.4803768714153479,0.023368866721604695,614
0.021750593185424806,0.0014928536453876974,0.005824947357177734,0.0003429615451823371,entropy,,sqrt,8,20,random,"{'criterion': 'entropy', 'max_depth': None, 'max_features': 'sqrt', 'min_samples_leaf': 8, 'min_samples_split': 20, 'splitter': 'random'}",0.474090407938258,0.5026511134676565,0.4951974386339381,0.5068349106203995,0.4198895027624309,0.4797326746845366,0.03197494441816705,615
0.08701777458190918,0.021023951479960935,0.011191844940185547,0.0016684241072913734,gini,10,log2,1,20,best,"{'criterion': 'gini', 'max_depth': 10, 'max_features': 'log2', 'min_samples_leaf': 1, 'min_samples_split': 20, 'splitter': 'best'}",0.5380493033226152,0.5527831094049904,0.5052410901467506,0.4344660194174757,0.3676092544987147,0.47962975535810937,0.06929437627866539,616
0.07364273071289062,0.005154141341731871,0.006082391738891602,0.000661345541803901,entropy,15,log2,8,5,best,"{'criterion': 'entropy', 'max_depth': 15, 'max_features': 'log2', 'min_samples_leaf': 8, 'min_samples_split': 5, 'splitter': 'best'}",0.45261984392419174,0.5346534653465347,0.4610318331503842,0.4837310195227766,0.4636752136752137,0.47914227512382024,0.02957433438023089,617
0.07056083679199218,0.0031889809308225736,0.005986738204956055,0.00048323185313696915,entropy,15,log2,8,2,best,"{'criterion': 'entropy', 'max_depth': 15, 'max_features': 'log2', 'min_samples_leaf': 8, 'min_samples_split': 2, 'splitter': 'best'}",0.45261984392419174,0.5346534653465347,0.4610318331503842,0.4837310195227766,0.4636752136752137,0.47914227512382024,0.02957433438023089,617
0.06916193962097168,0.0037231612657049754,0.005625295639038086,0.00022724727258632125,entropy,15,log2,8,10,best,"{'criterion': 'entropy', 'max_depth': 15, 'max_features': 'log2', 'min_samples_leaf': 8, 'min_samples_split': 10, 'splitter': 'best'}",0.45261984392419174,0.5346534653465347,0.4610318331503842,0.4837310195227766,0.4636752136752137,0.47914227512382024,0.02957433438023089,617
0.020742225646972656,0.0004828422878938792,0.00613856315612793,0.0004524217287142657,entropy,20,sqrt,8,20,random,"{'criterion': 'entropy', 'max_depth': 20, 'max_features': 'sqrt', 'min_samples_leaf': 8, 'min_samples_split': 20, 'splitter': 'random'}",0.4837310195227766,0.47316538882803943,0.477124183006536,0.5053995680345572,0.45610278372591007,0.4791045886235638,0.016006929338624555,620
0.022565507888793947,0.0016622670176443949,0.006069469451904297,0.00028235824448412454,gini,25,sqrt,1,10,random,"{'criterion': 'gini', 'max_depth': 25, 'max_features': 'sqrt', 'min_samples_leaf': 1, 'min_samples_split': 10, 'splitter': 'random'}",0.48440748440748443,0.47352647352647353,0.4742268041237113,0.4881422924901186,0.4713114754098361,0.4783229059915248,0.006669129169747282,621
0.07405920028686523,0.003964822494845037,0.00627751350402832,0.0006556927477002084,gini,,log2,2,2,best,"{'criterion': 'gini', 'max_depth': None, 'max_features': 'log2', 'min_samples_leaf': 2, 'min_samples_split': 2, 'splitter': 'best'}",0.4729064039408867,0.48919449901768175,0.4726166328600406,0.47713717693836977,0.47873392680514343,0.4781177279124244,0.006024217521272903,622
0.02483992576599121,0.002794445028835523,0.006654787063598633,0.0012274735272692883,gini,,sqrt,2,20,random,"{'criterion': 'gini', 'max_depth': None, 'max_features': 'sqrt', 'min_samples_leaf': 2, 'min_samples_split': 20, 'splitter': 'random'}",0.4808510638297872,0.4878048780487805,0.48822269807280516,0.47844827586206895,0.45454545454545453,0.4779744740717793,0.012321372896422768,623
0.06333355903625489,0.0038153111482437836,0.005993080139160156,0.0009741661936472273,entropy,10,log2,1,10,best,"{'criterion': 'entropy', 'max_depth': 10, 'max_features': 'log2', 'min_samples_leaf': 1, 'min_samples_split': 10, 'splitter': 'best'}",0.45422116527942924,0.5491803278688525,0.5526881720430108,0.44042553191489364,0.39271781534460337,0.4778466024901579,0.06307958325291577,624
0.07933278083801269,0.0071114366071491405,0.0064679145812988285,0.0007651463359674612,entropy,20,log2,4,10,best,"{'criterion': 'entropy', 'max_depth': 20, 'max_features': 'log2', 'min_samples_leaf': 4, 'min_samples_split': 10, 'splitter': 'best'}",0.4935323383084577,0.49466537342386036,0.4925521350546177,0.4386839481555334,0.4694736842105263,0.47778149583059915,0.021674704669505017,625
0.0932286262512207,0.004213288973645551,0.007173585891723633,0.0006503332249896945,entropy,,log2,2,2,best,"{'criterion': 'entropy', 'max_depth': None, 'max_features': 'log2', 'min_samples_leaf': 2, 'min_samples_split': 2, 'splitter': 'best'}",0.46199407699901285,0.5067961165048543,0.48322147651006714,0.4648148148148148,0.4697986577181208,0.47732502850937397,0.016440820568610525,626
0.021368026733398438,0.0010616270085647534,0.0057335376739501955,0.00041607345351542946,entropy,25,sqrt,8,20,random,"{'criterion': 'entropy', 'max_depth': 25, 'max_features': 'sqrt', 'min_samples_leaf': 8, 'min_samples_split': 20, 'splitter': 'random'}",0.45714285714285713,0.5026511134676565,0.4781144781144781,0.5068349106203995,0.4407894736842105,0.4771065666059203,0.02551389868927696,627
0.06127805709838867,0.0017917869900101904,0.006188631057739258,0.0008950688183410521,entropy,10,log2,4,20,best,"{'criterion': 'entropy', 'max_depth': 10, 'max_features': 'log2', 'min_samples_leaf': 4, 'min_samples_split': 20, 'splitter': 'best'}",0.4238258877434135,0.5011037527593819,0.5514485514485514,0.3743455497382199,0.528835690968444,0.47591188653160205,0.06658831577127154,628
0.0337071418762207,0.0005413956051409232,0.008051395416259766,0.0005940782667401674,entropy,20,sqrt,1,2,random,"{'criterion': 'entropy', 'max_depth': 20, 'max_features': 'sqrt', 'min_samples_leaf': 1, 'min_samples_split': 2, 'splitter': 'random'}",0.478134110787172,0.4455852156057495,0.5241779497098646,0.5,0.43141153081510936,0.4758617613835791,0.034102094984101806,629
0.02312016487121582,0.00177461626774644,0.006489372253417969,0.0006245408897247915,gini,20,sqrt,1,10,random,"{'criterion': 'gini', 'max_depth': 20, 'max_features': 'sqrt', 'min_samples_leaf': 1, 'min_samples_split': 10, 'splitter': 'random'}",0.4826862539349423,0.4579646017699115,0.48065173116089616,0.48484848484848486,0.47200878155872666,0.47563197065459234,0.00985056815171677,630
0.025453853607177734,0.0019307192027209377,0.006791353225708008,0.0009685769257167848,entropy,25,log2,1,20,random,"{'criterion': 'entropy', 'max_depth': 25, 'max_features': 'log2', 'min_samples_leaf': 1, 'min_samples_split': 20, 'splitter': 'random'}",0.4782146652497343,0.5015045135406219,0.47468354430379744,0.4674022066198596,0.4551282051282051,0.4753866269684437,0.015262966608827231,631
0.07845911979675294,0.002577641332823112,0.0056575298309326175,0.00011219853701630864,gini,25,sqrt,4,10,best,"{'criterion': 'gini', 'max_depth': 25, 'max_features': 'sqrt', 'min_samples_leaf': 4, 'min_samples_split': 10, 'splitter': 'best'}",0.4685598377281947,0.5169660678642715,0.46646646646646645,0.49643947100712105,0.4263261296660118,0.47495159454641306,0.030673221518318416,632
0.08370819091796874,0.005121638580178261,0.0060330390930175785,0.0007617253776446887,gini,25,sqrt,2,5,best,"{'criterion': 'gini', 'max_depth': 25, 'max_features': 'sqrt', 'min_samples_leaf': 2, 'min_samples_split': 5, 'splitter': 'best'}",0.43478260869565216,0.518664047151277,0.5091965150048403,0.4502923976608187,0.4549950544015826,0.47358612458283417,0.03374628115423289,633
0.0738440990447998,0.006837183821288481,0.0061890602111816405,0.0008908485804728179,entropy,15,log2,4,2,best,"{'criterion': 'entropy', 'max_depth': 15, 'max_features': 'log2', 'min_samples_leaf': 4, 'min_samples_split': 2, 'splitter': 'best'}",0.4830508474576271,0.4569672131147541,0.5348133198789102,0.5058448459086079,0.3849056603773585,0.4731163773474515,0.051026042688515794,634
0.07410354614257812,0.0037660360860809795,0.005771064758300781,0.0005514837183291623,entropy,15,log2,4,5,best,"{'criterion': 'entropy', 'max_depth': 15, 'max_features': 'log2', 'min_samples_leaf': 4, 'min_samples_split': 5, 'splitter': 'best'}",0.4830508474576271,0.4569672131147541,0.5348133198789102,0.5058448459086079,0.3849056603773585,0.4731163773474515,0.051026042688515794,634
0.08194937705993652,0.004991175632405383,0.005893182754516601,0.0006671851501715118,entropy,20,log2,8,10,best,"{'criterion': 'entropy', 'max_depth': 20, 'max_features': 'log2', 'min_samples_leaf': 8, 'min_samples_split': 10, 'splitter': 'best'}",0.4978902953586498,0.48370136698212407,0.482897384305835,0.453416149068323,0.44352331606217615,0.47228570235542167,0.020405172295688,636
0.07789897918701172,0.0060848193739299426,0.0066910266876220705,0.0008440793184979723,entropy,20,log2,8,5,best,"{'criterion': 'entropy', 'max_depth': 20, 'max_features': 'log2', 'min_samples_leaf': 8, 'min_samples_split': 5, 'splitter': 'best'}",0.4978902953586498,0.48370136698212407,0.482897384305835,0.453416149068323,0.44352331606217615,0.47228570235542167,0.020405172295688,636
0.07971501350402832,0.005674908158939139,0.006502771377563476,0.0009151976284730991,entropy,20,log2,8,2,best,"{'criterion': 'entropy', 'max_depth': 20, 'max_features': 'log2', 'min_samples_leaf': 8, 'min_samples_split': 2, 'splitter': 'best'}",0.4978902953586498,0.48370136698212407,0.482897384305835,0.453416149068323,0.44352331606217615,0.47228570235542167,0.020405172295688,636
0.06301507949829102,0.0035300203086550256,0.005866527557373047,0.0006498204635236953,entropy,10,log2,8,20,best,"{'criterion': 'entropy', 'max_depth': 10, 'max_features': 'log2', 'min_samples_leaf': 8, 'min_samples_split': 20, 'splitter': 'best'}",0.448512585812357,0.417462482946794,0.5044444444444445,0.5218390804597701,0.45985401459854014,0.47042252165238113,0.03794115991801294,639
0.08539881706237792,0.004037774249125579,0.00612797737121582,0.0005383335158558372,gini,20,sqrt,2,5,best,"{'criterion': 'gini', 'max_depth': 20, 'max_features': 'sqrt', 'min_samples_leaf': 2, 'min_samples_split': 5, 'splitter': 'best'}",0.4473684210526316,0.485024154589372,0.48688352570828963,0.48549323017408125,0.44729064039408867,0.47041199438369263,0.018856688602167035,640
0.08243165016174317,0.005549955201095111,0.0069503307342529295,0.0009701214706131778,gini,,sqrt,4,10,best,"{'criterion': 'gini', 'max_depth': None, 'max_features': 'sqrt', 'min_samples_leaf': 4, 'min_samples_split': 10, 'splitter': 'best'}",0.4685598377281947,0.5122448979591837,0.46646646646646645,0.47731755424063116,0.4247787610619469,0.46987350349128454,0.027919951198048555,641
0.023527145385742188,0.0008255351871506428,0.006417655944824218,0.0009673259037002032,gini,15,sqrt,2,5,random,"{'criterion': 'gini', 'max_depth': 15, 'max_features': 'sqrt', 'min_samples_leaf': 2, 'min_samples_split': 5, 'splitter': 'random'}",0.4720758693361433,0.39069767441860465,0.4946025515210991,0.5115810674723061,0.48023715415019763,0.4698388633796702,0.041790210072805416,642
0.06262755393981934,0.0011780774960971625,0.00554656982421875,0.00041785235003930643,entropy,10,log2,8,2,best,"{'criterion': 'entropy', 'max_depth': 10, 'max_features': 'log2', 'min_samples_leaf': 8, 'min_samples_split': 2, 'splitter': 'best'}",0.4083769633507853,0.5258620689655172,0.5067650676506765,0.4675642594859241,0.43393939393939396,0.46850155067845944,0.04373719923315045,643
0.06077694892883301,0.0025931198210392132,0.0058896541595458984,0.00040995116207369266,entropy,10,log2,8,5,best,"{'criterion': 'entropy', 'max_depth': 10, 'max_features': 'log2', 'min_samples_leaf': 8, 'min_samples_split': 5, 'splitter': 'best'}",0.4083769633507853,0.5258620689655172,0.5067650676506765,0.4675642594859241,0.43393939393939396,0.46850155067845944,0.04373719923315045,643
0.06410565376281738,0.0028634019878636583,0.006327152252197266,0.0008449389486231134,entropy,10,log2,8,10,best,"{'criterion': 'entropy', 'max_depth': 10, 'max_features': 'log2', 'min_samples_leaf': 8, 'min_samples_split': 10, 'splitter': 'best'}",0.4083769633507853,0.5258620689655172,0.5067650676506765,0.4675642594859241,0.43393939393939396,0.46850155067845944,0.04373719923315045,643
0.022330808639526366,0.0021302498894944176,0.005596590042114258,0.00017657695248237881,entropy,20,log2,1,2,random,"{'criterion': 'entropy', 'max_depth': 20, 'max_features': 'log2', 'min_samples_leaf': 1, 'min_samples_split': 2, 'splitter': 'random'}",0.46233230134158926,0.45746691871455575,0.4887585532746823,0.44682926829268294,0.48674242424242425,0.46842589317318695,0.016568388974414667,646
0.024018526077270508,0.0016287934075329242,0.006305694580078125,0.0007015169541702742,entropy,25,sqrt,2,10,random,"{'criterion': 'entropy', 'max_depth': 25, 'max_features': 'sqrt', 'min_samples_leaf': 2, 'min_samples_split': 10, 'splitter': 'random'}",0.46903553299492384,0.4925373134328358,0.4821246169560776,0.4589515331355094,0.43829787234042555,0.46818937377195446,0.018796641781002453,647
0.025410985946655272,0.002542805932681906,0.006274604797363281,0.0006725950401401001,gini,20,sqrt,2,10,random,"{'criterion': 'gini', 'max_depth': 20, 'max_features': 'sqrt', 'min_samples_leaf': 2, 'min_samples_split': 10, 'splitter': 'random'}",0.44561774023231254,0.50625,0.47658688865764826,0.42731277533039647,0.48434237995824636,0.4680219568357208,0.028143503451519322,648
0.022557735443115234,0.0021072456406709874,0.006338739395141601,0.0009097386006833168,entropy,20,sqrt,2,20,random,"{'criterion': 'entropy', 'max_depth': 20, 'max_features': 'sqrt', 'min_samples_leaf': 2, 'min_samples_split': 20, 'splitter': 'random'}",0.44673539518900346,0.5337423312883436,0.43891891891891893,0.4246575342465753,0.4918032786885246,0.46717149166627314,0.04015390417245544,649
0.06605620384216308,0.0012476543648088888,0.006623029708862305,0.0008466748698179922,entropy,10,log2,1,2,best,"{'criterion': 'entropy', 'max_depth': 10, 'max_features': 'log2', 'min_samples_leaf': 1, 'min_samples_split': 2, 'splitter': 'best'}",0.3974522292993631,0.457002457002457,0.5717035611164581,0.45495495495495497,0.45420326223337515,0.4670632929213217,0.0569359263796058,650
0.02426152229309082,0.0015412818123100606,0.006373548507690429,0.00035644777143827234,entropy,,sqrt,2,20,random,"{'criterion': 'entropy', 'max_depth': None, 'max_features': 'sqrt', 'min_samples_leaf': 2, 'min_samples_split': 20, 'splitter': 'random'}",0.4472049689440994,0.4774193548387097,0.4592274678111588,0.4618556701030928,0.48834853090172237,0.4668111985197566,0.014442050672538733,651
0.02614750862121582,0.0012863475582421714,0.005888795852661133,0.0005129448949845978,entropy,,sqrt,1,10,random,"{'criterion': 'entropy', 'max_depth': None, 'max_features': 'sqrt', 'min_samples_leaf': 1, 'min_samples_split': 10, 'splitter': 'random'}",0.4602683178534572,0.4835820895522388,0.489058039961941,0.4588477366255144,0.4418377321603128,0.4667187832306928,0.01735535693674766,652
0.041768884658813475,0.0075129328812015995,0.008319473266601563,0.0010787937416013207,entropy,,sqrt,1,2,random,"{'criterion': 'entropy', 'max_depth': None, 'max_features': 'sqrt', 'min_samples_leaf': 1, 'min_samples_split': 2, 'splitter': 'random'}",0.44508670520231214,0.4783427495291902,0.4948837209302326,0.4604051565377532,0.451552210724365,0.4660541085847706,0.018242833933555105,653
0.023169612884521483,0.0007910710720481562,0.005653810501098633,0.0004257241938090585,entropy,,sqrt,4,5,random,"{'criterion': 'entropy', 'max_depth': None, 'max_features': 'sqrt', 'min_samples_leaf': 4, 'min_samples_split': 5, 'splitter': 'random'}",0.4685835995740149,0.49738766980146293,0.4539614561027837,0.45617740232312565,0.4520990312163617,0.4656418318035498,0.016887073621266672,654
0.025156641006469728,0.0008517814190774645,0.006652641296386719,0.0002549124084700552,entropy,,sqrt,4,2,random,"{'criterion': 'entropy', 'max_depth': None, 'max_features': 'sqrt', 'min_samples_leaf': 4, 'min_samples_split': 2, 'splitter': 'random'}",0.4685835995740149,0.49738766980146293,0.4539614561027837,0.45617740232312565,0.4520990312163617,0.4656418318035498,0.016887073621266672,654
0.02606058120727539,0.0015288084711449922,0.006064605712890625,0.0004313997554246881,entropy,,sqrt,2,10,random,"{'criterion': 'entropy', 'max_depth': None, 'max_features': 'sqrt', 'min_samples_leaf': 2, 'min_samples_split': 10, 'splitter': 'random'}",0.47058823529411764,0.45965270684371806,0.46091370558375633,0.48111332007952284,0.4557752341311134,0.46560864038644567,0.009158634107537336,656
0.022263479232788087,0.0012110020345786118,0.0059703350067138675,0.0008734174122618243,gini,20,sqrt,4,5,random,"{'criterion': 'gini', 'max_depth': 20, 'max_features': 'sqrt', 'min_samples_leaf': 4, 'min_samples_split': 5, 'splitter': 'random'}",0.4149286498353458,0.5086206896551724,0.4863157894736842,0.4879074658254469,0.4298245614035088,0.4655194312386316,0.0364004999447313,657
0.021967601776123048,0.001578361111898112,0.005541086196899414,0.00019954880206780943,gini,20,sqrt,4,2,random,"{'criterion': 'gini', 'max_depth': 20, 'max_features': 'sqrt', 'min_samples_leaf': 4, 'min_samples_split': 2, 'splitter': 'random'}",0.4149286498353458,0.5086206896551724,0.4863157894736842,0.4879074658254469,0.4298245614035088,0.4655194312386316,0.0364004999447313,657
0.07183175086975098,0.0017110291171218907,0.006385183334350586,0.0007920816168088822,entropy,10,sqrt,2,5,best,"{'criterion': 'entropy', 'max_depth': 10, 'max_features': 'sqrt', 'min_samples_leaf': 2, 'min_samples_split': 5, 'splitter': 'best'}",0.5195652173913043,0.3445378151260504,0.5005793742757821,0.49309245483528164,0.4681344148319815,0.46518185529207995,0.06253517094515229,659
0.023199129104614257,0.00205311313674879,0.006111240386962891,0.0007668497579901787,gini,20,sqrt,1,20,random,"{'criterion': 'gini', 'max_depth': 20, 'max_features': 'sqrt', 'min_samples_leaf': 1, 'min_samples_split': 20, 'splitter': 'random'}",0.4157706093189964,0.5066394279877426,0.48232848232848236,0.459915611814346,0.4575569358178054,0.4644422134534746,0.030124228615063583,660
0.024774980545043946,0.0018334113132602956,0.006418943405151367,0.000556277991689981,entropy,25,sqrt,1,10,random,"{'criterion': 'entropy', 'max_depth': 25, 'max_features': 'sqrt', 'min_samples_leaf': 1, 'min_samples_split': 10, 'splitter': 'random'}",0.48148148148148145,0.4612286002014099,0.4411452810180276,0.4682139253279516,0.46936656282450673,0.46428717017067545,0.01327980316917563,661
0.02402491569519043,0.0024706752158288334,0.006525993347167969,0.0010097963848119198,entropy,20,sqrt,2,10,random,"{'criterion': 'entropy', 'max_depth': 20, 'max_features': 'sqrt', 'min_samples_leaf': 2, 'min_samples_split': 10, 'splitter': 'random'}",0.4437299035369775,0.5274725274725275,0.43364928909952605,0.4551422319474836,0.46092184368737477,0.46418315914877784,0.03301082116919654,662
0.027965402603149413,0.0036236877293394816,0.00635995864868164,0.0004663770320626381,entropy,25,sqrt,1,5,random,"{'criterion': 'entropy', 'max_depth': 25, 'max_features': 'sqrt', 'min_samples_leaf': 1, 'min_samples_split': 5, 'splitter': 'random'}",0.4485798237022527,0.45129224652087474,0.47834645669291337,0.47935548841893255,0.46184738955823296,0.46388428097864126,0.013003441521535151,663
0.01956949234008789,0.0017532733620640585,0.0058444499969482425,0.0003552324690104951,gini,15,sqrt,4,20,random,"{'criterion': 'gini', 'max_depth': 15, 'max_features': 'sqrt', 'min_samples_leaf': 4, 'min_samples_split': 20, 'splitter': 'random'}",0.4230769230769231,0.5083240843507214,0.4585698070374574,0.4576877234803337,0.4699205448354143,0.46351581655617,0.027358856671889163,664
0.023778867721557618,0.0014106066968594102,0.005860710144042968,9.366162134853431e-05,gini,20,sqrt,1,5,random,"{'criterion': 'gini', 'max_depth': 20, 'max_features': 'sqrt', 'min_samples_leaf': 1, 'min_samples_split': 5, 'splitter': 'random'}",0.48315688161693937,0.4951267056530214,0.4265809217577706,0.43415637860082307,0.46852425180598556,0.461509027886908,0.026892866031249678,665
0.029419612884521485,0.002315435736922038,0.007332611083984375,0.0010625052906591752,gini,25,sqrt,2,10,random,"{'criterion': 'gini', 'max_depth': 25, 'max_features': 'sqrt', 'min_samples_leaf': 2, 'min_samples_split': 10, 'splitter': 'random'}",0.4624624624624625,0.4843243243243243,0.4258474576271186,0.4410810810810811,0.48963474827245806,0.46067001475348884,0.024486861069269502,666
0.024564838409423827,0.0019287530186746311,0.006229782104492187,0.0011105748559886313,entropy,,sqrt,1,20,random,"{'criterion': 'entropy', 'max_depth': None, 'max_features': 'sqrt', 'min_samples_leaf': 1, 'min_samples_split': 20, 'splitter': 'random'}",0.44468546637744033,0.45416666666666666,0.48151848151848153,0.46659815005138744,0.4546402502606882,0.46032180297493286,0.01267558661609646,667
0.031157493591308594,0.00228511242555922,0.007896804809570312,0.0005955363685059677,entropy,,sqrt,4,20,random,"{'criterion': 'entropy', 'max_depth': None, 'max_features': 'sqrt', 'min_samples_leaf': 4, 'min_samples_split': 20, 'splitter': 'random'}",0.4809575625680087,0.5005235602094241,0.44678609062170704,0.4160346695557963,0.45654450261780105,0.46016927711454747,0.028985283270706257,668
0.02280731201171875,0.0019552377930135215,0.0061606884002685545,0.0008557735435351876,gini,25,sqrt,2,20,random,"{'criterion': 'gini', 'max_depth': 25, 'max_features': 'sqrt', 'min_samples_leaf': 2, 'min_samples_split': 20, 'splitter': 'random'}",0.4605263157894737,0.4994797086368366,0.41019955654101997,0.4792332268370607,0.45087900723888313,0.4600635630086548,0.02997364807061249,669
0.03662853240966797,0.003581292196714083,0.007714223861694336,0.000578393279580965,gini,,sqrt,1,2,random,"{'criterion': 'gini', 'max_depth': None, 'max_features': 'sqrt', 'min_samples_leaf': 1, 'min_samples_split': 2, 'splitter': 'random'}",0.4767123287671233,0.48495897903372837,0.4420091324200913,0.4598337950138504,0.43422263109475623,0.4595473732659099,0.019439135271285612,670
0.029836177825927734,0.0017871681627782043,0.007415056228637695,0.000681081437637309,entropy,,log2,1,10,random,"{'criterion': 'entropy', 'max_depth': None, 'max_features': 'log2', 'min_samples_leaf': 1, 'min_samples_split': 10, 'splitter': 'random'}",0.4383838383838384,0.45454545454545453,0.49853372434017595,0.48234106962663975,0.41967871485943775,0.4586965603511093,0.02862968066016029,671
0.026974248886108398,0.0026425085646586753,0.007494688034057617,0.001483750847299081,entropy,25,log2,1,2,random,"{'criterion': 'entropy', 'max_depth': 25, 'max_features': 'log2', 'min_samples_leaf': 1, 'min_samples_split': 2, 'splitter': 'random'}",0.4504331087584216,0.4475920679886686,0.47601476014760147,0.44756554307116103,0.47113594040968343,0.4585482840751072,0.012410013857377052,672
0.023158168792724608,0.001634664020898672,0.005906915664672852,0.0002823474617578991,entropy,25,log2,1,10,random,"{'criterion': 'entropy', 'max_depth': 25, 'max_features': 'log2', 'min_samples_leaf': 1, 'min_samples_split': 10, 'splitter': 'random'}",0.4148148148148148,0.4610526315789474,0.47580645161290325,0.50682261208577,0.4334677419354839,0.4583928504055838,0.03217469806383252,673
0.02592926025390625,0.0027054731382475986,0.006983470916748047,0.00032083134835786306,gini,,sqrt,2,10,random,"{'criterion': 'gini', 'max_depth': None, 'max_features': 'sqrt', 'min_samples_leaf': 2, 'min_samples_split': 10, 'splitter': 'random'}",0.4512820512820513,0.45908607863974493,0.43540183112919634,0.4790174002047083,0.466403162055336,0.4582381046622074,0.014622232475544525,674
0.022635698318481445,0.0016786088598884686,0.0057941913604736325,0.0008675214358016176,entropy,20,sqrt,1,10,random,"{'criterion': 'entropy', 'max_depth': 20, 'max_features': 'sqrt', 'min_samples_leaf': 1, 'min_samples_split': 10, 'splitter': 'random'}",0.4177215189873418,0.499496475327291,0.4320337197049526,0.4517497348886532,0.4880174291938998,0.45780377562042773,0.03149120689644563,675
0.02362818717956543,0.0014174108841577893,0.005914926528930664,0.00027058994149998383,gini,25,sqrt,1,5,random,"{'criterion': 'gini', 'max_depth': 25, 'max_features': 'sqrt', 'min_samples_leaf': 1, 'min_samples_split': 5, 'splitter': 'random'}",0.4616977225672878,0.463855421686747,0.45792563600782776,0.4522417153996101,0.44921875,0.4569878491322945,0.005533725535734328,676
0.023537206649780273,0.0012740977009836171,0.005795097351074219,0.0004499991009892168,entropy,25,sqrt,4,10,random,"{'criterion': 'entropy', 'max_depth': 25, 'max_features': 'sqrt', 'min_samples_leaf': 4, 'min_samples_split': 10, 'splitter': 'random'}",0.4717391304347826,0.4911550468262227,0.440463645943098,0.46511627906976744,0.4153686396677051,0.45676854838831515,0.026290821573253215,677
0.024813747406005858,0.0013364020670774276,0.006491422653198242,0.0006600517151090888,entropy,,log2,1,20,random,"{'criterion': 'entropy', 'max_depth': None, 'max_features': 'log2', 'min_samples_leaf': 1, 'min_samples_split': 20, 'splitter': 'random'}",0.4250269687162891,0.5091277890466531,0.4402116402116402,0.43724696356275305,0.47157894736842104,0.4566384617811513,0.030408895902971866,678
0.018498754501342772,0.001072826019437066,0.006045055389404297,0.0008368406730063988,entropy,15,sqrt,8,20,random,"{'criterion': 'entropy', 'max_depth': 15, 'max_features': 'sqrt', 'min_samples_leaf': 8, 'min_samples_split': 20, 'splitter': 'random'}",0.47150837988826816,0.4808510638297872,0.44740024183796856,0.4960362400906002,0.3851508120649652,0.4561893475423179,0.03886996205262768,679
0.022304821014404296,0.001848250057690019,0.006370735168457031,0.0003486750682132055,gini,15,sqrt,1,20,random,"{'criterion': 'gini', 'max_depth': 15, 'max_features': 'sqrt', 'min_samples_leaf': 1, 'min_samples_split': 20, 'splitter': 'random'}",0.39,0.48156182212581344,0.509090909090909,0.42201834862385323,0.4774951076320939,0.45603323749453395,0.04346225520425961,680
0.021403980255126954,0.0009882077703603307,0.006074190139770508,0.0002311995007517248,gini,25,log2,2,20,random,"{'criterion': 'gini', 'max_depth': 25, 'max_features': 'log2', 'min_samples_leaf': 2, 'min_samples_split': 20, 'splitter': 'random'}",0.477124183006536,0.42953020134228187,0.47928331466965285,0.47340980187695514,0.4202247191011236,0.45591444399930986,0.025580967207366898,681
0.02309107780456543,0.001235459302400012,0.006055974960327148,0.0004590085011689002,gini,20,sqrt,2,20,random,"{'criterion': 'gini', 'max_depth': 20, 'max_features': 'sqrt', 'min_samples_leaf': 2, 'min_samples_split': 20, 'splitter': 'random'}",0.4611973392461197,0.4777415852334419,0.4424972617743702,0.4557522123893805,0.4398766700924974,0.45541301374716187,0.013713739132659613,682
0.02400236129760742,0.001966658358572186,0.006016826629638672,0.0007592698538432256,entropy,20,sqrt,2,2,random,"{'criterion': 'entropy', 'max_depth': 20, 'max_features': 'sqrt', 'min_samples_leaf': 2, 'min_samples_split': 2, 'splitter': 'random'}",0.4298056155507559,0.47484909456740443,0.46,0.4708249496981891,0.44038668098818473,0.4551732681609068,0.01742166225786422,683
0.02288851737976074,0.0011507256218983252,0.005923748016357422,0.0008076975564681088,entropy,25,log2,2,10,random,"{'criterion': 'entropy', 'max_depth': 25, 'max_features': 'log2', 'min_samples_leaf': 2, 'min_samples_split': 10, 'splitter': 'random'}",0.4522096608427544,0.4367816091954023,0.48074921956295524,0.4737384140061792,0.43121149897330596,0.4549380805161194,0.01959448817741541,684
0.022537899017333985,0.001056774815145575,0.005675506591796875,0.0005788841278855244,gini,25,sqrt,4,2,random,"{'criterion': 'gini', 'max_depth': 25, 'max_features': 'sqrt', 'min_samples_leaf': 4, 'min_samples_split': 2, 'splitter': 'random'}",0.44612068965517243,0.4925053533190578,0.4414784394250513,0.4495798319327731,0.4439608269858542,0.4547290282635818,0.019074594173783474,685
0.02480182647705078,0.0005974797867558119,0.006302928924560547,0.0007197791529178838,gini,25,sqrt,4,5,random,"{'criterion': 'gini', 'max_depth': 25, 'max_features': 'sqrt', 'min_samples_leaf': 4, 'min_samples_split': 5, 'splitter': 'random'}",0.44612068965517243,0.4925053533190578,0.4414784394250513,0.4495798319327731,0.4439608269858542,0.4547290282635818,0.019074594173783474,685
0.02845001220703125,0.0033685756947271616,0.006866645812988281,0.00047613116452564053,entropy,,sqrt,2,5,random,"{'criterion': 'entropy', 'max_depth': None, 'max_features': 'sqrt', 'min_samples_leaf': 2, 'min_samples_split': 5, 'splitter': 'random'}",0.4297872340425532,0.4786494538232373,0.46974358974358976,0.48249027237354086,0.4083769633507853,0.45380950266674136,0.029443810466557162,687
0.022070980072021483,0.0011313032535937423,0.006382369995117187,0.0005248730647507041,entropy,25,sqrt,4,20,random,"{'criterion': 'entropy', 'max_depth': 25, 'max_features': 'sqrt', 'min_samples_leaf': 4, 'min_samples_split': 20, 'splitter': 'random'}",0.4731182795698925,0.45535714285714285,0.47720042417815484,0.413716814159292,0.4460580912863071,0.4530901504101578,0.0227476591173973,688
0.020274782180786134,0.0009849673804282599,0.00578455924987793,0.00040209100467209006,entropy,15,sqrt,4,5,random,"{'criterion': 'entropy', 'max_depth': 15, 'max_features': 'sqrt', 'min_samples_leaf': 4, 'min_samples_split': 5, 'splitter': 'random'}",0.48497854077253216,0.4580152671755725,0.45708376421923474,0.4750795334040297,0.3894230769230769,0.4529160364988892,0.03344832671121903,689
0.023776149749755858,0.0027119757308299336,0.006954813003540039,0.0008706679942300131,entropy,15,sqrt,4,2,random,"{'criterion': 'entropy', 'max_depth': 15, 'max_features': 'sqrt', 'min_samples_leaf': 4, 'min_samples_split': 2, 'splitter': 'random'}",0.48497854077253216,0.4580152671755725,0.45708376421923474,0.4750795334040297,0.3894230769230769,0.4529160364988892,0.03344832671121903,689
0.023891782760620116,0.0019356044118305038,0.006140422821044922,0.0005515590558707741,gini,20,log2,2,5,random,"{'criterion': 'gini', 'max_depth': 20, 'max_features': 'log2', 'min_samples_leaf': 2, 'min_samples_split': 5, 'splitter': 'random'}",0.49848024316109424,0.4184008762322015,0.4544502617801047,0.4376321353065539,0.45556690500510727,0.45290608429701235,0.02649668397542418,691
0.03495368957519531,0.002266041769184184,0.007996559143066406,0.0003674425584099375,gini,25,sqrt,1,2,random,"{'criterion': 'gini', 'max_depth': 25, 'max_features': 'sqrt', 'min_samples_leaf': 1, 'min_samples_split': 2, 'splitter': 'random'}",0.4757185332011893,0.44401168451801365,0.4689265536723164,0.43302752293577984,0.44176706827309237,0.45269027252007826,0.01658418293192345,692
0.036227989196777347,0.0035759219576620887,0.008233404159545899,0.0006328266984110089,entropy,25,sqrt,1,2,random,"{'criterion': 'entropy', 'max_depth': 25, 'max_features': 'sqrt', 'min_samples_leaf': 1, 'min_samples_split': 2, 'splitter': 'random'}",0.4588235294117647,0.4763705103969754,0.4601593625498008,0.4187380497131931,0.4481409001956947,0.4524464704534858,0.01911706482027939,693
0.02569613456726074,0.0030332416068883355,0.006256008148193359,0.00043184079011843743,gini,,sqrt,1,5,random,"{'criterion': 'gini', 'max_depth': None, 'max_features': 'sqrt', 'min_samples_leaf': 1, 'min_samples_split': 5, 'splitter': 'random'}",0.4495049504950495,0.4745098039215686,0.47746883988494726,0.4360753221010902,0.4235294117647059,0.4522176656334723,0.02109744637965657,694
0.022084569931030272,0.0016556088039945947,0.006268692016601562,0.00038526245210336385,gini,15,sqrt,4,5,random,"{'criterion': 'gini', 'max_depth': 15, 'max_features': 'sqrt', 'min_samples_leaf': 4, 'min_samples_split': 5, 'splitter': 'random'}",0.42431466030989273,0.47704367301231804,0.44340723453908987,0.48434237995824636,0.43018018018018017,0.4518576255999454,0.024452124390141522,695
0.023101234436035158,0.0017183960404429824,0.006211709976196289,0.00047253543253820973,gini,15,sqrt,4,2,random,"{'criterion': 'gini', 'max_depth': 15, 'max_features': 'sqrt', 'min_samples_leaf': 4, 'min_samples_split': 2, 'splitter': 'random'}",0.42431466030989273,0.47704367301231804,0.44340723453908987,0.48434237995824636,0.43018018018018017,0.4518576255999454,0.024452124390141522,695
0.029415464401245116,0.003066454696987958,0.007008838653564453,0.0013559495098935154,entropy,,log2,1,2,random,"{'criterion': 'entropy', 'max_depth': None, 'max_features': 'log2', 'min_samples_leaf': 1, 'min_samples_split': 2, 'splitter': 'random'}",0.4469483568075117,0.43874643874643876,0.49953746530989823,0.41697416974169743,0.4563017479300828,0.4517016357071258,0.027224457045887895,697
0.028104496002197266,0.0017931752144842155,0.006362628936767578,0.0006463429866403852,gini,,sqrt,2,5,random,"{'criterion': 'gini', 'max_depth': None, 'max_features': 'sqrt', 'min_samples_leaf': 2, 'min_samples_split': 5, 'splitter': 'random'}",0.41735537190082644,0.4576098059244127,0.47047047047047047,0.4608967674661105,0.4504692387904067,0.45136033091044536,0.018178714346984627,698
0.023223400115966797,0.0017765214520729044,0.006332206726074219,0.0003531839322623587,gini,15,sqrt,2,10,random,"{'criterion': 'gini', 'max_depth': 15, 'max_features': 'sqrt', 'min_samples_leaf': 2, 'min_samples_split': 10, 'splitter': 'random'}",0.5304878048780488,0.379874213836478,0.44831591173054586,0.4240437158469945,0.4727646454265159,0.4510972583437166,0.05016908741745351,699
0.056661462783813475,0.0012342772806121784,0.006202888488769531,0.000262536614393597,gini,10,log2,1,10,best,"{'criterion': 'gini', 'max_depth': 10, 'max_features': 'log2', 'min_samples_leaf': 1, 'min_samples_split': 10, 'splitter': 'best'}",0.45246690734055356,0.5525210084033614,0.47244094488188976,0.4908108108108108,0.2861271676300578,0.4508733678133347,0.08892272197178526,700
0.026880311965942382,0.0019191242210373958,0.006178712844848633,0.0004521658632113042,entropy,25,sqrt,2,2,random,"{'criterion': 'entropy', 'max_depth': 25, 'max_features': 'sqrt', 'min_samples_leaf': 2, 'min_samples_split': 2, 'splitter': 'random'}",0.4594594594594595,0.469601677148847,0.463265306122449,0.41286307053941906,0.4481675392670157,0.450671410507438,0.020149098980280347,701
0.020726585388183595,0.0013267974742111224,0.005722570419311524,0.0006602837908645221,entropy,25,log2,2,20,random,"{'criterion': 'entropy', 'max_depth': 25, 'max_features': 'log2', 'min_samples_leaf': 2, 'min_samples_split': 20, 'splitter': 'random'}",0.4175365344467641,0.5109034267912772,0.42731277533039647,0.44683136412459723,0.4497816593886463,0.4504731520163362,0.03251701928417273,702
0.023863601684570312,0.002634743234414804,0.006072330474853516,0.0007117129546418604,gini,20,log2,1,2,random,"{'criterion': 'gini', 'max_depth': 20, 'max_features': 'log2', 'min_samples_leaf': 1, 'min_samples_split': 2, 'splitter': 'random'}",0.43141153081510936,0.4583333333333333,0.42648490749756574,0.47378640776699027,0.4600577478344562,0.450014785449491,0.018082508672148195,703
0.02420697212219238,0.001321098723838415,0.006065177917480469,0.00030129797944772693,gini,,sqrt,1,10,random,"{'criterion': 'gini', 'max_depth': None, 'max_features': 'sqrt', 'min_samples_leaf': 1, 'min_samples_split': 10, 'splitter': 'random'}",0.4666001994017946,0.46680080482897385,0.4492753623188406,0.45875251509054327,0.40721102863202546,0.4497279820544355,0.022205816288421176,704
0.02340240478515625,0.0018679166799941767,0.0059929370880126955,0.00029851877592607687,gini,,log2,1,10,random,"{'criterion': 'gini', 'max_depth': None, 'max_features': 'log2', 'min_samples_leaf': 1, 'min_samples_split': 10, 'splitter': 'random'}",0.439918533604888,0.4682139253279516,0.42281219272369713,0.48226950354609927,0.433264887063655,0.44929580845325817,0.022322478986227214,705
0.03839879035949707,0.0070488032004759164,0.008246946334838866,0.00155969618975423,entropy,25,sqrt,2,5,random,"{'criterion': 'entropy', 'max_depth': 25, 'max_features': 'sqrt', 'min_samples_leaf': 2, 'min_samples_split': 5, 'splitter': 'random'}",0.452431289640592,0.4759959141981614,0.4613778705636743,0.42531120331950206,0.43037974683544306,0.44909920491147454,0.018982036348574725,706
0.020070552825927734,0.0007533196512142243,0.005595874786376953,0.0002801260801716954,gini,,sqrt,4,20,random,"{'criterion': 'gini', 'max_depth': None, 'max_features': 'sqrt', 'min_samples_leaf': 4, 'min_samples_split': 20, 'splitter': 'random'}",0.42996742671009774,0.4649610678531702,0.4721030042918455,0.4535637149028078,0.42320085929108486,0.4487592146098012,0.019167037368200024,707
0.01916203498840332,0.0014411630215363062,0.005567169189453125,0.0005255782912875667,entropy,15,sqrt,8,5,random,"{'criterion': 'entropy', 'max_depth': 15, 'max_features': 'sqrt', 'min_samples_leaf': 8, 'min_samples_split': 5, 'splitter': 'random'}",0.45657015590200445,0.43614457831325304,0.5056433408577878,0.43897216274089934,0.4059633027522936,0.4486587081132477,0.032812100267987136,708
0.019065046310424806,0.0010539481301362534,0.005703544616699219,0.0002053936746501145,entropy,15,sqrt,8,2,random,"{'criterion': 'entropy', 'max_depth': 15, 'max_features': 'sqrt', 'min_samples_leaf': 8, 'min_samples_split': 2, 'splitter': 'random'}",0.45657015590200445,0.43614457831325304,0.5056433408577878,0.43897216274089934,0.4059633027522936,0.4486587081132477,0.032812100267987136,708
0.01870408058166504,0.00042193901556764887,0.005754232406616211,0.00023417525756471656,entropy,15,sqrt,8,10,random,"{'criterion': 'entropy', 'max_depth': 15, 'max_features': 'sqrt', 'min_samples_leaf': 8, 'min_samples_split': 10, 'splitter': 'random'}",0.45657015590200445,0.43614457831325304,0.5056433408577878,0.43897216274089934,0.4059633027522936,0.4486587081132477,0.032812100267987136,708
0.024271392822265626,0.0013355152652879065,0.00667104721069336,0.0006620419811894897,entropy,,log2,2,20,random,"{'criterion': 'entropy', 'max_depth': None, 'max_features': 'log2', 'min_samples_leaf': 2, 'min_samples_split': 20, 'splitter': 'random'}",0.3882476390346275,0.4756756756756757,0.4247020585048754,0.4484848484848485,0.5045408678102926,0.44833021790206395,0.040188658436010605,711
0.022838306427001954,0.0015378777565546716,0.006153297424316406,0.0003461501273308029,gini,,log2,1,20,random,"{'criterion': 'gini', 'max_depth': None, 'max_features': 'log2', 'min_samples_leaf': 1, 'min_samples_split': 20, 'splitter': 'random'}",0.42598509052183176,0.48588709677419356,0.4451345755693582,0.43776824034334766,0.44515441959531415,0.447985884560809,0.02020437693055483,712
0.02613863945007324,0.003035371828168244,0.006568002700805664,0.0009913223116422073,entropy,20,sqrt,1,5,random,"{'criterion': 'entropy', 'max_depth': 20, 'max_features': 'sqrt', 'min_samples_leaf': 1, 'min_samples_split': 5, 'splitter': 'random'}",0.4726522187822497,0.5077821011673151,0.4596774193548387,0.40044493882091214,0.39914163090128757,0.44793966180532063,0.04234760797235162,713
0.024373912811279298,0.001989329310100997,0.00645904541015625,0.0007675288773716014,entropy,,sqrt,8,2,random,"{'criterion': 'entropy', 'max_depth': None, 'max_features': 'sqrt', 'min_samples_leaf': 8, 'min_samples_split': 2, 'splitter': 'random'}",0.4572697003329634,0.4184971098265896,0.4523281596452328,0.465016146393972,0.4459308807134894,0.44780839938244943,0.01592939281643557,714
0.022871017456054688,0.0023350275603018444,0.006595993041992187,0.0004764106416519524,entropy,,sqrt,8,5,random,"{'criterion': 'entropy', 'max_depth': None, 'max_features': 'sqrt', 'min_samples_leaf': 8, 'min_samples_split': 5, 'splitter': 'random'}",0.4572697003329634,0.4184971098265896,0.4523281596452328,0.465016146393972,0.4459308807134894,0.44780839938244943,0.01592939281643557,714
0.022751760482788087,0.002471021445937124,0.006144857406616211,0.0006138151880256058,entropy,,sqrt,8,10,random,"{'criterion': 'entropy', 'max_depth': None, 'max_features': 'sqrt', 'min_samples_leaf': 8, 'min_samples_split': 10, 'splitter': 'random'}",0.4572697003329634,0.4184971098265896,0.4523281596452328,0.465016146393972,0.4459308807134894,0.44780839938244943,0.01592939281643557,714
0.026457786560058594,0.0015525554187864642,0.006424808502197265,0.0003376454455696029,gini,25,sqrt,2,5,random,"{'criterion': 'gini', 'max_depth': 25, 'max_features': 'sqrt', 'min_samples_leaf': 2, 'min_samples_split': 5, 'splitter': 'random'}",0.43121149897330596,0.4610655737704918,0.47706422018348627,0.4527918781725888,0.41639697950377563,0.44770603012072974,0.02153403254853006,717
0.025571727752685548,0.003901480251872422,0.00633087158203125,0.0009549691422402657,entropy,25,sqrt,4,2,random,"{'criterion': 'entropy', 'max_depth': 25, 'max_features': 'sqrt', 'min_samples_leaf': 4, 'min_samples_split': 2, 'splitter': 'random'}",0.44756756756756755,0.48175182481751827,0.44251626898047725,0.42016806722689076,0.4454054054054054,0.4474818267995719,0.01974563175937655,718
0.023294496536254882,0.001323319263229843,0.00595703125,0.0005011016469761991,entropy,25,sqrt,4,5,random,"{'criterion': 'entropy', 'max_depth': 25, 'max_features': 'sqrt', 'min_samples_leaf': 4, 'min_samples_split': 5, 'splitter': 'random'}",0.44756756756756755,0.48175182481751827,0.44251626898047725,0.42016806722689076,0.4454054054054054,0.4474818267995719,0.01974563175937655,718
0.022852420806884766,0.002424425498640487,0.005809211730957031,0.0004727134637481167,entropy,15,sqrt,1,5,random,"{'criterion': 'entropy', 'max_depth': 15, 'max_features': 'sqrt', 'min_samples_leaf': 1, 'min_samples_split': 5, 'splitter': 'random'}",0.4868995633187773,0.496468213925328,0.3944636678200692,0.4512338425381904,0.4061032863849765,0.44703371479746823,0.04120584051956898,720
0.07111778259277343,0.0031148037372070517,0.005320978164672851,0.00035353195062544113,entropy,10,sqrt,8,5,best,"{'criterion': 'entropy', 'max_depth': 10, 'max_features': 'sqrt', 'min_samples_leaf': 8, 'min_samples_split': 5, 'splitter': 'best'}",0.4700352526439483,0.5127635960044395,0.48259303721488594,0.37383177570093457,0.3919716646989374,0.4462390652526292,0.053853782312149,721
0.07103352546691895,0.0033648090255019637,0.0056038379669189455,0.0009648375587852038,entropy,10,sqrt,8,10,best,"{'criterion': 'entropy', 'max_depth': 10, 'max_features': 'sqrt', 'min_samples_leaf': 8, 'min_samples_split': 10, 'splitter': 'best'}",0.4700352526439483,0.5127635960044395,0.48259303721488594,0.37383177570093457,0.3919716646989374,0.4462390652526292,0.053853782312149,721
0.07294659614562989,0.00471275898295643,0.005991697311401367,0.0014549288236438897,entropy,10,sqrt,8,2,best,"{'criterion': 'entropy', 'max_depth': 10, 'max_features': 'sqrt', 'min_samples_leaf': 8, 'min_samples_split': 2, 'splitter': 'best'}",0.4700352526439483,0.5127635960044395,0.48259303721488594,0.37383177570093457,0.3919716646989374,0.4462390652526292,0.053853782312149,721
0.02220020294189453,0.0009175788796821296,0.0064299583435058595,0.0005680030588085046,entropy,25,sqrt,8,2,random,"{'criterion': 'entropy', 'max_depth': 25, 'max_features': 'sqrt', 'min_samples_leaf': 8, 'min_samples_split': 2, 'splitter': 'random'}",0.4572697003329634,0.4184971098265896,0.4523281596452328,0.4908896034297964,0.4110854503464203,0.4460140047162005,0.028835956758593295,724
0.027288436889648438,0.003891253003845541,0.007879543304443359,0.0009924562352091628,entropy,25,sqrt,8,5,random,"{'criterion': 'entropy', 'max_depth': 25, 'max_features': 'sqrt', 'min_samples_leaf': 8, 'min_samples_split': 5, 'splitter': 'random'}",0.4572697003329634,0.4184971098265896,0.4523281596452328,0.4908896034297964,0.4110854503464203,0.4460140047162005,0.028835956758593295,724
0.021431922912597656,0.0009941904034832972,0.005752420425415039,0.000377040016675411,entropy,25,sqrt,8,10,random,"{'criterion': 'entropy', 'max_depth': 25, 'max_features': 'sqrt', 'min_samples_leaf': 8, 'min_samples_split': 10, 'splitter': 'random'}",0.4572697003329634,0.4184971098265896,0.4523281596452328,0.4908896034297964,0.4110854503464203,0.4460140047162005,0.028835956758593295,724
0.030410146713256835,0.0023149250070444234,0.007638263702392578,0.00021807705229457582,gini,20,sqrt,1,2,random,"{'criterion': 'gini', 'max_depth': 20, 'max_features': 'sqrt', 'min_samples_leaf': 1, 'min_samples_split': 2, 'splitter': 'random'}",0.4541577825159915,0.4780114722753346,0.42813455657492355,0.46404602109300097,0.40162271805273836,0.4451945101023978,0.02721108524857997,727
0.02258467674255371,0.0009880576916776373,0.005971384048461914,0.000555833173018599,entropy,,log2,2,10,random,"{'criterion': 'entropy', 'max_depth': None, 'max_features': 'log2', 'min_samples_leaf': 2, 'min_samples_split': 10, 'splitter': 'random'}",0.44539614561027835,0.46511627906976744,0.4084656084656085,0.48879837067209775,0.4171907756813417,0.44499343589981877,0.029769895515585527,728
0.06228508949279785,0.035075204344527454,0.01409773826599121,0.01097856963056399,entropy,,sqrt,2,2,random,"{'criterion': 'entropy', 'max_depth': None, 'max_features': 'sqrt', 'min_samples_leaf': 2, 'min_samples_split': 2, 'splitter': 'random'}",0.4423676012461059,0.44214876033057854,0.4355179704016913,0.44919786096256686,0.45482866043613707,0.44481217067541595,0.006618401310123887,729
0.02379779815673828,0.002245128899088622,0.006200265884399414,0.000593788072361351,entropy,25,log2,4,10,random,"{'criterion': 'entropy', 'max_depth': 25, 'max_features': 'log2', 'min_samples_leaf': 4, 'min_samples_split': 10, 'splitter': 'random'}",0.41065482796892344,0.4697286012526096,0.47071352502662406,0.4349680170575693,0.4357298474945534,0.444358963760056,0.022964327566800127,730
0.023622941970825196,0.0011588426055821526,0.006491994857788086,0.0007662870843260795,gini,,sqrt,4,2,random,"{'criterion': 'gini', 'max_depth': None, 'max_features': 'sqrt', 'min_samples_leaf': 4, 'min_samples_split': 2, 'splitter': 'random'}",0.4013377926421405,0.5015940488841658,0.4520255863539446,0.4495798319327731,0.4150537634408602,0.4439182046507769,0.03484403570994958,731
0.02590336799621582,0.0022570945604921187,0.006607484817504883,0.001061377609209413,gini,,sqrt,4,5,random,"{'criterion': 'gini', 'max_depth': None, 'max_features': 'sqrt', 'min_samples_leaf': 4, 'min_samples_split': 5, 'splitter': 'random'}",0.4013377926421405,0.5015940488841658,0.4520255863539446,0.4495798319327731,0.4150537634408602,0.4439182046507769,0.03484403570994958,731
0.026095819473266602,0.0020708215481099915,0.0064432621002197266,0.0007548658131390845,entropy,20,sqrt,2,5,random,"{'criterion': 'entropy', 'max_depth': 20, 'max_features': 'sqrt', 'min_samples_leaf': 2, 'min_samples_split': 5, 'splitter': 'random'}",0.39250275633958104,0.46458333333333335,0.4583333333333333,0.4326530612244898,0.4702194357366771,0.443658383993483,0.02862415931559036,733
0.04110260009765625,0.010001447699696913,0.01333622932434082,0.007187304139333478,entropy,,sqrt,4,10,random,"{'criterion': 'entropy', 'max_depth': None, 'max_features': 'sqrt', 'min_samples_leaf': 4, 'min_samples_split': 10, 'splitter': 'random'}",0.4304635761589404,0.45610278372591007,0.4407484407484408,0.42643923240938164,0.45643153526970953,0.4420371136624765,0.012521531819637109,734
0.02135496139526367,0.0020882801991899728,0.00671682357788086,0.0010880919686350624,entropy,15,log2,1,10,random,"{'criterion': 'entropy', 'max_depth': 15, 'max_features': 'log2', 'min_samples_leaf': 1, 'min_samples_split': 10, 'splitter': 'random'}",0.41330166270783847,0.4206896551724138,0.47032474804031354,0.41579558652729387,0.4890738813735692,0.4418371067642858,0.03156740608140855,735
0.02406201362609863,0.000854758618639282,0.0065558433532714845,0.0007472126119763013,gini,,sqrt,8,20,random,"{'criterion': 'gini', 'max_depth': None, 'max_features': 'sqrt', 'min_samples_leaf': 8, 'min_samples_split': 20, 'splitter': 'random'}",0.40835266821345706,0.5149171270718232,0.3836549375709421,0.4666666666666667,0.43526785714285715,0.4417718513331493,0.04584038088723801,736
0.02039337158203125,0.0008112276011670501,0.005719375610351562,0.0005986653471770925,entropy,20,sqrt,8,5,random,"{'criterion': 'entropy', 'max_depth': 20, 'max_features': 'sqrt', 'min_samples_leaf': 8, 'min_samples_split': 5, 'splitter': 'random'}",0.43364928909952605,0.40877598152424943,0.44372294372294374,0.49513513513513513,0.42709529276693453,0.4416757284497578,0.029056859550315218,737
0.02184433937072754,0.0022254892712656278,0.0065841197967529295,0.0007569223803282087,entropy,20,sqrt,8,2,random,"{'criterion': 'entropy', 'max_depth': 20, 'max_features': 'sqrt', 'min_samples_leaf': 8, 'min_samples_split': 2, 'splitter': 'random'}",0.43364928909952605,0.40877598152424943,0.44372294372294374,0.49513513513513513,0.42709529276693453,0.4416757284497578,0.029056859550315218,737
0.02672090530395508,0.011856088086940117,0.02921142578125,0.04432238772826078,entropy,20,sqrt,8,10,random,"{'criterion': 'entropy', 'max_depth': 20, 'max_features': 'sqrt', 'min_samples_leaf': 8, 'min_samples_split': 10, 'splitter': 'random'}",0.43364928909952605,0.40877598152424943,0.44372294372294374,0.49513513513513513,0.42709529276693453,0.4416757284497578,0.029056859550315218,737
0.022314834594726562,0.0016707529426047494,0.006055974960327148,0.0004338740647422103,entropy,25,log2,1,5,random,"{'criterion': 'entropy', 'max_depth': 25, 'max_features': 'log2', 'min_samples_leaf': 1, 'min_samples_split': 5, 'splitter': 'random'}",0.4355179704016913,0.46396841066140176,0.4714686623012161,0.4518664047151277,0.38461538461538464,0.4414873665389643,0.030925898182722244,740
0.02191615104675293,0.0011351523835442271,0.006378793716430664,0.0008092512498412215,gini,15,sqrt,4,10,random,"{'criterion': 'gini', 'max_depth': 15, 'max_features': 'sqrt', 'min_samples_leaf': 4, 'min_samples_split': 10, 'splitter': 'random'}",0.43058823529411766,0.41061130334486734,0.43710021321961623,0.4994753410283316,0.42567567567567566,0.4406901537125217,0.030662049724009714,741
0.023686838150024415,0.0009373254303223091,0.006007671356201172,0.0001725881118196073,gini,,log2,1,5,random,"{'criterion': 'gini', 'max_depth': None, 'max_features': 'log2', 'min_samples_leaf': 1, 'min_samples_split': 5, 'splitter': 'random'}",0.43947100712105797,0.43859649122807015,0.445771144278607,0.44793713163064836,0.4310520939734423,0.4405655736463651,0.005950117472090546,742
0.15346002578735352,0.0440137078116239,0.006729793548583984,0.0008293850549298686,entropy,10,log2,2,20,best,"{'criterion': 'entropy', 'max_depth': 10, 'max_features': 'log2', 'min_samples_leaf': 2, 'min_samples_split': 20, 'splitter': 'best'}",0.46115906288532676,0.43132530120481927,0.48,0.4954545454545455,0.3347517730496454,0.4405381365188674,0.05705068671728892,743
0.02095165252685547,0.0014407334576285573,0.006083393096923828,0.00040078605942149413,gini,20,sqrt,4,20,random,"{'criterion': 'gini', 'max_depth': 20, 'max_features': 'sqrt', 'min_samples_leaf': 4, 'min_samples_split': 20, 'splitter': 'random'}",0.4514721919302072,0.4772727272727273,0.42045454545454547,0.4392935982339956,0.4127659574468085,0.44025180406765674,0.02299898793521431,744
0.02923727035522461,0.002038602395803416,0.006724262237548828,0.00101939905154757,entropy,,log2,1,5,random,"{'criterion': 'entropy', 'max_depth': None, 'max_features': 'log2', 'min_samples_leaf': 1, 'min_samples_split': 5, 'splitter': 'random'}",0.4301288404360753,0.4816247582205029,0.44701348747591524,0.41312741312741313,0.4289855072463768,0.44017600130125667,0.02333473543102955,745
0.02313857078552246,0.0023269503888056864,0.006693983078002929,0.0007124728200856454,entropy,20,log2,2,5,random,"{'criterion': 'entropy', 'max_depth': 20, 'max_features': 'log2', 'min_samples_leaf': 2, 'min_samples_split': 5, 'splitter': 'random'}",0.42328042328042326,0.4865403788634098,0.42643923240938164,0.40948275862068967,0.45406546990496305,0.4399616526157735,0.0274174310996469,746
0.022805500030517577,0.0019169596365877862,0.006116390228271484,0.0005922439016486953,gini,25,log2,1,20,random,"{'criterion': 'gini', 'max_depth': 25, 'max_features': 'log2', 'min_samples_leaf': 1, 'min_samples_split': 20, 'splitter': 'random'}",0.4601412714429869,0.4836325237592397,0.41914893617021276,0.42779587404994573,0.4087431693989071,0.4398923549642584,0.027821240159044545,747
0.02675919532775879,0.0012851241815819954,0.0062464714050292965,0.0004920088104976334,gini,,log2,1,2,random,"{'criterion': 'gini', 'max_depth': None, 'max_features': 'log2', 'min_samples_leaf': 1, 'min_samples_split': 2, 'splitter': 'random'}",0.4521072796934866,0.455535390199637,0.4446494464944649,0.4347048300536673,0.4111111111111111,0.43962161151047335,0.01594642756034257,748
0.022661828994750978,0.0013935645252520982,0.006120920181274414,0.0005255645641967453,gini,25,sqrt,8,20,random,"{'criterion': 'gini', 'max_depth': 25, 'max_features': 'sqrt', 'min_samples_leaf': 8, 'min_samples_split': 20, 'splitter': 'random'}",0.350920245398773,0.5056689342403629,0.4432314410480349,0.4666666666666667,0.43132803632236094,0.43956306473523965,0.05107526469502885,749
0.01908740997314453,0.0017276747215125632,0.0060484886169433595,0.000711987010437766,entropy,15,sqrt,2,20,random,"{'criterion': 'entropy', 'max_depth': 15, 'max_features': 'sqrt', 'min_samples_leaf': 2, 'min_samples_split': 20, 'splitter': 'random'}",0.44144144144144143,0.5084745762711864,0.4325581395348837,0.5,0.31483870967741934,0.4394625733849861,0.06929665373524264,750
0.02497401237487793,0.0007349067373947808,0.006161737442016602,0.0004629488030928889,gini,25,log2,1,2,random,"{'criterion': 'gini', 'max_depth': 25, 'max_features': 'log2', 'min_samples_leaf': 1, 'min_samples_split': 2, 'splitter': 'random'}",0.4340344168260038,0.4317521781219748,0.4288389513108614,0.45604395604395603,0.4448669201520912,0.43910728449097747,0.010052805465001279,751
0.026160001754760742,0.002882822551277578,0.006335258483886719,0.000770524688791489,entropy,25,log2,2,5,random,"{'criterion': 'entropy', 'max_depth': 25, 'max_features': 'log2', 'min_samples_leaf': 2, 'min_samples_split': 5, 'splitter': 'random'}",0.4713375796178344,0.41959531416400425,0.4332344213649852,0.4383282364933741,0.4329896907216495,0.4390970484723695,0.01727443646971053,752
0.022194385528564453,0.0018844338260248779,0.006383323669433593,0.0009188427548717294,entropy,15,log2,1,5,random,"{'criterion': 'entropy', 'max_depth': 15, 'max_features': 'log2', 'min_samples_leaf': 1, 'min_samples_split': 5, 'splitter': 'random'}",0.4600219058050383,0.3852760736196319,0.4452054794520548,0.490134994807892,0.4143947655398037,0.4390066438448842,0.036295712696598176,753
0.024724626541137697,0.0014465821576410745,0.006767702102661133,0.0002657939423161238,entropy,20,sqrt,4,10,random,"{'criterion': 'entropy', 'max_depth': 20, 'max_features': 'sqrt', 'min_samples_leaf': 4, 'min_samples_split': 10, 'splitter': 'random'}",0.44772727272727275,0.46779661016949153,0.42105263157894735,0.4419551934826884,0.41501103752759383,0.43870854909719875,0.019033112465541614,754
0.019617223739624025,0.0005468476054581776,0.0058974742889404295,0.000413692975679967,gini,15,sqrt,2,20,random,"{'criterion': 'gini', 'max_depth': 15, 'max_features': 'sqrt', 'min_samples_leaf': 2, 'min_samples_split': 20, 'splitter': 'random'}",0.3380281690140845,0.5112107623318386,0.3364737550471063,0.48746238716148443,0.5136842105263157,0.4373718568161659,0.08226106706520121,755
0.020743942260742186,0.0022250780440560155,0.006077623367309571,0.0003717542671327645,entropy,15,sqrt,2,10,random,"{'criterion': 'entropy', 'max_depth': 15, 'max_features': 'sqrt', 'min_samples_leaf': 2, 'min_samples_split': 10, 'splitter': 'random'}",0.29085872576177285,0.5560704355885079,0.43205574912891986,0.4531914893617021,0.4517593643586833,0.43678715283991726,0.0848990729376247,756
0.03018784523010254,0.0019465728832195044,0.006920766830444336,0.000715726386036509,entropy,,sqrt,1,5,random,"{'criterion': 'entropy', 'max_depth': None, 'max_features': 'sqrt', 'min_samples_leaf': 1, 'min_samples_split': 5, 'splitter': 'random'}",0.44708209693372897,0.44984802431610943,0.4435946462715105,0.41141732283464566,0.43079922027290446,0.4365482621257798,0.014157065172488754,757
0.024910497665405273,0.0012323336046924805,0.006508541107177734,0.000514692281217719,gini,25,log2,1,5,random,"{'criterion': 'gini', 'max_depth': 25, 'max_features': 'log2', 'min_samples_leaf': 1, 'min_samples_split': 5, 'splitter': 'random'}",0.4234326824254882,0.464354527938343,0.4421699078812692,0.43415637860082307,0.4171539961013645,0.4362534985894576,0.016481710979293723,758
0.024043703079223634,0.0014206624455973386,0.006785058975219726,0.0004557244407344551,entropy,20,sqrt,4,20,random,"{'criterion': 'entropy', 'max_depth': 20, 'max_features': 'sqrt', 'min_samples_leaf': 4, 'min_samples_split': 20, 'splitter': 'random'}",0.42857142857142855,0.4829106945975744,0.3981264637002342,0.44298245614035087,0.428246013667426,0.4361674113354027,0.027564254236120828,759
0.02984137535095215,0.0040720655145515495,0.00746607780456543,0.0006136474802523926,gini,25,log2,4,20,random,"{'criterion': 'gini', 'max_depth': 25, 'max_features': 'log2', 'min_samples_leaf': 4, 'min_samples_split': 20, 'splitter': 'random'}",0.36511627906976746,0.49294245385450597,0.45657015590200445,0.4503735325506937,0.4137142857142857,0.43574334141825144,0.043342815757153604,760
0.023935747146606446,0.0027829575962986116,0.006634998321533203,0.0011823279733631747,gini,25,sqrt,4,20,random,"{'criterion': 'gini', 'max_depth': 25, 'max_features': 'sqrt', 'min_samples_leaf': 4, 'min_samples_split': 20, 'splitter': 'random'}",0.4461538461538462,0.45594713656387664,0.4456404736275565,0.44565217391304346,0.38063806380638066,0.43480633881294073,0.027367542402576415,761
0.024393749237060548,0.0012476808896923898,0.006049919128417969,0.0006117820628248706,gini,,sqrt,2,2,random,"{'criterion': 'gini', 'max_depth': None, 'max_features': 'sqrt', 'min_samples_leaf': 2, 'min_samples_split': 2, 'splitter': 'random'}",0.44260599793174765,0.4566768603465851,0.41386782231852653,0.45489443378119004,0.4059196617336152,0.4347929552223329,0.02105016220387003,762
0.02203965187072754,0.0007570728559191437,0.006429481506347656,0.0004215191769642134,entropy,20,log2,1,10,random,"{'criterion': 'entropy', 'max_depth': 20, 'max_features': 'log2', 'min_samples_leaf': 1, 'min_samples_split': 10, 'splitter': 'random'}",0.41517386722866173,0.4865403788634098,0.3971119133574007,0.4050056882821388,0.467005076142132,0.43416738477474864,0.03579248719274187,763
0.02237076759338379,0.002497231285813119,0.00681920051574707,0.001004984367952062,entropy,15,sqrt,2,2,random,"{'criterion': 'entropy', 'max_depth': 15, 'max_features': 'sqrt', 'min_samples_leaf': 2, 'min_samples_split': 2, 'splitter': 'random'}",0.4318936877076412,0.5182012847965739,0.38748495788206977,0.3858447488584475,0.44685466377440347,0.4340558686038272,0.048460493276181155,764
0.019611549377441407,0.0020251301358309944,0.0059031486511230465,0.0009564348393373943,gini,15,sqrt,8,20,random,"{'criterion': 'gini', 'max_depth': 15, 'max_features': 'sqrt', 'min_samples_leaf': 8, 'min_samples_split': 20, 'splitter': 'random'}",0.3977272727272727,0.4792626728110599,0.39412484700122397,0.4701834862385321,0.4287369640787949,0.4340070485713767,0.03547222038595458,765
0.020774269104003908,0.0017139283381106616,0.005652618408203125,0.00041189828546732264,gini,,log2,2,20,random,"{'criterion': 'gini', 'max_depth': None, 'max_features': 'log2', 'min_samples_leaf': 2, 'min_samples_split': 20, 'splitter': 'random'}",0.4201117318435754,0.4439511653718091,0.4009009009009009,0.44214876033057854,0.46236559139784944,0.43389562996894265,0.021252833460844122,766
0.020854806900024413,0.000662767244615327,0.00639500617980957,0.00020023076458420357,entropy,10,sqrt,1,20,random,"{'criterion': 'entropy', 'max_depth': 10, 'max_features': 'sqrt', 'min_samples_leaf': 1, 'min_samples_split': 20, 'splitter': 'random'}",0.47918781725888326,0.3508322663252241,0.49159663865546216,0.45770065075921906,0.38948626045400236,0.4337607266905582,0.054440960928008784,767
0.02534198760986328,0.0018207038750433682,0.0060138702392578125,0.0005637251287525023,gini,25,log2,2,5,random,"{'criterion': 'gini', 'max_depth': 25, 'max_features': 'log2', 'min_samples_leaf': 2, 'min_samples_split': 5, 'splitter': 'random'}",0.4154488517745303,0.43283582089552236,0.443010752688172,0.4523560209424084,0.4240506329113924,0.43354041584240505,0.01312685339135387,768
0.025754547119140624,0.0013926060888303018,0.006210947036743164,0.00022966769530211173,gini,,log2,2,5,random,"{'criterion': 'gini', 'max_depth': None, 'max_features': 'log2', 'min_samples_leaf': 2, 'min_samples_split': 5, 'splitter': 'random'}",0.426610348468849,0.4127659574468085,0.44562899786780386,0.47835051546391755,0.4043243243243243,0.43353602871434066,0.026409326785306265,769
0.024574804306030273,0.0023745729891917625,0.006037473678588867,0.0006662319561579703,gini,,sqrt,4,10,random,"{'criterion': 'gini', 'max_depth': None, 'max_features': 'sqrt', 'min_samples_leaf': 4, 'min_samples_split': 10, 'splitter': 'random'}",0.43595505617977526,0.42764578833693306,0.46354733405875953,0.38985005767012687,0.4504310344827586,0.43348585414567065,0.025040438385188744,770
0.02372736930847168,0.0026751363898726106,0.006363725662231446,0.001273227768162859,gini,20,sqrt,8,2,random,"{'criterion': 'gini', 'max_depth': 20, 'max_features': 'sqrt', 'min_samples_leaf': 8, 'min_samples_split': 2, 'splitter': 'random'}",0.4469525959367946,0.4351747463359639,0.41497326203208557,0.4636363636363636,0.4041095890410959,0.4329693113964607,0.021436443968377905,771
0.020245742797851563,0.0013447688239611837,0.005659961700439453,0.00019808986373922544,gini,20,sqrt,8,10,random,"{'criterion': 'gini', 'max_depth': 20, 'max_features': 'sqrt', 'min_samples_leaf': 8, 'min_samples_split': 10, 'splitter': 'random'}",0.4469525959367946,0.4351747463359639,0.41497326203208557,0.4636363636363636,0.4041095890410959,0.4329693113964607,0.021436443968377905,771
0.020421600341796874,0.0003755930882698174,0.005572700500488281,0.0004469067224667181,gini,20,sqrt,8,5,random,"{'criterion': 'gini', 'max_depth': 20, 'max_features': 'sqrt', 'min_samples_leaf': 8, 'min_samples_split': 5, 'splitter': 'random'}",0.4469525959367946,0.4351747463359639,0.41497326203208557,0.4636363636363636,0.4041095890410959,0.4329693113964607,0.021436443968377905,771
0.01946735382080078,0.0018599483506303305,0.005646228790283203,0.00032153879510766017,entropy,15,sqrt,1,10,random,"{'criterion': 'entropy', 'max_depth': 15, 'max_features': 'sqrt', 'min_samples_leaf': 1, 'min_samples_split': 10, 'splitter': 'random'}",0.4446831364124597,0.33635187580853815,0.4419642857142857,0.46311010215664017,0.4745762711864407,0.4321371342556729,0.04937447902654937,774
0.02279205322265625,0.001220706155519896,0.006222772598266602,0.0001634431544545501,entropy,20,log2,1,5,random,"{'criterion': 'entropy', 'max_depth': 20, 'max_features': 'log2', 'min_samples_leaf': 1, 'min_samples_split': 5, 'splitter': 'random'}",0.4296455424274973,0.44349680170575695,0.4530938123752495,0.4025974025974026,0.43172690763052207,0.4321120933472857,0.017012897044967997,775
0.02444305419921875,0.0005386372590162763,0.005938100814819336,0.0003533642419355038,gini,25,sqrt,2,2,random,"{'criterion': 'gini', 'max_depth': 25, 'max_features': 'sqrt', 'min_samples_leaf': 2, 'min_samples_split': 2, 'splitter': 'random'}",0.4392712550607287,0.46021505376344085,0.4172043010752688,0.42084168336673344,0.41256544502617803,0.43001954765847,0.017609498092999158,776
0.024021100997924805,0.002722337288786645,0.005644941329956054,0.00041599959634987325,gini,20,sqrt,2,2,random,"{'criterion': 'gini', 'max_depth': 20, 'max_features': 'sqrt', 'min_samples_leaf': 2, 'min_samples_split': 2, 'splitter': 'random'}",0.41163793103448276,0.4406047516198704,0.42392444910807975,0.45898234683281414,0.4149184149184149,0.43001357870273244,0.017629341263125233,777
0.02262125015258789,0.001871984789175643,0.0059512615203857425,0.000403399997265059,gini,15,sqrt,1,5,random,"{'criterion': 'gini', 'max_depth': 15, 'max_features': 'sqrt', 'min_samples_leaf': 1, 'min_samples_split': 5, 'splitter': 'random'}",0.46217616580310883,0.42572062084257206,0.4598459845984598,0.365767878077374,0.4358407079646018,0.4298702714572233,0.03494051155077865,778
0.026557159423828126,0.003091952649741087,0.006919097900390625,0.0010233959850525483,gini,25,log2,2,2,random,"{'criterion': 'gini', 'max_depth': 25, 'max_features': 'log2', 'min_samples_leaf': 2, 'min_samples_split': 2, 'splitter': 'random'}",0.48296593186372744,0.4212812160694897,0.4155844155844156,0.43137254901960786,0.39637599093997733,0.4295160206954436,0.029053409100160004,779
0.021520614624023438,0.0010631731130860361,0.005847644805908203,0.00041536667109443585,gini,25,sqrt,4,10,random,"{'criterion': 'gini', 'max_depth': 25, 'max_features': 'sqrt', 'min_samples_leaf': 4, 'min_samples_split': 10, 'splitter': 'random'}",0.4059633027522936,0.40305010893246185,0.45310853530031614,0.4437299035369775,0.43918191603875134,0.4290067533121601,0.02052290907848538,780
0.020381879806518555,0.0006063057576142611,0.005986738204956055,0.0006545261338200957,entropy,20,log2,1,20,random,"{'criterion': 'entropy', 'max_depth': 20, 'max_features': 'log2', 'min_samples_leaf': 1, 'min_samples_split': 20, 'splitter': 'random'}",0.3822843822843823,0.4172494172494173,0.44419391206313413,0.4103139013452915,0.49067713444553485,0.428943749477552,0.03661831091968056,781
0.021978759765625,0.0019471493265355087,0.0060826301574707035,0.000668770507877136,gini,15,sqrt,1,10,random,"{'criterion': 'gini', 'max_depth': 15, 'max_features': 'sqrt', 'min_samples_leaf': 1, 'min_samples_split': 10, 'splitter': 'random'}",0.488659793814433,0.49946178686759957,0.24858757062146894,0.4165781083953241,0.49134199134199136,0.4289258502081633,0.09498799804752624,782
0.021163749694824218,0.0005160265192277262,0.005533456802368164,0.00019511119565928628,gini,20,sqrt,4,10,random,"{'criterion': 'gini', 'max_depth': 20, 'max_features': 'sqrt', 'min_samples_leaf': 4, 'min_samples_split': 10, 'splitter': 'random'}",0.41705069124423966,0.41223103057757643,0.44096133751306166,0.44816053511705684,0.42616033755274263,0.42891278640093544,0.0137274154017358,783
0.024002552032470703,0.0016632246109041888,0.006475067138671875,0.0005951810772804745,gini,25,log2,2,10,random,"{'criterion': 'gini', 'max_depth': 25, 'max_features': 'log2', 'min_samples_leaf': 2, 'min_samples_split': 10, 'splitter': 'random'}",0.41964285714285715,0.45087900723888313,0.42724458204334365,0.41509433962264153,0.42936596218020023,0.42844534964558517,0.012339300678564756,784
0.022541522979736328,0.0011510574824268706,0.006046915054321289,0.0005614689119898086,gini,15,sqrt,2,2,random,"{'criterion': 'gini', 'max_depth': 15, 'max_features': 'sqrt', 'min_samples_leaf': 2, 'min_samples_split': 2, 'splitter': 'random'}",0.38990825688073394,0.42276422764227645,0.3574051407588739,0.5259042033235581,0.44493882091212456,0.42818412990351346,0.057155954231431154,785
0.021135759353637696,0.001532241663819349,0.005749225616455078,0.0004440583254510961,gini,20,sqrt,8,20,random,"{'criterion': 'gini', 'max_depth': 20, 'max_features': 'sqrt', 'min_samples_leaf': 8, 'min_samples_split': 20, 'splitter': 'random'}",0.32061068702290074,0.4678492239467849,0.4224137931034483,0.4968944099378882,0.4323094425483504,0.42801551131187454,0.05986090662712822,786
0.06513090133666992,0.0067435297259482675,0.00735626220703125,0.0007155388208320774,gini,10,log2,2,5,best,"{'criterion': 'gini', 'max_depth': 10, 'max_features': 'log2', 'min_samples_leaf': 2, 'min_samples_split': 5, 'splitter': 'best'}",0.431924882629108,0.5490196078431373,0.4730473047304731,0.4041184041184041,0.28156748911465895,0.4279355376871563,0.08798090695000547,787
0.0598940372467041,0.002274443134490884,0.0060443878173828125,0.0004559764893216336,gini,10,log2,4,2,best,"{'criterion': 'gini', 'max_depth': 10, 'max_features': 'log2', 'min_samples_leaf': 4, 'min_samples_split': 2, 'splitter': 'best'}",0.2801664355062413,0.42063492063492064,0.5032119914346895,0.42857142857142855,0.5047518479408659,0.42746732481762917,0.0817992723919431,788
0.054956674575805664,0.0019800612382404976,0.005908346176147461,0.0006599062188805491,gini,10,log2,4,5,best,"{'criterion': 'gini', 'max_depth': 10, 'max_features': 'log2', 'min_samples_leaf': 4, 'min_samples_split': 5, 'splitter': 'best'}",0.2801664355062413,0.42063492063492064,0.5032119914346895,0.42857142857142855,0.5047518479408659,0.42746732481762917,0.0817992723919431,788
0.02443232536315918,0.003136184617449038,0.0068244457244873045,0.0009280660969108988,gini,20,log2,1,10,random,"{'criterion': 'gini', 'max_depth': 20, 'max_features': 'log2', 'min_samples_leaf': 1, 'min_samples_split': 10, 'splitter': 'random'}",0.4288747346072187,0.40816326530612246,0.44097995545657015,0.4574358974358974,0.4008958566629339,0.4272699418937485,0.020790296617909394,790
0.020651721954345705,0.0017642409122263399,0.006010723114013672,0.0005988515346367649,gini,15,log2,2,10,random,"{'criterion': 'gini', 'max_depth': 15, 'max_features': 'log2', 'min_samples_leaf': 2, 'min_samples_split': 10, 'splitter': 'random'}",0.4924731182795699,0.4948665297741273,0.35,0.39677047289504036,0.3879093198992443,0.4244038881695964,0.05870230264202991,791
0.06060566902160645,0.0012814252530047238,0.005466175079345703,0.0003989112452672032,entropy,10,log2,2,10,best,"{'criterion': 'entropy', 'max_depth': 10, 'max_features': 'log2', 'min_samples_leaf': 2, 'min_samples_split': 10, 'splitter': 'best'}",0.4687116564417178,0.5176946410515673,0.38855780691299163,0.3385490753911807,0.40463917525773196,0.4236304710110378,0.06278532683230302,792
0.019564151763916016,0.0014259276701200363,0.0052795886993408205,0.00014785992162517328,gini,15,log2,1,2,random,"{'criterion': 'gini', 'max_depth': 15, 'max_features': 'log2', 'min_samples_leaf': 1, 'min_samples_split': 2, 'splitter': 'random'}",0.42588726513569936,0.45228215767634855,0.4329896907216495,0.48132780082987553,0.32425742574257427,0.4233488680212295,0.05313604192073823,793
0.024077796936035158,0.0028423458565379183,0.006736230850219726,0.0012507771005116212,entropy,25,log2,4,20,random,"{'criterion': 'entropy', 'max_depth': 25, 'max_features': 'log2', 'min_samples_leaf': 4, 'min_samples_split': 20, 'splitter': 'random'}",0.43333333333333335,0.4583333333333333,0.3981797497155859,0.4124860646599777,0.41183431952662725,0.4228333601137715,0.0210063964492361,794
0.02064037322998047,0.0008821848655727939,0.00640721321105957,0.0002768929533159177,gini,15,log2,4,20,random,"{'criterion': 'gini', 'max_depth': 15, 'max_features': 'log2', 'min_samples_leaf': 4, 'min_samples_split': 20, 'splitter': 'random'}",0.41514041514041516,0.4654226125137212,0.3515151515151515,0.4223744292237443,0.4588364434687157,0.42265781037234956,0.04063395437348499,795
0.022814035415649414,0.001113444313621094,0.005903196334838867,0.00024799123834035784,gini,25,log2,1,10,random,"{'criterion': 'gini', 'max_depth': 25, 'max_features': 'log2', 'min_samples_leaf': 1, 'min_samples_split': 10, 'splitter': 'random'}",0.40860215053763443,0.4236559139784946,0.4087431693989071,0.4439701173959445,0.4266389177939646,0.42232205382098903,0.013127642608474172,796
0.023686790466308595,0.0014102419379945436,0.005528020858764649,0.00015379860491711902,gini,,log2,2,10,random,"{'criterion': 'gini', 'max_depth': None, 'max_features': 'log2', 'min_samples_leaf': 2, 'min_samples_split': 10, 'splitter': 'random'}",0.41983122362869196,0.4384694932781799,0.4178794178794179,0.40971488912354803,0.4243743199129489,0.42205386876455736,0.009481285059294312,797
0.02534961700439453,0.0025375098042381456,0.006746816635131836,0.0006647472973713249,gini,,sqrt,8,2,random,"{'criterion': 'gini', 'max_depth': None, 'max_features': 'sqrt', 'min_samples_leaf': 8, 'min_samples_split': 2, 'splitter': 'random'}",0.4316702819956616,0.3835294117647059,0.37819025522041766,0.5064377682403434,0.41002277904328016,0.4219700992528817,0.04640254369682754,798
0.02118077278137207,0.0015040058115585184,0.005926513671875,0.0004349434165856017,gini,,sqrt,8,10,random,"{'criterion': 'gini', 'max_depth': None, 'max_features': 'sqrt', 'min_samples_leaf': 8, 'min_samples_split': 10, 'splitter': 'random'}",0.4316702819956616,0.3835294117647059,0.37819025522041766,0.5064377682403434,0.41002277904328016,0.4219700992528817,0.04640254369682754,798
0.021365976333618163,0.0007412070289681218,0.005842256546020508,0.00023937659430652323,gini,,sqrt,8,5,random,"{'criterion': 'gini', 'max_depth': None, 'max_features': 'sqrt', 'min_samples_leaf': 8, 'min_samples_split': 5, 'splitter': 'random'}",0.4316702819956616,0.3835294117647059,0.37819025522041766,0.5064377682403434,0.41002277904328016,0.4219700992528817,0.04640254369682754,798
0.021666765213012695,0.002001980197909884,0.006236219406127929,0.000711797277963176,gini,15,log2,2,2,random,"{'criterion': 'gini', 'max_depth': 15, 'max_features': 'log2', 'min_samples_leaf': 2, 'min_samples_split': 2, 'splitter': 'random'}",0.44680851063829785,0.43757159221076747,0.38686131386861317,0.4065573770491803,0.4251101321585903,0.4205817851850898,0.02159052943513899,801
0.02416119575500488,0.003004565965408722,0.006394624710083008,0.000940983650857221,entropy,20,log2,4,5,random,"{'criterion': 'entropy', 'max_depth': 20, 'max_features': 'log2', 'min_samples_leaf': 4, 'min_samples_split': 5, 'splitter': 'random'}",0.4212860310421286,0.380327868852459,0.432258064516129,0.43675675675675674,0.43112513144058884,0.42035077052161246,0.020638479876637823,802
0.021474933624267577,0.0015647193894683723,0.00606842041015625,0.0005452264870089613,entropy,20,log2,4,2,random,"{'criterion': 'entropy', 'max_depth': 20, 'max_features': 'log2', 'min_samples_leaf': 4, 'min_samples_split': 2, 'splitter': 'random'}",0.4212860310421286,0.380327868852459,0.432258064516129,0.43675675675675674,0.43112513144058884,0.42035077052161246,0.020638479876637823,802
0.02340240478515625,0.0014851806418040112,0.006447935104370117,0.00035627894635280696,gini,20,log2,1,5,random,"{'criterion': 'gini', 'max_depth': 20, 'max_features': 'log2', 'min_samples_leaf': 1, 'min_samples_split': 5, 'splitter': 'random'}",0.4194214876033058,0.4389233954451346,0.44676409185803756,0.3852013057671382,0.4105820105820106,0.4201784582511253,0.02179098250655137,804
0.021504735946655272,0.0008496599221531064,0.005792856216430664,0.000513368806197163,gini,20,log2,2,10,random,"{'criterion': 'gini', 'max_depth': 20, 'max_features': 'log2', 'min_samples_leaf': 2, 'min_samples_split': 10, 'splitter': 'random'}",0.43487394957983194,0.4284199363732768,0.41372141372141374,0.40981856990394877,0.41333333333333333,0.4200334405823609,0.009794393520515123,805
0.025952720642089845,0.0015040579597543724,0.0064258575439453125,0.00030921317981903,entropy,25,log2,2,2,random,"{'criterion': 'entropy', 'max_depth': 25, 'max_features': 'log2', 'min_samples_leaf': 2, 'min_samples_split': 2, 'splitter': 'random'}",0.3964165733482643,0.42424242424242425,0.39826839826839827,0.44646464646464645,0.4314558979808714,0.41936958806092095,0.01937042438819373,806
0.043929004669189455,0.029704316497588278,0.007239103317260742,0.00099984935233028,gini,,log2,4,5,random,"{'criterion': 'gini', 'max_depth': None, 'max_features': 'log2', 'min_samples_leaf': 4, 'min_samples_split': 5, 'splitter': 'random'}",0.44664466446644663,0.3986784140969163,0.4293193717277487,0.42071881606765327,0.4012806830309498,0.41932838987794296,0.017888952361156885,807
0.02208843231201172,0.0024714742210429283,0.0060942649841308595,0.0008024588165497576,gini,,log2,4,2,random,"{'criterion': 'gini', 'max_depth': None, 'max_features': 'log2', 'min_samples_leaf': 4, 'min_samples_split': 2, 'splitter': 'random'}",0.44664466446644663,0.3986784140969163,0.4293193717277487,0.42071881606765327,0.4012806830309498,0.41932838987794296,0.017888952361156885,807
0.022424602508544923,0.0015799464331408678,0.005685949325561523,0.0005232278013888742,gini,25,sqrt,8,5,random,"{'criterion': 'gini', 'max_depth': 25, 'max_features': 'sqrt', 'min_samples_leaf': 8, 'min_samples_split': 5, 'splitter': 'random'}",0.4316702819956616,0.3835294117647059,0.37819025522041766,0.49294245385450597,0.41002277904328016,0.4192710363757143,0.04154959354585489,809
0.022034406661987305,0.0021415881894169086,0.0057185649871826175,0.0004144792065578032,gini,25,sqrt,8,2,random,"{'criterion': 'gini', 'max_depth': 25, 'max_features': 'sqrt', 'min_samples_leaf': 8, 'min_samples_split': 2, 'splitter': 'random'}",0.4316702819956616,0.3835294117647059,0.37819025522041766,0.49294245385450597,0.41002277904328016,0.4192710363757143,0.04154959354585489,809
0.020494651794433594,0.0010847668316336008,0.00560293197631836,0.00029411046111011015,gini,25,sqrt,8,10,random,"{'criterion': 'gini', 'max_depth': 25, 'max_features': 'sqrt', 'min_samples_leaf': 8, 'min_samples_split': 10, 'splitter': 'random'}",0.4316702819956616,0.3835294117647059,0.37819025522041766,0.49294245385450597,0.41002277904328016,0.4192710363757143,0.04154959354585489,809
0.02797379493713379,0.0025785895170925507,0.006418085098266602,0.0003792475288303191,entropy,,log2,2,2,random,"{'criterion': 'entropy', 'max_depth': None, 'max_features': 'log2', 'min_samples_leaf': 2, 'min_samples_split': 2, 'splitter': 'random'}",0.4093816631130064,0.3987603305785124,0.4385593220338983,0.4370290635091496,0.4078674948240166,0.41831957481171667,0.016318018332595028,812
0.022222518920898438,0.002841870747666604,0.006070613861083984,0.0006704667884615242,gini,25,log2,4,10,random,"{'criterion': 'gini', 'max_depth': 25, 'max_features': 'log2', 'min_samples_leaf': 4, 'min_samples_split': 10, 'splitter': 'random'}",0.3986175115207373,0.3833515881708653,0.4742489270386266,0.4434876210979548,0.39097744360902253,0.4181366182874413,0.03498536595572772,813
0.02197403907775879,0.0007917430279614507,0.005866622924804688,0.0003600158943830421,entropy,,log2,4,10,random,"{'criterion': 'entropy', 'max_depth': None, 'max_features': 'log2', 'min_samples_leaf': 4, 'min_samples_split': 10, 'splitter': 'random'}",0.43640350877192985,0.42028985507246375,0.41081081081081083,0.45,0.366412213740458,0.41678327767913254,0.02854300137581556,814
0.02131476402282715,0.001760674065337843,0.005820035934448242,0.0005349612042581927,entropy,15,sqrt,4,10,random,"{'criterion': 'entropy', 'max_depth': 15, 'max_features': 'sqrt', 'min_samples_leaf': 4, 'min_samples_split': 10, 'splitter': 'random'}",0.4607218683651805,0.40518256772673733,0.4,0.5053533190578159,0.30933333333333335,0.41611821769661345,0.0659314581643176,815
0.025926828384399414,0.0031276379324615107,0.006942129135131836,0.0005321173162067982,entropy,,log2,4,2,random,"{'criterion': 'entropy', 'max_depth': None, 'max_features': 'log2', 'min_samples_leaf': 4, 'min_samples_split': 2, 'splitter': 'random'}",0.44082519001085774,0.39608269858541895,0.42391304347826086,0.42348008385744235,0.3893048128342246,0.41472116575324086,0.019162530099024192,816
0.02477583885192871,0.001817294309454149,0.006901597976684571,0.0008752373718970289,entropy,,log2,4,5,random,"{'criterion': 'entropy', 'max_depth': None, 'max_features': 'log2', 'min_samples_leaf': 4, 'min_samples_split': 5, 'splitter': 'random'}",0.44082519001085774,0.39608269858541895,0.42391304347826086,0.42348008385744235,0.3893048128342246,0.41472116575324086,0.019162530099024192,816
0.020744991302490235,0.0010855015768462299,0.006245088577270508,0.0004392092784885378,gini,20,log2,4,20,random,"{'criterion': 'gini', 'max_depth': 20, 'max_features': 'log2', 'min_samples_leaf': 4, 'min_samples_split': 20, 'splitter': 'random'}",0.38495575221238937,0.5202072538860104,0.4023952095808383,0.41522491349480967,0.34963325183374083,0.41448327620155767,0.057274132331030035,818
0.022684478759765626,0.0021637143637382424,0.007059240341186523,0.0007995320407867319,entropy,15,sqrt,4,20,random,"{'criterion': 'entropy', 'max_depth': 15, 'max_features': 'sqrt', 'min_samples_leaf': 4, 'min_samples_split': 20, 'splitter': 'random'}",0.3708609271523179,0.47443762781186094,0.37142857142857144,0.45132743362831856,0.40240963855421685,0.41409283971505706,0.04208002774702474,819
0.024767065048217775,0.0016448257596316182,0.006283950805664062,0.0004944116007842154,entropy,20,log2,2,2,random,"{'criterion': 'entropy', 'max_depth': 20, 'max_features': 'log2', 'min_samples_leaf': 2, 'min_samples_split': 2, 'splitter': 'random'}",0.41223103057757643,0.38636363636363635,0.44349680170575695,0.4092827004219409,0.41904761904761906,0.41408435762330587,0.018355680053016462,820
0.026340961456298828,0.00126844295757607,0.006845617294311523,0.0005234914691888381,entropy,,log2,2,5,random,"{'criterion': 'entropy', 'max_depth': None, 'max_features': 'log2', 'min_samples_leaf': 2, 'min_samples_split': 5, 'splitter': 'random'}",0.38338658146964855,0.4098867147270855,0.4199796126401631,0.4164904862579281,0.44025157232704404,0.41399899348437386,0.018358670123703534,821
0.023081350326538085,0.0017535063183388973,0.005788040161132812,0.0003710900866980968,entropy,20,log2,2,20,random,"{'criterion': 'entropy', 'max_depth': 20, 'max_features': 'log2', 'min_samples_leaf': 2, 'min_samples_split': 20, 'splitter': 'random'}",0.38173302107728335,0.3592233009708738,0.41037204058624577,0.47426841574167505,0.4432314410480349,0.4137656438848225,0.04133108090202066,822
0.02165513038635254,0.0005778617830367712,0.005851554870605469,0.00031246827899834503,gini,25,log2,4,2,random,"{'criterion': 'gini', 'max_depth': 25, 'max_features': 'log2', 'min_samples_leaf': 4, 'min_samples_split': 2, 'splitter': 'random'}",0.43213897937024975,0.39911797133406834,0.4284176533907427,0.37610619469026546,0.43254817987152033,0.41366579573136936,0.02252901717357433,823
0.0214536190032959,0.0010597901347859707,0.005645561218261719,0.00027081703506652577,gini,25,log2,4,5,random,"{'criterion': 'gini', 'max_depth': 25, 'max_features': 'log2', 'min_samples_leaf': 4, 'min_samples_split': 5, 'splitter': 'random'}",0.43213897937024975,0.39911797133406834,0.4284176533907427,0.37610619469026546,0.43254817987152033,0.41366579573136936,0.02252901717357433,823
0.020572853088378907,0.0010459738803356104,0.005849504470825195,0.00031413377663538574,entropy,20,log2,2,10,random,"{'criterion': 'entropy', 'max_depth': 20, 'max_features': 'log2', 'min_samples_leaf': 2, 'min_samples_split': 10, 'splitter': 'random'}",0.43294614572333684,0.4563758389261745,0.38116100766703176,0.38083832335329343,0.41533546325878595,0.4133313557857245,0.02943573479504671,825
0.02185201644897461,0.0014571789589297726,0.0059779644012451175,0.00033202772930808374,gini,20,log2,2,2,random,"{'criterion': 'gini', 'max_depth': 20, 'max_features': 'log2', 'min_samples_leaf': 2, 'min_samples_split': 2, 'splitter': 'random'}",0.3716608594657375,0.448559670781893,0.3969298245614035,0.42483660130718953,0.41693121693121693,0.41178363460948814,0.025999335138056363,826
0.023047876358032227,0.0032302562320250436,0.0067862987518310545,0.0009668748336221696,gini,20,log2,1,20,random,"{'criterion': 'gini', 'max_depth': 20, 'max_features': 'log2', 'min_samples_leaf': 1, 'min_samples_split': 20, 'splitter': 'random'}",0.4360086767895879,0.41876430205949655,0.416289592760181,0.4055619930475087,0.38095238095238093,0.411515389121831,0.01813726160762649,827
0.022729825973510743,0.001933951267112312,0.0062067508697509766,0.000781881143931306,gini,15,log2,2,5,random,"{'criterion': 'gini', 'max_depth': 15, 'max_features': 'log2', 'min_samples_leaf': 2, 'min_samples_split': 5, 'splitter': 'random'}",0.4097452934662237,0.3704572098475967,0.36386449184441655,0.4688888888888889,0.4444444444444444,0.4114800656983141,0.04083025901589886,828
0.023898983001708986,0.0022287953570687504,0.006315803527832032,0.0009832692835143881,entropy,,log2,4,20,random,"{'criterion': 'entropy', 'max_depth': None, 'max_features': 'log2', 'min_samples_leaf': 4, 'min_samples_split': 20, 'splitter': 'random'}",0.42337375964718854,0.41216216216216217,0.4101433296582139,0.39050701186623515,0.4197802197802198,0.41119329662280385,0.011419828693020762,829
0.030687999725341798,0.006505258254867941,0.009708070755004882,0.003173013860502275,entropy,15,log2,2,2,random,"{'criterion': 'entropy', 'max_depth': 15, 'max_features': 'log2', 'min_samples_leaf': 2, 'min_samples_split': 2, 'splitter': 'random'}",0.4359255202628697,0.45089285714285715,0.3865921787709497,0.3164721141374838,0.46540880503144655,0.4110582950691214,0.05422967015860571,830
0.020608043670654295,0.0008888131123542504,0.005788278579711914,0.0002858437880265545,gini,15,log2,1,5,random,"{'criterion': 'gini', 'max_depth': 15, 'max_features': 'log2', 'min_samples_leaf': 1, 'min_samples_split': 5, 'splitter': 'random'}",0.37657864523536166,0.38609112709832133,0.4090368608799049,0.4683136412459721,0.4119530416221985,0.41039466321635165,0.03191571752716008,831
0.02007894515991211,0.0009673168752397881,0.005839824676513672,0.0002822048236657788,entropy,15,log2,1,2,random,"{'criterion': 'entropy', 'max_depth': 15, 'max_features': 'log2', 'min_samples_leaf': 1, 'min_samples_split': 2, 'splitter': 'random'}",0.46473029045643155,0.34328358208955223,0.4353448275862069,0.4752688172043011,0.32684824902723736,0.4090951532727458,0.062062845324247135,832
0.023365163803100587,0.002417394425175172,0.006466579437255859,0.0005234883158655223,gini,,log2,4,20,random,"{'criterion': 'gini', 'max_depth': None, 'max_features': 'log2', 'min_samples_leaf': 4, 'min_samples_split': 20, 'splitter': 'random'}",0.39643652561247217,0.39260969976905313,0.3952225841476656,0.4175084175084175,0.44298245614035087,0.40895193663559193,0.019201504947832734,833
0.021839427947998046,0.0008714656048128215,0.005817317962646484,0.0003410067723484608,gini,,log2,2,2,random,"{'criterion': 'gini', 'max_depth': None, 'max_features': 'log2', 'min_samples_leaf': 2, 'min_samples_split': 2, 'splitter': 'random'}",0.4306418219461698,0.43086816720257237,0.38074866310160427,0.39752832131822863,0.40169133192389006,0.40829566109849297,0.019632925430916864,834
0.02261343002319336,0.001522296026509789,0.005766725540161133,0.0002656441191863284,entropy,25,log2,4,2,random,"{'criterion': 'entropy', 'max_depth': 25, 'max_features': 'log2', 'min_samples_leaf': 4, 'min_samples_split': 2, 'splitter': 'random'}",0.43439911797133407,0.4,0.409534127843987,0.3861490031479538,0.4092339979013641,0.4078632493729278,0.01576174031307958,835
0.02280712127685547,0.001026397925480422,0.006422758102416992,0.0005824127778055228,entropy,25,log2,4,5,random,"{'criterion': 'entropy', 'max_depth': 25, 'max_features': 'log2', 'min_samples_leaf': 4, 'min_samples_split': 5, 'splitter': 'random'}",0.43439911797133407,0.4,0.409534127843987,0.3861490031479538,0.4092339979013641,0.4078632493729278,0.01576174031307958,835
0.02481379508972168,0.002277970987646538,0.0061969757080078125,0.0005925491729346999,gini,20,sqrt,2,5,random,"{'criterion': 'gini', 'max_depth': 20, 'max_features': 'sqrt', 'min_samples_leaf': 2, 'min_samples_split': 5, 'splitter': 'random'}",0.38028169014084506,0.41497326203208557,0.3745743473325766,0.4021857923497268,0.4641350210970464,0.4072300225904561,0.031988080965165075,837
0.01889190673828125,0.0008519223778969669,0.0063343048095703125,0.0008459035411981996,gini,15,log2,2,20,random,"{'criterion': 'gini', 'max_depth': 15, 'max_features': 'log2', 'min_samples_leaf': 2, 'min_samples_split': 20, 'splitter': 'random'}",0.38386308068459657,0.43548387096774194,0.41031652989449,0.3435114503816794,0.4604012671594509,0.40671523981759183,0.04059490888355604,838
0.022850704193115235,0.0018116109394434453,0.006547975540161133,0.0006012359611497212,gini,20,log2,2,20,random,"{'criterion': 'gini', 'max_depth': 20, 'max_features': 'log2', 'min_samples_leaf': 2, 'min_samples_split': 20, 'splitter': 'random'}",0.3839080459770115,0.38907103825136613,0.3986013986013986,0.41294642857142855,0.4400871459694989,0.4049228114741408,0.02016813425053791,839
0.022613954544067384,0.0018408503523239255,0.006226348876953125,0.0007309293907307276,entropy,15,sqrt,2,5,random,"{'criterion': 'entropy', 'max_depth': 15, 'max_features': 'sqrt', 'min_samples_leaf': 2, 'min_samples_split': 5, 'splitter': 'random'}",0.3255208333333333,0.4343786295005807,0.36705882352941177,0.4604012671594509,0.43628509719222464,0.4047289301430002,0.050333418306718274,840
0.019018793106079103,0.0008066944482506155,0.005843257904052735,0.00043019096737098806,gini,15,log2,1,10,random,"{'criterion': 'gini', 'max_depth': 15, 'max_features': 'log2', 'min_samples_leaf': 1, 'min_samples_split': 10, 'splitter': 'random'}",0.3523573200992556,0.3835616438356164,0.4199029126213592,0.4540763673890609,0.40700218818380746,0.40338008642581985,0.03421207289964601,841
0.019049406051635742,0.0018026529171404993,0.0059223175048828125,0.0011022485071635582,entropy,10,sqrt,8,2,random,"{'criterion': 'entropy', 'max_depth': 10, 'max_features': 'sqrt', 'min_samples_leaf': 8, 'min_samples_split': 2, 'splitter': 'random'}",0.4260869565217391,0.3822784810126582,0.44772447724477243,0.37267080745341613,0.3839611178614824,0.4025443680188137,0.029134065032186393,842
0.016876649856567384,0.0014820882952629004,0.005446958541870117,0.0003787627555337858,entropy,10,sqrt,8,10,random,"{'criterion': 'entropy', 'max_depth': 10, 'max_features': 'sqrt', 'min_samples_leaf': 8, 'min_samples_split': 10, 'splitter': 'random'}",0.4260869565217391,0.3822784810126582,0.44772447724477243,0.37267080745341613,0.3839611178614824,0.4025443680188137,0.029134065032186393,842
0.017145204544067382,0.0009147579143769595,0.005757951736450195,0.0007275272306067801,entropy,10,sqrt,8,5,random,"{'criterion': 'entropy', 'max_depth': 10, 'max_features': 'sqrt', 'min_samples_leaf': 8, 'min_samples_split': 5, 'splitter': 'random'}",0.4260869565217391,0.3822784810126582,0.44772447724477243,0.37267080745341613,0.3839611178614824,0.4025443680188137,0.029134065032186393,842
0.02653017044067383,0.0022875037818985435,0.0068435192108154295,0.0006748300544063667,gini,15,sqrt,1,2,random,"{'criterion': 'gini', 'max_depth': 15, 'max_features': 'sqrt', 'min_samples_leaf': 1, 'min_samples_split': 2, 'splitter': 'random'}",0.3380614657210402,0.5067218200620476,0.45134575569358176,0.3764705882352941,0.3393939393939394,0.40239871382118064,0.06642330042074977,845
0.019976711273193358,0.0005665644311962712,0.005516147613525391,0.00015715185529535804,gini,20,log2,4,10,random,"{'criterion': 'gini', 'max_depth': 20, 'max_features': 'log2', 'min_samples_leaf': 4, 'min_samples_split': 10, 'splitter': 'random'}",0.3962920046349942,0.3779527559055118,0.4572605561277034,0.43162393162393164,0.34663341645885287,0.40195253295019884,0.03900667854469026,846
0.022228765487670898,0.0019243850383093932,0.005925989151000977,0.0007347870551342874,entropy,15,log2,2,5,random,"{'criterion': 'entropy', 'max_depth': 15, 'max_features': 'log2', 'min_samples_leaf': 2, 'min_samples_split': 5, 'splitter': 'random'}",0.3830275229357798,0.45146726862302483,0.3833515881708653,0.32977461447212336,0.45324532453245325,0.40017326374684925,0.04686285008216607,847
0.021752309799194337,0.002329399531012015,0.00597085952758789,0.0005300168800881833,entropy,15,log2,2,10,random,"{'criterion': 'entropy', 'max_depth': 15, 'max_features': 'log2', 'min_samples_leaf': 2, 'min_samples_split': 10, 'splitter': 'random'}",0.4372093023255814,0.3602941176470588,0.3746898263027295,0.4449438202247191,0.38095238095238093,0.399617889490494,0.03459399627431282,848
0.020211124420166017,0.0009338551047162815,0.0055333137512207035,0.00021883530046609356,entropy,20,log2,4,20,random,"{'criterion': 'entropy', 'max_depth': 20, 'max_features': 'log2', 'min_samples_leaf': 4, 'min_samples_split': 20, 'splitter': 'random'}",0.3823870220162225,0.41294642857142855,0.44110854503464203,0.3439024390243902,0.417607223476298,0.39959033162459623,0.03353759384972289,849
0.01995096206665039,0.0012729916360334033,0.006484174728393554,0.0005306275648396405,gini,10,sqrt,2,20,random,"{'criterion': 'gini', 'max_depth': 10, 'max_features': 'sqrt', 'min_samples_leaf': 2, 'min_samples_split': 20, 'splitter': 'random'}",0.503370786516854,0.38018741633199465,0.48504273504273504,0.39712918660287083,0.2289855072463768,0.3989431263481663,0.09752839397019107,850
0.06362876892089844,0.0013742183213546679,0.006110620498657226,0.001112560514265774,entropy,10,log2,1,20,best,"{'criterion': 'entropy', 'max_depth': 10, 'max_features': 'log2', 'min_samples_leaf': 1, 'min_samples_split': 20, 'splitter': 'best'}",0.363395225464191,0.4369747899159664,0.488135593220339,0.3651006711409396,0.3409090909090909,0.3989030741301054,0.05509738625494143,851
0.02135157585144043,0.0011612145015393572,0.006410408020019531,0.0006375493872331675,gini,15,log2,4,10,random,"{'criterion': 'gini', 'max_depth': 15, 'max_features': 'log2', 'min_samples_leaf': 4, 'min_samples_split': 10, 'splitter': 'random'}",0.41496598639455784,0.4721030042918455,0.41284403669724773,0.46203904555314534,0.2247191011235955,0.39733423481207836,0.08958180442392544,852
0.021949243545532227,0.001246250575153784,0.005951356887817383,0.0005516807351458282,entropy,,log2,8,20,random,"{'criterion': 'entropy', 'max_depth': None, 'max_features': 'log2', 'min_samples_leaf': 8, 'min_samples_split': 20, 'splitter': 'random'}",0.40840140023337224,0.393681652490887,0.4351648351648352,0.3760092272202999,0.3733650416171225,0.3973244313453034,0.022787081962340378,853
0.02147679328918457,0.0018943704763551333,0.006128883361816407,0.0006967548504287098,entropy,20,log2,4,10,random,"{'criterion': 'entropy', 'max_depth': 20, 'max_features': 'log2', 'min_samples_leaf': 4, 'min_samples_split': 10, 'splitter': 'random'}",0.40704070407040704,0.3931818181818182,0.4269911504424779,0.4279749478079332,0.33116036505867014,0.3972697971122613,0.035521273411836946,854
0.022740268707275392,0.0020649160173675718,0.00719294548034668,0.0011943982777898338,entropy,10,sqrt,1,2,random,"{'criterion': 'entropy', 'max_depth': 10, 'max_features': 'sqrt', 'min_samples_leaf': 1, 'min_samples_split': 2, 'splitter': 'random'}",0.3252032520325203,0.46867749419953597,0.1791530944625407,0.5295887662988967,0.4803312629399586,0.39659077398669046,0.1282752925920336,855
0.01932373046875,0.0008583729188736681,0.006373834609985351,0.0006270051880757787,gini,10,sqrt,4,10,random,"{'criterion': 'gini', 'max_depth': 10, 'max_features': 'sqrt', 'min_samples_leaf': 4, 'min_samples_split': 10, 'splitter': 'random'}",0.44779582366589327,0.30278884462151395,0.45689655172413796,0.27132867132867133,0.49803149606299213,0.39536827748064174,0.09058795489791201,856
0.018524599075317384,0.0009949587340036205,0.006011581420898438,0.00087000431953314,entropy,10,sqrt,4,20,random,"{'criterion': 'entropy', 'max_depth': 10, 'max_features': 'sqrt', 'min_samples_leaf': 4, 'min_samples_split': 20, 'splitter': 'random'}",0.2998624484181568,0.45558086560364464,0.36268068331143233,0.5338725985844287,0.3194444444444444,0.3942882080724214,0.08804253586040142,857
0.02156100273132324,0.0012441193064576391,0.006358003616333008,0.0004494189229504707,gini,15,log2,4,2,random,"{'criterion': 'gini', 'max_depth': 15, 'max_features': 'log2', 'min_samples_leaf': 4, 'min_samples_split': 2, 'splitter': 'random'}",0.4384180790960452,0.4074074074074074,0.31887755102040816,0.41824249165739713,0.3859250851305335,0.3937741228623583,0.04110657906993395,858
0.020788812637329103,0.001520912556634595,0.0058421134948730465,0.00027625899754369704,gini,15,log2,4,5,random,"{'criterion': 'gini', 'max_depth': 15, 'max_features': 'log2', 'min_samples_leaf': 4, 'min_samples_split': 5, 'splitter': 'random'}",0.4384180790960452,0.4074074074074074,0.31887755102040816,0.41824249165739713,0.3859250851305335,0.3937741228623583,0.04110657906993395,858
0.024100685119628908,0.0015469158582233197,0.006407642364501953,0.0006579258489149715,gini,20,log2,4,2,random,"{'criterion': 'gini', 'max_depth': 20, 'max_features': 'log2', 'min_samples_leaf': 4, 'min_samples_split': 2, 'splitter': 'random'}",0.41280353200883,0.3867141162514828,0.36403995560488345,0.41755888650963596,0.38688524590163936,0.39360034725529436,0.019540232475759596,860
0.02384786605834961,0.0021196122710034444,0.006461954116821289,0.0009033776625304597,gini,20,log2,4,5,random,"{'criterion': 'gini', 'max_depth': 20, 'max_features': 'log2', 'min_samples_leaf': 4, 'min_samples_split': 5, 'splitter': 'random'}",0.41280353200883,0.3867141162514828,0.36403995560488345,0.41755888650963596,0.38688524590163936,0.39360034725529436,0.019540232475759596,860
0.019140195846557618,0.0015748096307770837,0.006166934967041016,0.0008278474534615356,entropy,10,sqrt,8,20,random,"{'criterion': 'entropy', 'max_depth': 10, 'max_features': 'sqrt', 'min_samples_leaf': 8, 'min_samples_split': 20, 'splitter': 'random'}",0.3547619047619048,0.5487228003784295,0.4223463687150838,0.16910569105691056,0.45714285714285713,0.3904159244110372,0.1271082470244985,862
0.02196044921875,0.0020624251113220272,0.006067132949829102,0.0005071763302185754,gini,,log2,4,10,random,"{'criterion': 'gini', 'max_depth': None, 'max_features': 'log2', 'min_samples_leaf': 4, 'min_samples_split': 10, 'splitter': 'random'}",0.3843575418994413,0.4117647058823529,0.40261153427638735,0.3931987247608927,0.3581757508342603,0.39002165153066687,0.01837173308907743,863
0.03127532005310059,0.005430800881768159,0.007770442962646484,0.0005658295187662663,entropy,15,sqrt,1,2,random,"{'criterion': 'entropy', 'max_depth': 15, 'max_features': 'sqrt', 'min_samples_leaf': 1, 'min_samples_split': 2, 'splitter': 'random'}",0.4531590413943355,0.5215759849906192,0.45085470085470086,0.2726045883940621,0.2462787550744249,0.38889461414162857,0.10902840774020636,864
0.018377208709716798,0.0014673394048336185,0.005773401260375977,0.0003555706490825289,entropy,10,sqrt,2,20,random,"{'criterion': 'entropy', 'max_depth': 10, 'max_features': 'sqrt', 'min_samples_leaf': 2, 'min_samples_split': 20, 'splitter': 'random'}",0.2818991097922849,0.48398576512455516,0.4662983425414365,0.3686087990487515,0.34338138925294887,0.3888346811519954,0.07611130282731086,865
0.021811437606811524,0.0022415379830884713,0.0063151359558105465,0.00044293361275305956,entropy,15,log2,4,2,random,"{'criterion': 'entropy', 'max_depth': 15, 'max_features': 'log2', 'min_samples_leaf': 4, 'min_samples_split': 2, 'splitter': 'random'}",0.43919716646989376,0.3893591293833132,0.37272727272727274,0.37718277066356226,0.3629976580796253,0.38829279946473344,0.026825190325369102,866
0.01798858642578125,0.0012724891234604167,0.005655813217163086,0.0006806377070413894,entropy,15,log2,4,5,random,"{'criterion': 'entropy', 'max_depth': 15, 'max_features': 'log2', 'min_samples_leaf': 4, 'min_samples_split': 5, 'splitter': 'random'}",0.43919716646989376,0.3893591293833132,0.37272727272727274,0.37718277066356226,0.3629976580796253,0.38829279946473344,0.026825190325369102,866
0.02002100944519043,0.00027326698420136633,0.005575227737426758,0.00025655830582533337,gini,,log2,8,20,random,"{'criterion': 'gini', 'max_depth': None, 'max_features': 'log2', 'min_samples_leaf': 8, 'min_samples_split': 20, 'splitter': 'random'}",0.34993924665856624,0.387409200968523,0.3834080717488789,0.391304347826087,0.41865756541524457,0.3861436865234599,0.021925470697826962,868
0.020899534225463867,0.0016918349762489523,0.006826877593994141,0.000399826976181219,gini,15,log2,1,20,random,"{'criterion': 'gini', 'max_depth': 15, 'max_features': 'log2', 'min_samples_leaf': 1, 'min_samples_split': 20, 'splitter': 'random'}",0.4436936936936937,0.36683417085427134,0.3893591293833132,0.4,0.328042328042328,0.38558586439472126,0.03810881589956364,869
0.02105865478515625,0.0022872354507573454,0.006281805038452148,0.000925906873991967,entropy,25,log2,8,20,random,"{'criterion': 'entropy', 'max_depth': 25, 'max_features': 'log2', 'min_samples_leaf': 8, 'min_samples_split': 20, 'splitter': 'random'}",0.36428571428571427,0.38596491228070173,0.4351648351648352,0.3515439429928741,0.3733650416171225,0.38206488926824955,0.02883792297470385,870
0.019686460494995117,0.0015439309758575421,0.006026744842529297,0.0007142549825210311,entropy,20,log2,8,2,random,"{'criterion': 'entropy', 'max_depth': 20, 'max_features': 'log2', 'min_samples_leaf': 8, 'min_samples_split': 2, 'splitter': 'random'}",0.32682926829268294,0.3799019607843137,0.3948896631823461,0.4600219058050383,0.34638196915776986,0.38160495344443024,0.04597746495893099,871
0.023230600357055663,0.0024523567248828622,0.007318353652954102,0.0007665608498093038,entropy,20,log2,8,5,random,"{'criterion': 'entropy', 'max_depth': 20, 'max_features': 'log2', 'min_samples_leaf': 8, 'min_samples_split': 5, 'splitter': 'random'}",0.32682926829268294,0.3799019607843137,0.3948896631823461,0.4600219058050383,0.34638196915776986,0.38160495344443024,0.04597746495893099,871
0.020454788208007814,0.0012184865261457845,0.006142330169677734,0.0006328410306653677,entropy,20,log2,8,10,random,"{'criterion': 'entropy', 'max_depth': 20, 'max_features': 'log2', 'min_samples_leaf': 8, 'min_samples_split': 10, 'splitter': 'random'}",0.32682926829268294,0.3799019607843137,0.3948896631823461,0.4600219058050383,0.34638196915776986,0.38160495344443024,0.04597746495893099,871
0.020980405807495116,0.0017665503166057186,0.005734443664550781,0.00040964641497649734,gini,25,log2,8,20,random,"{'criterion': 'gini', 'max_depth': 25, 'max_features': 'log2', 'min_samples_leaf': 8, 'min_samples_split': 20, 'splitter': 'random'}",0.3491271820448878,0.36015325670498083,0.38850574712643676,0.391304347826087,0.41865756541524457,0.3815496198235274,0.024615283373166756,874
0.017399072647094727,0.0016838584467280923,0.005949211120605469,0.0004358213995778467,entropy,15,log2,1,20,random,"{'criterion': 'entropy', 'max_depth': 15, 'max_features': 'log2', 'min_samples_leaf': 1, 'min_samples_split': 20, 'splitter': 'random'}",0.35479951397326853,0.4218362282878412,0.35978835978835977,0.36787564766839376,0.400990099009901,0.38105796974555284,0.025983966476943003,875
0.018859052658081056,0.0007037394798053092,0.005391120910644531,0.00023586001842689454,gini,20,log2,8,2,random,"{'criterion': 'gini', 'max_depth': 20, 'max_features': 'log2', 'min_samples_leaf': 8, 'min_samples_split': 2, 'splitter': 'random'}",0.3429286608260325,0.44371584699453553,0.4,0.3850782190132371,0.3300970873786408,0.3803639628424892,0.04086421416856135,876
0.021079349517822265,0.0004946265284426042,0.005925989151000977,0.00022191898885046975,gini,20,log2,8,10,random,"{'criterion': 'gini', 'max_depth': 20, 'max_features': 'log2', 'min_samples_leaf': 8, 'min_samples_split': 10, 'splitter': 'random'}",0.3429286608260325,0.44371584699453553,0.4,0.3850782190132371,0.3300970873786408,0.3803639628424892,0.04086421416856135,876
0.020803451538085938,0.0006035289126085673,0.0059925556182861325,0.0003582815427016416,gini,20,log2,8,5,random,"{'criterion': 'gini', 'max_depth': 20, 'max_features': 'log2', 'min_samples_leaf': 8, 'min_samples_split': 5, 'splitter': 'random'}",0.3429286608260325,0.44371584699453553,0.4,0.3850782190132371,0.3300970873786408,0.3803639628424892,0.04086421416856135,876
0.020664215087890625,0.0018903901195916682,0.005703449249267578,0.0006108666831592963,entropy,,log2,8,2,random,"{'criterion': 'entropy', 'max_depth': None, 'max_features': 'log2', 'min_samples_leaf': 8, 'min_samples_split': 2, 'splitter': 'random'}",0.32192648922686945,0.39855072463768115,0.3621867881548975,0.43897216274089934,0.37602820211515864,0.3795328733751012,0.03879786765969795,879
0.02125396728515625,0.0006762635738524837,0.005971050262451172,0.00022761309167331447,entropy,,log2,8,5,random,"{'criterion': 'entropy', 'max_depth': None, 'max_features': 'log2', 'min_samples_leaf': 8, 'min_samples_split': 5, 'splitter': 'random'}",0.32192648922686945,0.39855072463768115,0.3621867881548975,0.43897216274089934,0.37602820211515864,0.3795328733751012,0.03879786765969795,879
0.02385997772216797,0.0028480750910664155,0.007205581665039063,0.0010130244732087473,entropy,,log2,8,10,random,"{'criterion': 'entropy', 'max_depth': None, 'max_features': 'log2', 'min_samples_leaf': 8, 'min_samples_split': 10, 'splitter': 'random'}",0.32192648922686945,0.39855072463768115,0.3621867881548975,0.43897216274089934,0.37602820211515864,0.3795328733751012,0.03879786765969795,879
0.02036442756652832,0.0015661426690461438,0.005547809600830078,0.00041077420329850903,gini,25,log2,8,10,random,"{'criterion': 'gini', 'max_depth': 25, 'max_features': 'log2', 'min_samples_leaf': 8, 'min_samples_split': 10, 'splitter': 'random'}",0.36874236874236876,0.40625,0.3854875283446712,0.357396449704142,0.3741339491916859,0.3784020591965736,0.016604057894823145,882
0.021329784393310548,0.0013519119865511061,0.005793619155883789,0.00038895658144835976,gini,25,log2,8,2,random,"{'criterion': 'gini', 'max_depth': 25, 'max_features': 'log2', 'min_samples_leaf': 8, 'min_samples_split': 2, 'splitter': 'random'}",0.36874236874236876,0.40625,0.3854875283446712,0.357396449704142,0.3741339491916859,0.3784020591965736,0.016604057894823145,882
0.02055354118347168,0.00042890852721268294,0.005574655532836914,0.0005304991879835589,gini,25,log2,8,5,random,"{'criterion': 'gini', 'max_depth': 25, 'max_features': 'log2', 'min_samples_leaf': 8, 'min_samples_split': 5, 'splitter': 'random'}",0.36874236874236876,0.40625,0.3854875283446712,0.357396449704142,0.3741339491916859,0.3784020591965736,0.016604057894823145,882
0.02975883483886719,0.01143192447182026,0.008419466018676759,0.0033488437128570874,gini,,log2,8,2,random,"{'criterion': 'gini', 'max_depth': None, 'max_features': 'log2', 'min_samples_leaf': 8, 'min_samples_split': 2, 'splitter': 'random'}",0.35336538461538464,0.3995243757431629,0.4022099447513812,0.357396449704142,0.37819025522041766,0.37813728200689767,0.020399670101457403,885
0.021782875061035156,0.002063814019465815,0.005570125579833984,0.0002941979540837231,gini,,log2,8,10,random,"{'criterion': 'gini', 'max_depth': None, 'max_features': 'log2', 'min_samples_leaf': 8, 'min_samples_split': 10, 'splitter': 'random'}",0.35336538461538464,0.3995243757431629,0.4022099447513812,0.357396449704142,0.37819025522041766,0.37813728200689767,0.020399670101457403,885
0.02465677261352539,0.0030580512622122467,0.007078790664672851,0.0007680650821627467,gini,,log2,8,5,random,"{'criterion': 'gini', 'max_depth': None, 'max_features': 'log2', 'min_samples_leaf': 8, 'min_samples_split': 5, 'splitter': 'random'}",0.35336538461538464,0.3995243757431629,0.4022099447513812,0.357396449704142,0.37819025522041766,0.37813728200689767,0.020399670101457403,885
0.019224166870117188,0.0014306373699738608,0.005988359451293945,0.0005181315501222947,gini,20,log2,8,20,random,"{'criterion': 'gini', 'max_depth': 20, 'max_features': 'log2', 'min_samples_leaf': 8, 'min_samples_split': 20, 'splitter': 'random'}",0.3572327044025157,0.37530864197530867,0.38173302107728335,0.3829787234042553,0.3870192307692308,0.37685446432571873,0.0105074485134429,888
0.02275815010070801,0.0027526319228225547,0.006438112258911133,0.0008963636165204021,entropy,25,log2,8,5,random,"{'criterion': 'entropy', 'max_depth': 25, 'max_features': 'log2', 'min_samples_leaf': 8, 'min_samples_split': 5, 'splitter': 'random'}",0.3185840707964602,0.36729857819905215,0.3621867881548975,0.43897216274089934,0.39344262295081966,0.37609684456842574,0.03957979274948314,889
0.020005035400390624,0.0015398059475418412,0.005736160278320313,0.0003819441646448196,entropy,25,log2,8,2,random,"{'criterion': 'entropy', 'max_depth': 25, 'max_features': 'log2', 'min_samples_leaf': 8, 'min_samples_split': 2, 'splitter': 'random'}",0.3185840707964602,0.36729857819905215,0.3621867881548975,0.43897216274089934,0.39344262295081966,0.37609684456842574,0.03957979274948314,889
0.020101165771484374,0.0018049396773013888,0.005290412902832031,0.00013965294547136725,entropy,25,log2,8,10,random,"{'criterion': 'entropy', 'max_depth': 25, 'max_features': 'log2', 'min_samples_leaf': 8, 'min_samples_split': 10, 'splitter': 'random'}",0.3185840707964602,0.36729857819905215,0.3621867881548975,0.43897216274089934,0.39344262295081966,0.37609684456842574,0.03957979274948314,889
0.019475841522216798,0.0007593197278659387,0.0061336994171142575,0.00028692669508096475,entropy,20,log2,8,20,random,"{'criterion': 'entropy', 'max_depth': 20, 'max_features': 'log2', 'min_samples_leaf': 8, 'min_samples_split': 20, 'splitter': 'random'}",0.36185819070904646,0.3465982028241335,0.42761692650334077,0.37132784958871917,0.3674418604651163,0.37496860601807125,0.027635178388706487,892
0.019293594360351562,0.002214697274432379,0.0065823554992675785,0.0008638879021965545,entropy,10,log2,2,5,random,"{'criterion': 'entropy', 'max_depth': 10, 'max_features': 'log2', 'min_samples_leaf': 2, 'min_samples_split': 5, 'splitter': 'random'}",0.43137254901960786,0.22255639097744362,0.2896551724137931,0.44493392070484583,0.4652777777777778,0.37075916217869365,0.09659354503176895,893
0.023073577880859376,0.0018186855051367872,0.007267093658447266,0.0004780960060179895,gini,10,log2,2,5,random,"{'criterion': 'gini', 'max_depth': 10, 'max_features': 'log2', 'min_samples_leaf': 2, 'min_samples_split': 5, 'splitter': 'random'}",0.4608501118568233,0.3085553997194951,0.1724137931034483,0.44048943270300334,0.47058823529411764,0.3705793945353776,0.11502570634082901,894
0.022017812728881835,0.0017479733050558542,0.006497716903686524,0.0007151962032972991,gini,15,sqrt,8,5,random,"{'criterion': 'gini', 'max_depth': 15, 'max_features': 'sqrt', 'min_samples_leaf': 8, 'min_samples_split': 5, 'splitter': 'random'}",0.25237449118046135,0.3404255319148936,0.4908108108108108,0.43389830508474575,0.33080808080808083,0.36966344395979844,0.08357522966662556,895
0.02014923095703125,0.0011877213144455196,0.006113481521606445,0.0004855055724626758,gini,15,sqrt,8,2,random,"{'criterion': 'gini', 'max_depth': 15, 'max_features': 'sqrt', 'min_samples_leaf': 8, 'min_samples_split': 2, 'splitter': 'random'}",0.25237449118046135,0.3404255319148936,0.4908108108108108,0.43389830508474575,0.33080808080808083,0.36966344395979844,0.08357522966662556,895
0.022164440155029295,0.0011527068957978633,0.007164096832275391,0.0007964113118049303,gini,15,sqrt,8,10,random,"{'criterion': 'gini', 'max_depth': 15, 'max_features': 'sqrt', 'min_samples_leaf': 8, 'min_samples_split': 10, 'splitter': 'random'}",0.25237449118046135,0.3404255319148936,0.4908108108108108,0.43389830508474575,0.33080808080808083,0.36966344395979844,0.08357522966662556,895
0.018723154067993165,0.0009030266716243899,0.005863809585571289,0.00042741137419848767,gini,10,sqrt,4,5,random,"{'criterion': 'gini', 'max_depth': 10, 'max_features': 'sqrt', 'min_samples_leaf': 4, 'min_samples_split': 5, 'splitter': 'random'}",0.424090338770389,0.2392638036809816,0.3979974968710889,0.39195979899497485,0.3932038834951456,0.36930306436251603,0.0660602785220423,898
0.019228649139404298,0.0021101110528416,0.005857610702514648,0.00045080472429979653,gini,10,sqrt,4,2,random,"{'criterion': 'gini', 'max_depth': 10, 'max_features': 'sqrt', 'min_samples_leaf': 4, 'min_samples_split': 2, 'splitter': 'random'}",0.424090338770389,0.2392638036809816,0.3979974968710889,0.39195979899497485,0.3932038834951456,0.36930306436251603,0.0660602785220423,898
0.016614627838134766,0.0009993532798528652,0.005277395248413086,0.0003268567595824661,entropy,10,sqrt,1,10,random,"{'criterion': 'entropy', 'max_depth': 10, 'max_features': 'sqrt', 'min_samples_leaf': 1, 'min_samples_split': 10, 'splitter': 'random'}",0.21770682148040638,0.41051314142678347,0.41978287092882993,0.4004914004914005,0.39383155397390274,0.36846515766026455,0.07589301793114134,900
0.017635536193847657,0.000992264320846236,0.006124973297119141,0.0007063617067171657,entropy,15,log2,4,20,random,"{'criterion': 'entropy', 'max_depth': 15, 'max_features': 'log2', 'min_samples_leaf': 4, 'min_samples_split': 20, 'splitter': 'random'}",0.31633986928104574,0.36429433051869725,0.3699421965317919,0.33589743589743587,0.45494505494505494,0.3682837774348051,0.047488709758778544,901
0.01774458885192871,0.001844014528838175,0.00591435432434082,0.0005662826545055036,entropy,15,log2,8,20,random,"{'criterion': 'entropy', 'max_depth': 15, 'max_features': 'log2', 'min_samples_leaf': 8, 'min_samples_split': 20, 'splitter': 'random'}",0.33509234828496043,0.3290155440414508,0.378698224852071,0.40589569160997735,0.3880952380952381,0.3673594093767395,0.030182788531670335,902
0.01935601234436035,0.001102030610914364,0.0056744575500488285,0.0004274664836215718,entropy,15,log2,4,10,random,"{'criterion': 'entropy', 'max_depth': 15, 'max_features': 'log2', 'min_samples_leaf': 4, 'min_samples_split': 10, 'splitter': 'random'}",0.39119804400978,0.4156479217603912,0.3230769230769231,0.4454865181711606,0.2590529247910863,0.36689246636186823,0.06737068958422358,903
0.016460561752319337,0.00153057793136327,0.005594825744628907,0.0005206705350170672,entropy,10,log2,2,2,random,"{'criterion': 'entropy', 'max_depth': 10, 'max_features': 'log2', 'min_samples_leaf': 2, 'min_samples_split': 2, 'splitter': 'random'}",0.33080808080808083,0.2503725782414307,0.30578512396694213,0.4518918918918919,0.48290155440414506,0.36435184586249814,0.0886158130236247,904
0.01933913230895996,0.0013739890519969024,0.005975246429443359,0.00036868199858182844,entropy,15,log2,2,20,random,"{'criterion': 'entropy', 'max_depth': 15, 'max_features': 'log2', 'min_samples_leaf': 2, 'min_samples_split': 20, 'splitter': 'random'}",0.39177750906892383,0.37831021437578816,0.3857988165680473,0.3240371845949535,0.3412204234122042,0.3642288296039834,0.026710427023921998,905
0.016585063934326173,0.0014217527822828057,0.005792236328125,0.0006191157441910472,entropy,10,sqrt,4,2,random,"{'criterion': 'entropy', 'max_depth': 10, 'max_features': 'sqrt', 'min_samples_leaf': 4, 'min_samples_split': 2, 'splitter': 'random'}",0.4243845252051583,0.5696335078534032,0.4049079754601227,0.25834542815674894,0.16198347107438016,0.3638509815499627,0.14112288855507335,906
0.023798608779907228,0.002650105119018977,0.0073986053466796875,0.0009243560814837569,entropy,10,sqrt,4,5,random,"{'criterion': 'entropy', 'max_depth': 10, 'max_features': 'sqrt', 'min_samples_leaf': 4, 'min_samples_split': 5, 'splitter': 'random'}",0.4243845252051583,0.5696335078534032,0.4049079754601227,0.25834542815674894,0.16198347107438016,0.3638509815499627,0.14112288855507335,906
0.019458627700805663,0.0012605444079622392,0.0064966678619384766,0.0002859109795191026,gini,10,sqrt,2,2,random,"{'criterion': 'gini', 'max_depth': 10, 'max_features': 'sqrt', 'min_samples_leaf': 2, 'min_samples_split': 2, 'splitter': 'random'}",0.3686635944700461,0.41412911084043846,0.46790890269151136,0.10067114093959731,0.4621676891615542,0.3627080876206295,0.1358693305694711,908
0.01986269950866699,0.0014359280272742351,0.005780363082885742,0.0004320011126326283,gini,10,sqrt,2,10,random,"{'criterion': 'gini', 'max_depth': 10, 'max_features': 'sqrt', 'min_samples_leaf': 2, 'min_samples_split': 10, 'splitter': 'random'}",0.1412151067323481,0.3546284224250326,0.4323671497584541,0.3781818181818182,0.48925281473899696,0.35912906236733,0.11846160871817873,909
0.026234197616577148,0.0027920593837071107,0.00812077522277832,0.0010250031149338043,gini,10,sqrt,2,5,random,"{'criterion': 'gini', 'max_depth': 10, 'max_features': 'sqrt', 'min_samples_leaf': 2, 'min_samples_split': 5, 'splitter': 'random'}",0.2260061919504644,0.36991368680641185,0.34065934065934067,0.5145317545748116,0.33376455368693403,0.35697510553559253,0.09268149196905971,910
0.02083268165588379,0.0012714677925918542,0.006565189361572266,0.0005835184835620838,gini,10,sqrt,1,20,random,"{'criterion': 'gini', 'max_depth': 10, 'max_features': 'sqrt', 'min_samples_leaf': 1, 'min_samples_split': 20, 'splitter': 'random'}",0.1942675159235669,0.35516372795969775,0.49382716049382713,0.4568421052631579,0.25936599423631124,0.3518933007753122,0.1136462566893274,911
0.018494892120361327,0.0009204447259983237,0.006470108032226562,0.001173461200899188,gini,10,log2,2,2,random,"{'criterion': 'gini', 'max_depth': 10, 'max_features': 'log2', 'min_samples_leaf': 2, 'min_samples_split': 2, 'splitter': 'random'}",0.33161953727506427,0.3205298013245033,0.19461077844311378,0.41975308641975306,0.4894957983193277,0.35120180035635246,0.09966894540362761,912
0.02013287544250488,0.0009115903938998912,0.006401681900024414,0.0006340431917416448,gini,15,log2,8,20,random,"{'criterion': 'gini', 'max_depth': 15, 'max_features': 'log2', 'min_samples_leaf': 8, 'min_samples_split': 20, 'splitter': 'random'}",0.34738186462324394,0.3098958333333333,0.39659367396593675,0.3664670658682635,0.32914572864321606,0.3498968332867987,0.02997392515437829,913
0.02111673355102539,0.0024266205313696987,0.006695604324340821,0.0010270368242876564,gini,15,log2,8,2,random,"{'criterion': 'gini', 'max_depth': 15, 'max_features': 'log2', 'min_samples_leaf': 8, 'min_samples_split': 2, 'splitter': 'random'}",0.2963951935914553,0.34190231362467866,0.34096692111959287,0.4155251141552511,0.34951456310679613,0.34886082111955485,0.038230699444864964,914
0.019105148315429688,0.0013129336126806556,0.006586837768554688,0.000439255272720258,gini,15,log2,8,10,random,"{'criterion': 'gini', 'max_depth': 15, 'max_features': 'log2', 'min_samples_leaf': 8, 'min_samples_split': 10, 'splitter': 'random'}",0.2963951935914553,0.34190231362467866,0.34096692111959287,0.4155251141552511,0.34951456310679613,0.34886082111955485,0.038230699444864964,914
0.019955015182495116,0.0011066944679543052,0.006742095947265625,0.0004894921349821501,gini,15,log2,8,5,random,"{'criterion': 'gini', 'max_depth': 15, 'max_features': 'log2', 'min_samples_leaf': 8, 'min_samples_split': 5, 'splitter': 'random'}",0.2963951935914553,0.34190231362467866,0.34096692111959287,0.4155251141552511,0.34951456310679613,0.34886082111955485,0.038230699444864964,914
0.02111396789550781,0.0021584469772813596,0.006233787536621094,0.0006880795815125145,entropy,10,sqrt,1,5,random,"{'criterion': 'entropy', 'max_depth': 10, 'max_features': 'sqrt', 'min_samples_leaf': 1, 'min_samples_split': 5, 'splitter': 'random'}",0.09586776859504133,0.41647597254004576,0.4700854700854701,0.44285714285714284,0.31763122476446837,0.34858351576843366,0.13644260371423989,917
0.022715282440185548,0.0022544213217503906,0.006624698638916016,0.001008198038101388,gini,10,sqrt,8,20,random,"{'criterion': 'gini', 'max_depth': 10, 'max_features': 'sqrt', 'min_samples_leaf': 8, 'min_samples_split': 20, 'splitter': 'random'}",0.4647398843930636,0.4186046511627907,0.20132013201320131,0.4088785046728972,0.2478134110787172,0.348271316664134,0.10379920800639934,918
0.03939971923828125,0.0080195177881278,0.012649011611938477,0.0026396435580639498,gini,10,sqrt,1,2,random,"{'criterion': 'gini', 'max_depth': 10, 'max_features': 'sqrt', 'min_samples_leaf': 1, 'min_samples_split': 2, 'splitter': 'random'}",0.4151838671411625,0.14545454545454545,0.5069306930693069,0.3873325213154689,0.28421052631578947,0.34782243065925467,0.12362304388110086,919
0.01644597053527832,0.0009625815184939683,0.005302619934082031,0.00024538294052903946,entropy,10,sqrt,2,10,random,"{'criterion': 'entropy', 'max_depth': 10, 'max_features': 'sqrt', 'min_samples_leaf': 2, 'min_samples_split': 10, 'splitter': 'random'}",0.3712871287128713,0.4230769230769231,0.26307922272047835,0.1796759941089838,0.463265306122449,0.3400769149483411,0.10459020845869638,920
0.021320056915283204,0.0013482466333864373,0.006508302688598633,0.000650019779295136,gini,10,sqrt,8,5,random,"{'criterion': 'gini', 'max_depth': 10, 'max_features': 'sqrt', 'min_samples_leaf': 8, 'min_samples_split': 5, 'splitter': 'random'}",0.476409666283084,0.44803695150115475,0.17582417582417584,0.3251366120218579,0.27450980392156865,0.3399834419103683,0.11112440407279119,921
0.020349407196044923,0.000928913721391027,0.006161022186279297,0.00042615493054968054,gini,10,sqrt,8,10,random,"{'criterion': 'gini', 'max_depth': 10, 'max_features': 'sqrt', 'min_samples_leaf': 8, 'min_samples_split': 10, 'splitter': 'random'}",0.476409666283084,0.44803695150115475,0.17582417582417584,0.3251366120218579,0.27450980392156865,0.3399834419103683,0.11112440407279119,921
0.026152658462524413,0.004775299214566822,0.008714246749877929,0.0015111191062711958,gini,10,sqrt,8,2,random,"{'criterion': 'gini', 'max_depth': 10, 'max_features': 'sqrt', 'min_samples_leaf': 8, 'min_samples_split': 2, 'splitter': 'random'}",0.476409666283084,0.44803695150115475,0.17582417582417584,0.3251366120218579,0.27450980392156865,0.3399834419103683,0.11112440407279119,921
0.019835853576660158,0.0010631410395280775,0.006262636184692383,0.0006201836652620631,entropy,15,log2,8,5,random,"{'criterion': 'entropy', 'max_depth': 15, 'max_features': 'log2', 'min_samples_leaf': 8, 'min_samples_split': 5, 'splitter': 'random'}",0.3177570093457944,0.3063063063063063,0.4140127388535032,0.32839506172839505,0.30617283950617286,0.33452879114803435,0.04058862374709978,924
0.016880178451538087,0.0009810144768895293,0.005582618713378906,0.00023514862704634564,entropy,15,log2,8,10,random,"{'criterion': 'entropy', 'max_depth': 15, 'max_features': 'log2', 'min_samples_leaf': 8, 'min_samples_split': 10, 'splitter': 'random'}",0.3177570093457944,0.3063063063063063,0.4140127388535032,0.32839506172839505,0.30617283950617286,0.33452879114803435,0.04058862374709978,924
0.017076969146728516,0.0017130193098798417,0.005571699142456055,0.0002651858851829997,entropy,15,log2,8,2,random,"{'criterion': 'entropy', 'max_depth': 15, 'max_features': 'log2', 'min_samples_leaf': 8, 'min_samples_split': 2, 'splitter': 'random'}",0.3177570093457944,0.3063063063063063,0.4140127388535032,0.32839506172839505,0.30617283950617286,0.33452879114803435,0.04058862374709978,924
0.024416017532348632,0.0036601608476812203,0.007450199127197266,0.0012804600786651425,gini,10,sqrt,1,5,random,"{'criterion': 'gini', 'max_depth': 10, 'max_features': 'sqrt', 'min_samples_leaf': 1, 'min_samples_split': 5, 'splitter': 'random'}",0.3584474885844749,0.3979974968710889,0.0782312925170068,0.47085714285714286,0.33208489388264667,0.327523662942472,0.1331426464401407,927
0.019719028472900392,0.0008476487477643238,0.006349754333496094,0.00013414086103036708,gini,10,log2,1,5,random,"{'criterion': 'gini', 'max_depth': 10, 'max_features': 'log2', 'min_samples_leaf': 1, 'min_samples_split': 5, 'splitter': 'random'}",0.23600605143721634,0.39086294416243655,0.3188010899182561,0.43897216274089934,0.22734254992319508,0.3223969596364007,0.08341346308649489,928
0.02399587631225586,0.002252713883946098,0.007042360305786133,0.001396781144769031,gini,10,sqrt,4,20,random,"{'criterion': 'gini', 'max_depth': 10, 'max_features': 'sqrt', 'min_samples_leaf': 4, 'min_samples_split': 20, 'splitter': 'random'}",0.2713864306784661,0.260233918128655,0.3944636678200692,0.22662889518413598,0.4171632896305125,0.3139752402883677,0.07675608237539602,929
0.019386816024780273,0.0016362210521250762,0.006634378433227539,0.0001340346418800331,gini,10,log2,1,2,random,"{'criterion': 'gini', 'max_depth': 10, 'max_features': 'log2', 'min_samples_leaf': 1, 'min_samples_split': 2, 'splitter': 'random'}",0.21374045801526717,0.26591230551626593,0.34438775510204084,0.48034006376195537,0.25225225225225223,0.3113265669295563,0.09458740161589294,930
0.018381738662719728,0.0021730359314335005,0.005386257171630859,0.0003156220629974321,entropy,10,log2,1,2,random,"{'criterion': 'entropy', 'max_depth': 10, 'max_features': 'log2', 'min_samples_leaf': 1, 'min_samples_split': 2, 'splitter': 'random'}",0.2824207492795389,0.36953807740324596,0.20833333333333334,0.4288840262582057,0.2222222222222222,0.30227968169930924,0.0850668469380814,931
0.01806674003601074,0.0008754338253612853,0.0060805797576904295,0.0005907884885814508,gini,10,log2,8,10,random,"{'criterion': 'gini', 'max_depth': 10, 'max_features': 'log2', 'min_samples_leaf': 8, 'min_samples_split': 10, 'splitter': 'random'}",0.1763779527559055,0.2830188679245283,0.24855491329479767,0.3125,0.35006119951040393,0.27410258669712706,0.05920533755500918,932
0.017684030532836913,0.0007154854628083455,0.006301021575927735,0.0005231772162036417,gini,10,log2,8,2,random,"{'criterion': 'gini', 'max_depth': 10, 'max_features': 'log2', 'min_samples_leaf': 8, 'min_samples_split': 2, 'splitter': 'random'}",0.1763779527559055,0.2830188679245283,0.24855491329479767,0.3125,0.35006119951040393,0.27410258669712706,0.05920533755500918,932
0.02013678550720215,0.0016732115961310802,0.006734371185302734,0.00030545065838652246,gini,10,log2,8,5,random,"{'criterion': 'gini', 'max_depth': 10, 'max_features': 'log2', 'min_samples_leaf': 8, 'min_samples_split': 5, 'splitter': 'random'}",0.1763779527559055,0.2830188679245283,0.24855491329479767,0.3125,0.35006119951040393,0.27410258669712706,0.05920533755500918,932
0.020341968536376952,0.00106371347881437,0.008001232147216797,0.002832611939138382,gini,10,sqrt,1,10,random,"{'criterion': 'gini', 'max_depth': 10, 'max_features': 'sqrt', 'min_samples_leaf': 1, 'min_samples_split': 10, 'splitter': 'random'}",0.14754098360655737,0.48957189901207465,0.10067114093959731,0.2728512960436562,0.35324675324675325,0.2727764145697278,0.140555968545242,935
0.019292783737182618,0.0009037945055905322,0.006163597106933594,0.0007658952289788306,gini,10,log2,2,10,random,"{'criterion': 'gini', 'max_depth': 10, 'max_features': 'log2', 'min_samples_leaf': 2, 'min_samples_split': 10, 'splitter': 'random'}",0.2607449856733524,0.31536388140161725,0.28695652173913044,0.21085271317829457,0.26495726495726496,0.2677750733899319,0.03443875688370712,936
0.019387292861938476,0.0029823949687413464,0.006622838973999024,0.0011671251632794667,entropy,10,log2,1,20,random,"{'criterion': 'entropy', 'max_depth': 10, 'max_features': 'log2', 'min_samples_leaf': 1, 'min_samples_split': 20, 'splitter': 'random'}",0.196875,0.29640287769784174,0.25834542815674894,0.25112107623318386,0.3286908077994429,0.26628703797744346,0.044524826486840696,937
0.016447734832763673,0.0011427287678785424,0.005621957778930664,0.0006048414689176668,entropy,10,log2,1,10,random,"{'criterion': 'entropy', 'max_depth': 10, 'max_features': 'log2', 'min_samples_leaf': 1, 'min_samples_split': 10, 'splitter': 'random'}",0.2050520059435364,0.263768115942029,0.2268041237113402,0.3781818181818182,0.25411061285500747,0.2655833353267463,0.05996866817597871,938
0.01710500717163086,0.001069019613822459,0.005227375030517578,0.00027922878816695414,entropy,10,sqrt,2,2,random,"{'criterion': 'entropy', 'max_depth': 10, 'max_features': 'sqrt', 'min_samples_leaf': 2, 'min_samples_split': 2, 'splitter': 'random'}",0.1289308176100629,0.20890937019969277,0.37343358395989973,0.4707112970711297,0.13893376413570274,0.2641837665952976,0.13537010427777185,939
0.01865677833557129,0.0013660638216278424,0.005788946151733398,0.0004991341918174891,entropy,10,log2,8,10,random,"{'criterion': 'entropy', 'max_depth': 10, 'max_features': 'log2', 'min_samples_leaf': 8, 'min_samples_split': 10, 'splitter': 'random'}",0.1761006289308176,0.27900552486187846,0.26609442060085836,0.27932960893854747,0.3134715025906736,0.2628003371845551,0.04611091483114509,940
0.018460941314697266,0.0016362989666491063,0.00649566650390625,0.0006649503044513679,entropy,10,log2,8,5,random,"{'criterion': 'entropy', 'max_depth': 10, 'max_features': 'log2', 'min_samples_leaf': 8, 'min_samples_split': 5, 'splitter': 'random'}",0.1761006289308176,0.27900552486187846,0.26609442060085836,0.27932960893854747,0.3134715025906736,0.2628003371845551,0.04611091483114509,940
0.017164134979248048,0.0006300110617662433,0.005448150634765625,0.0003863330241690218,entropy,10,log2,8,2,random,"{'criterion': 'entropy', 'max_depth': 10, 'max_features': 'log2', 'min_samples_leaf': 8, 'min_samples_split': 2, 'splitter': 'random'}",0.1761006289308176,0.27900552486187846,0.26609442060085836,0.27932960893854747,0.3134715025906736,0.2628003371845551,0.04611091483114509,940
0.01774740219116211,0.0003982266637037505,0.0062754154205322266,0.0005406662017952555,entropy,10,log2,1,5,random,"{'criterion': 'entropy', 'max_depth': 10, 'max_features': 'log2', 'min_samples_leaf': 1, 'min_samples_split': 5, 'splitter': 'random'}",0.2100456621004566,0.2818057455540356,0.1901840490797546,0.3883720930232558,0.2404870624048706,0.2621789224324746,0.07025895516299166,943
0.020821428298950194,0.001632295665521902,0.006248378753662109,0.0012349948237953413,entropy,10,sqrt,2,5,random,"{'criterion': 'entropy', 'max_depth': 10, 'max_features': 'sqrt', 'min_samples_leaf': 2, 'min_samples_split': 5, 'splitter': 'random'}",0.2463768115942029,0.301521438450899,0.21725239616613418,0.09572649572649573,0.4489337822671156,0.2619621848409695,0.11523843645955373,944
0.020066499710083008,0.00138452905377633,0.006566047668457031,0.0010107334026154158,gini,10,log2,4,10,random,"{'criterion': 'gini', 'max_depth': 10, 'max_features': 'log2', 'min_samples_leaf': 4, 'min_samples_split': 10, 'splitter': 'random'}",0.19365079365079366,0.33105335157318744,0.17307692307692307,0.32357043235704325,0.26857142857142857,0.2579845858458752,0.06496272322106111,945
0.018822193145751953,0.0014297475205410724,0.006328487396240234,0.0010772691591088225,entropy,10,log2,2,20,random,"{'criterion': 'entropy', 'max_depth': 10, 'max_features': 'log2', 'min_samples_leaf': 2, 'min_samples_split': 20, 'splitter': 'random'}",0.189873417721519,0.28820960698689957,0.2658788774002954,0.27074235807860264,0.2658959537572254,0.25612004278890843,0.03412615084037564,946
0.019208669662475586,0.0018004632018870518,0.0056473731994628905,0.0005452260908340225,entropy,10,log2,8,20,random,"{'criterion': 'entropy', 'max_depth': 10, 'max_features': 'log2', 'min_samples_leaf': 8, 'min_samples_split': 20, 'splitter': 'random'}",0.20118343195266272,0.2536873156342183,0.31039136302294196,0.22788605697151423,0.28534031413612565,0.2556976963434926,0.039036946350013944,947
0.018603706359863283,0.0010074785669666607,0.005737972259521484,0.00033267409544346274,gini,10,log2,1,10,random,"{'criterion': 'gini', 'max_depth': 10, 'max_features': 'log2', 'min_samples_leaf': 1, 'min_samples_split': 10, 'splitter': 'random'}",0.2542857142857143,0.2804005722460658,0.2832116788321168,0.27722772277227725,0.17701863354037267,0.25442886433530937,0.0400378128569737,948
0.017632389068603517,0.0005757286233675468,0.005487060546875,0.0003033770360760386,entropy,10,log2,2,10,random,"{'criterion': 'entropy', 'max_depth': 10, 'max_features': 'log2', 'min_samples_leaf': 2, 'min_samples_split': 10, 'splitter': 'random'}",0.20030816640986132,0.2743988684582744,0.24745269286754004,0.30428769017980634,0.23631123919308358,0.2525517314217131,0.03513701948790226,949
0.019287729263305665,0.0017187533660928183,0.006539726257324218,0.00043517305938802766,gini,10,log2,4,5,random,"{'criterion': 'gini', 'max_depth': 10, 'max_features': 'log2', 'min_samples_leaf': 4, 'min_samples_split': 5, 'splitter': 'random'}",0.1342062193126023,0.20437956204379562,0.28330995792426367,0.32180851063829785,0.3091655266757866,0.2505739553189492,0.07106947576208265,950
0.01943197250366211,0.0013171884343225824,0.006261205673217774,0.0004013028378132185,gini,10,log2,4,2,random,"{'criterion': 'gini', 'max_depth': 10, 'max_features': 'log2', 'min_samples_leaf': 4, 'min_samples_split': 2, 'splitter': 'random'}",0.1342062193126023,0.20437956204379562,0.28330995792426367,0.32180851063829785,0.3091655266757866,0.2505739553189492,0.07106947576208265,950
0.021177148818969725,0.0013428775858045103,0.006350421905517578,0.00046662899361119394,gini,10,log2,8,20,random,"{'criterion': 'gini', 'max_depth': 10, 'max_features': 'log2', 'min_samples_leaf': 8, 'min_samples_split': 20, 'splitter': 'random'}",0.16825396825396827,0.2503681885125184,0.31039136302294196,0.22390317700453857,0.2671957671957672,0.2440224927979469,0.04717573871160307,952
0.019632816314697266,0.002718617232969159,0.006775093078613281,0.0008300336394591075,entropy,10,log2,4,2,random,"{'criterion': 'entropy', 'max_depth': 10, 'max_features': 'log2', 'min_samples_leaf': 4, 'min_samples_split': 2, 'splitter': 'random'}",0.14533965244865718,0.3172043010752688,0.21417797888386123,0.32972972972972975,0.18641390205371247,0.23857311283824592,0.07280189081775508,953
0.017527198791503905,0.00121532164431199,0.0057658195495605465,0.0006445576435646845,entropy,10,log2,4,5,random,"{'criterion': 'entropy', 'max_depth': 10, 'max_features': 'log2', 'min_samples_leaf': 4, 'min_samples_split': 5, 'splitter': 'random'}",0.14533965244865718,0.3172043010752688,0.21417797888386123,0.32972972972972975,0.18641390205371247,0.23857311283824592,0.07280189081775508,953
0.01682310104370117,0.0007059272800264331,0.0053406238555908205,0.00018293622510193535,entropy,10,sqrt,4,10,random,"{'criterion': 'entropy', 'max_depth': 10, 'max_features': 'sqrt', 'min_samples_leaf': 4, 'min_samples_split': 10, 'splitter': 'random'}",0.15698587127158556,0.039285714285714285,0.2383107088989442,0.2398843930635838,0.4776444929116685,0.23042223608629925,0.14366396509287405,955
0.01726255416870117,0.0013999934790893888,0.005753850936889649,0.0002318584875796272,entropy,10,log2,4,20,random,"{'criterion': 'entropy', 'max_depth': 10, 'max_features': 'log2', 'min_samples_leaf': 4, 'min_samples_split': 20, 'splitter': 'random'}",0.14497528830313014,0.21875,0.1792,0.3680823680823681,0.23384615384615384,0.22897076204633043,0.07617432732876916,956
0.02812957763671875,0.004678595268347487,0.011856460571289062,0.007774982308475681,gini,10,log2,1,20,random,"{'criterion': 'gini', 'max_depth': 10, 'max_features': 'log2', 'min_samples_leaf': 1, 'min_samples_split': 20, 'splitter': 'random'}",0.18181818181818182,0.23546944858420268,0.178125,0.23255813953488372,0.29041095890410956,0.22367634576827555,0.041227425618156024,957
0.017705106735229494,0.0010254385537309316,0.005855274200439453,0.0005382168626727391,entropy,10,log2,4,10,random,"{'criterion': 'entropy', 'max_depth': 10, 'max_features': 'log2', 'min_samples_leaf': 4, 'min_samples_split': 10, 'splitter': 'random'}",0.2162962962962963,0.2591549295774648,0.21921921921921922,0.21879815100154082,0.19314641744548286,0.22132300270800082,0.02126613837145413,958
0.01864199638366699,0.000714942377111997,0.0064183235168457035,0.000945414171374365,gini,10,log2,2,20,random,"{'criterion': 'gini', 'max_depth': 10, 'max_features': 'log2', 'min_samples_leaf': 2, 'min_samples_split': 20, 'splitter': 'random'}",0.1769352290679305,0.25075528700906347,0.23283582089552238,0.1858974358974359,0.23511904761904762,0.21630856409779997,0.029287053305785758,959
0.01935544013977051,0.0010709265831580165,0.006788873672485351,0.00030657887521609605,gini,10,log2,4,20,random,"{'criterion': 'gini', 'max_depth': 10, 'max_features': 'log2', 'min_samples_leaf': 4, 'min_samples_split': 20, 'splitter': 'random'}",0.19444444444444445,0.31339031339031337,0.1407528641571195,0.20063694267515925,0.1685575364667747,0.20355642022676226,0.05886296638589004,960
