mean_fit_time,std_fit_time,mean_score_time,std_score_time,param_criterion,param_max_depth,param_max_features,param_min_samples_leaf,param_min_samples_split,param_splitter,params,split0_test_score,split1_test_score,split2_test_score,split3_test_score,split4_test_score,mean_test_score,std_test_score,rank_test_score
0.5722749710083008,0.03647198890444077,0.012739086151123047,0.002759449954508489,gini,10,,4,20,best,"{'criterion': 'gini', 'max_depth': 10, 'max_features': None, 'min_samples_leaf': 4, 'min_samples_split': 20, 'splitter': 'best'}",0.5955176093916755,0.589098532494759,0.62217659137577,0.6194331983805668,0.5930348258706468,0.6038521515026837,0.01401929041238416,1
0.9843985080718994,0.025268078974968747,0.013179397583007813,0.007949482218128811,gini,10,,2,20,best,"{'criterion': 'gini', 'max_depth': 10, 'max_features': None, 'min_samples_leaf': 2, 'min_samples_split': 20, 'splitter': 'best'}",0.5947089947089947,0.5970772442588727,0.612668743509865,0.6143001007049346,0.594758064516129,0.6027026295397592,0.008859842389940423,2
0.5779677867889405,0.007076548879384924,0.008285856246948243,0.0014370330577278055,gini,10,,8,20,best,"{'criterion': 'gini', 'max_depth': 10, 'max_features': None, 'min_samples_leaf': 8, 'min_samples_split': 20, 'splitter': 'best'}",0.5957894736842105,0.5970464135021097,0.6131386861313869,0.608433734939759,0.5962113659022931,0.6021239348319518,0.007238831616001327,3
0.6690286636352539,0.050949688820589346,0.023096752166748048,0.020427745037121945,gini,10,,8,2,best,"{'criterion': 'gini', 'max_depth': 10, 'max_features': None, 'min_samples_leaf': 8, 'min_samples_split': 2, 'splitter': 'best'}",0.5951629863301787,0.5944798301486199,0.6129707112970711,0.6062437059415912,0.596,0.6009714467434921,0.007380699804082882,4
0.6978312015533448,0.02723862231391394,0.011694097518920898,0.0014991471676681976,gini,10,,8,5,best,"{'criterion': 'gini', 'max_depth': 10, 'max_features': None, 'min_samples_leaf': 8, 'min_samples_split': 5, 'splitter': 'best'}",0.5951629863301787,0.5944798301486199,0.6129707112970711,0.6062437059415912,0.596,0.6009714467434921,0.007380699804082882,4
0.6156919479370118,0.020033108248957623,0.020907020568847655,0.006887825936284985,gini,10,,8,10,best,"{'criterion': 'gini', 'max_depth': 10, 'max_features': None, 'min_samples_leaf': 8, 'min_samples_split': 10, 'splitter': 'best'}",0.5951629863301787,0.5944798301486199,0.6129707112970711,0.6062437059415912,0.596,0.6009714467434921,0.007380699804082882,4
1.1773438930511475,0.04789896790036403,0.014066791534423828,0.005097709940071175,gini,10,,1,20,best,"{'criterion': 'gini', 'max_depth': 10, 'max_features': None, 'min_samples_leaf': 1, 'min_samples_split': 20, 'splitter': 'best'}",0.5928270042194093,0.593521421107628,0.6142709410548087,0.6135216952573158,0.5868263473053892,0.6001934817889102,0.011430466337465245,7
0.5927925109863281,0.010841896108438253,0.010437774658203124,0.0026145570549387315,entropy,10,,4,20,best,"{'criterion': 'entropy', 'max_depth': 10, 'max_features': None, 'min_samples_leaf': 4, 'min_samples_split': 20, 'splitter': 'best'}",0.5801526717557252,0.6178861788617886,0.5977710233029382,0.6048387096774194,0.5907692307692308,0.5982835628734204,0.012749036039752127,8
0.6586211681365967,0.04751771050962402,0.00813603401184082,0.00020835153950610064,entropy,10,,8,5,best,"{'criterion': 'entropy', 'max_depth': 10, 'max_features': None, 'min_samples_leaf': 8, 'min_samples_split': 5, 'splitter': 'best'}",0.5801526717557252,0.6229838709677419,0.5928934010152285,0.6092184368737475,0.5849246231155779,0.5980346007456042,0.015909815257789086,9
0.6994857788085938,0.008850634767721608,0.01144566535949707,0.002099870563331393,entropy,10,,8,2,best,"{'criterion': 'entropy', 'max_depth': 10, 'max_features': None, 'min_samples_leaf': 8, 'min_samples_split': 2, 'splitter': 'best'}",0.5801526717557252,0.6229838709677419,0.5928934010152285,0.6092184368737475,0.5849246231155779,0.5980346007456042,0.015909815257789086,9
0.5886093139648437,0.016598187181236044,0.010815620422363281,0.0026766215640053014,entropy,10,,8,10,best,"{'criterion': 'entropy', 'max_depth': 10, 'max_features': None, 'min_samples_leaf': 8, 'min_samples_split': 10, 'splitter': 'best'}",0.5801526717557252,0.6229838709677419,0.5928934010152285,0.6092184368737475,0.5849246231155779,0.5980346007456042,0.015909815257789086,9
0.7588529586791992,0.014645846958622408,0.010584259033203125,0.001728803282292923,entropy,10,,2,20,best,"{'criterion': 'entropy', 'max_depth': 10, 'max_features': None, 'min_samples_leaf': 2, 'min_samples_split': 20, 'splitter': 'best'}",0.579520697167756,0.6192893401015228,0.5975103734439834,0.6010050251256281,0.59244126659857,0.597953340487492,0.01292191299128529,12
0.6082273960113526,0.04409218555586437,0.009640789031982422,0.0013822031303977486,gini,10,,4,10,best,"{'criterion': 'gini', 'max_depth': 10, 'max_features': None, 'min_samples_leaf': 4, 'min_samples_split': 10, 'splitter': 'best'}",0.5864661654135338,0.5813221406086044,0.6156982670744139,0.6152284263959391,0.5904572564612326,0.5978344511907447,0.014683212289653021,13
0.5742623329162597,0.013043897715755677,0.006147909164428711,0.0005129404799849056,entropy,10,,8,20,best,"{'criterion': 'entropy', 'max_depth': 10, 'max_features': None, 'min_samples_leaf': 8, 'min_samples_split': 20, 'splitter': 'best'}",0.5814207650273224,0.6222222222222222,0.5928934010152285,0.6052104208416834,0.5864509605662285,0.597639553934537,0.014645035394833942,14
0.6082807064056397,0.011285322391963911,0.010707664489746093,0.003046156714229187,entropy,10,,1,20,best,"{'criterion': 'entropy', 'max_depth': 10, 'max_features': None, 'min_samples_leaf': 1, 'min_samples_split': 20, 'splitter': 'best'}",0.579175704989154,0.6194331983805668,0.5950413223140496,0.5994005994005994,0.5918367346938775,0.5969775119556495,0.013093585895665432,15
0.8701708793640137,0.07745032995456058,0.009284162521362304,0.00107967353358231,gini,10,,4,2,best,"{'criterion': 'gini', 'max_depth': 10, 'max_features': None, 'min_samples_leaf': 4, 'min_samples_split': 2, 'splitter': 'best'}",0.5902335456475584,0.5777777777777777,0.6133333333333333,0.6125760649087221,0.5904572564612326,0.5968755956257248,0.013909711846440674,16
0.669526195526123,0.021421198623810696,0.00924696922302246,0.0013227068572712925,gini,10,,4,5,best,"{'criterion': 'gini', 'max_depth': 10, 'max_features': None, 'min_samples_leaf': 4, 'min_samples_split': 5, 'splitter': 'best'}",0.5902335456475584,0.5777777777777777,0.6133333333333333,0.6125760649087221,0.5904572564612326,0.5968755956257248,0.013909711846440674,16
0.615070104598999,0.015491984109864255,0.008542013168334962,0.0010491330518870097,entropy,10,,4,10,best,"{'criterion': 'entropy', 'max_depth': 10, 'max_features': None, 'min_samples_leaf': 4, 'min_samples_split': 10, 'splitter': 'best'}",0.5770491803278689,0.6197757390417941,0.5945399393326593,0.6054490413723511,0.585612968591692,0.596485373733273,0.014983644259059679,18
0.863666582107544,0.034853785805373114,0.03855209350585938,0.03726138892984345,gini,10,,2,5,best,"{'criterion': 'gini', 'max_depth': 10, 'max_features': None, 'min_samples_leaf': 2, 'min_samples_split': 5, 'splitter': 'best'}",0.5857294994675186,0.5863874345549738,0.6051282051282051,0.615539858728557,0.5883534136546185,0.5962276823067747,0.01201021140688582,19
0.9576882362365723,0.11624394287142767,0.050525856018066403,0.053009328039923184,gini,10,,1,10,best,"{'criterion': 'gini', 'max_depth': 10, 'max_features': None, 'min_samples_leaf': 1, 'min_samples_split': 10, 'splitter': 'best'}",0.5864978902953587,0.5925155925155925,0.610655737704918,0.6052104208416834,0.5856573705179283,0.5961074023750961,0.010089261542503903,20
0.6587546348571778,0.012512471638002622,0.010894298553466797,0.0044533815823322,entropy,10,,2,10,best,"{'criterion': 'entropy', 'max_depth': 10, 'max_features': None, 'min_samples_leaf': 2, 'min_samples_split': 10, 'splitter': 'best'}",0.5770491803278689,0.6194331983805668,0.5948717948717949,0.6024096385542169,0.5866935483870968,0.5960914721043089,0.014402589153965452,21
0.706480598449707,0.015384870007875476,0.02128176689147949,0.011352240041326477,gini,10,,2,10,best,"{'criterion': 'gini', 'max_depth': 10, 'max_features': None, 'min_samples_leaf': 2, 'min_samples_split': 10, 'splitter': 'best'}",0.5851063829787234,0.5884816753926702,0.607621009268795,0.6080808080808081,0.5909547738693467,0.5960489299180687,0.009814603538026207,22
0.8887627124786377,0.13639636106088263,0.010764265060424804,0.004130717126193728,gini,10,,1,5,best,"{'criterion': 'gini', 'max_depth': 10, 'max_features': None, 'min_samples_leaf': 1, 'min_samples_split': 5, 'splitter': 'best'}",0.5841269841269842,0.587251828631139,0.6127049180327869,0.6038114343029087,0.5922233300099701,0.5960236990207578,0.010694224876692117,23
0.962269401550293,0.06945420300704465,0.045944595336914064,0.05036668925198454,gini,10,,1,2,best,"{'criterion': 'gini', 'max_depth': 10, 'max_features': None, 'min_samples_leaf': 1, 'min_samples_split': 2, 'splitter': 'best'}",0.5822784810126582,0.5856697819314641,0.6122448979591837,0.606425702811245,0.588,0.5949237727429102,0.012048187846573964,24
0.626138162612915,0.02090308961900528,0.009463214874267578,0.001451365595999867,entropy,10,,2,5,best,"{'criterion': 'entropy', 'max_depth': 10, 'max_features': None, 'min_samples_leaf': 2, 'min_samples_split': 5, 'splitter': 'best'}",0.5732899022801303,0.6234817813765182,0.5871559633027523,0.601593625498008,0.5870445344129555,0.5945131613740728,0.017027327422528743,25
0.5794028282165528,0.009623429103495822,0.008170890808105468,0.0002800337765673336,entropy,10,,1,10,best,"{'criterion': 'entropy', 'max_depth': 10, 'max_features': None, 'min_samples_leaf': 1, 'min_samples_split': 10, 'splitter': 'best'}",0.5763813651137595,0.6169354838709677,0.5922131147540983,0.6013986013986014,0.5849246231155779,0.5943706376506009,0.013971832960936572,26
0.6438235759735107,0.021068631898102493,0.016378211975097656,0.01556617081485067,entropy,10,,2,2,best,"{'criterion': 'entropy', 'max_depth': 10, 'max_features': None, 'min_samples_leaf': 2, 'min_samples_split': 2, 'splitter': 'best'}",0.5729847494553377,0.6220871327254306,0.5883554647599591,0.6013986013986014,0.5846774193548387,0.5939006735388336,0.01675702265963991,27
1.0775144577026368,0.03133059389429086,0.028705644607543945,0.015571822157503152,gini,10,,2,2,best,"{'criterion': 'gini', 'max_depth': 10, 'max_features': None, 'min_samples_leaf': 2, 'min_samples_split': 2, 'splitter': 'best'}",0.579957356076759,0.5851619644723093,0.6008316008316008,0.6111675126903553,0.5870445344129555,0.592832593696796,0.01147401670199462,28
0.7006531715393066,0.015269550453372905,0.008500003814697265,0.0003214188272544539,entropy,10,,4,2,best,"{'criterion': 'entropy', 'max_depth': 10, 'max_features': None, 'min_samples_leaf': 4, 'min_samples_split': 2, 'splitter': 'best'}",0.5701849836779108,0.6153846153846154,0.5838383838383838,0.6056338028169014,0.5839267548321465,0.5917937081099917,0.01637187977759405,29
0.6357218742370605,0.015833460521812396,0.008721113204956055,0.0007023849053420826,entropy,10,,4,5,best,"{'criterion': 'entropy', 'max_depth': 10, 'max_features': None, 'min_samples_leaf': 4, 'min_samples_split': 5, 'splitter': 'best'}",0.5701849836779108,0.6153846153846154,0.5838383838383838,0.6056338028169014,0.5839267548321465,0.5917937081099917,0.01637187977759405,29
0.5286454677581787,0.008400152463716398,0.008001232147216797,0.0008395493329940266,entropy,10,,1,2,best,"{'criterion': 'entropy', 'max_depth': 10, 'max_features': None, 'min_samples_leaf': 1, 'min_samples_split': 2, 'splitter': 'best'}",0.5738942826321467,0.6156941649899397,0.5824064711830131,0.5998013902681232,0.5866935483870968,0.5916979714920639,0.014627578500046035,31
0.5963115215301513,0.008470006834516234,0.008212852478027343,0.0004074168338574052,entropy,10,,1,5,best,"{'criterion': 'entropy', 'max_depth': 10, 'max_features': None, 'min_samples_leaf': 1, 'min_samples_split': 5, 'splitter': 'best'}",0.5692640692640693,0.6133866133866134,0.5836734693877551,0.6029850746268657,0.5849246231155779,0.5908467699561764,0.01554171171755992,32
0.6900253772735596,0.017482016357509258,0.007994365692138673,0.0010674346667258411,gini,25,,8,20,best,"{'criterion': 'gini', 'max_depth': 25, 'max_features': None, 'min_samples_leaf': 8, 'min_samples_split': 20, 'splitter': 'best'}",0.5627450980392157,0.6001917545541706,0.5970443349753695,0.5467479674796748,0.5891181988742964,0.5791694707845455,0.020887021194799977,33
0.6604138374328613,0.020615728325753886,0.0067345619201660155,0.0006914452249722184,gini,,,8,20,best,"{'criterion': 'gini', 'max_depth': None, 'max_features': None, 'min_samples_leaf': 8, 'min_samples_split': 20, 'splitter': 'best'}",0.5627450980392157,0.6001917545541706,0.5970443349753695,0.5467479674796748,0.5891181988742964,0.5791694707845455,0.020887021194799977,33
0.7637203693389892,0.016802834777397156,0.00931687355041504,0.0009704880950905601,gini,20,,8,20,best,"{'criterion': 'gini', 'max_depth': 20, 'max_features': None, 'min_samples_leaf': 8, 'min_samples_split': 20, 'splitter': 'best'}",0.5602350636630754,0.5996168582375478,0.6015473887814313,0.5467479674796748,0.5800376647834274,0.5776369885890313,0.021529253445206682,35
0.7751527786254883,0.02416151211828691,0.010498952865600587,0.0019389040066041712,gini,15,,8,20,best,"{'criterion': 'gini', 'max_depth': 15, 'max_features': None, 'min_samples_leaf': 8, 'min_samples_split': 20, 'splitter': 'best'}",0.5467336683417086,0.5992141453831041,0.597165991902834,0.5608247422680412,0.5840537944284342,0.5775984684648244,0.020619362126862724,36
0.794615650177002,0.014766335253295184,0.01018538475036621,0.0012153566482158847,gini,15,,8,2,best,"{'criterion': 'gini', 'max_depth': 15, 'max_features': None, 'min_samples_leaf': 8, 'min_samples_split': 2, 'splitter': 'best'}",0.5409181636726547,0.6,0.6046511627906976,0.5486542443064182,0.5819592628516004,0.5752365667242743,0.02610752146686009,37
0.7483867168426513,0.012186222759405261,0.015848875045776367,0.002798742672305523,gini,15,,8,10,best,"{'criterion': 'gini', 'max_depth': 15, 'max_features': None, 'min_samples_leaf': 8, 'min_samples_split': 10, 'splitter': 'best'}",0.5409181636726547,0.6,0.6046511627906976,0.5486542443064182,0.5819592628516004,0.5752365667242743,0.02610752146686009,37
0.7709035873413086,0.016500431374946087,0.009865093231201171,0.0014183723009348085,gini,15,,8,5,best,"{'criterion': 'gini', 'max_depth': 15, 'max_features': None, 'min_samples_leaf': 8, 'min_samples_split': 5, 'splitter': 'best'}",0.5409181636726547,0.6,0.6046511627906976,0.5486542443064182,0.5819592628516004,0.5752365667242743,0.02610752146686009,37
0.8280968189239502,0.03197014291377547,0.014543581008911132,0.008588896474267674,gini,15,,2,20,best,"{'criterion': 'gini', 'max_depth': 15, 'max_features': None, 'min_samples_leaf': 2, 'min_samples_split': 20, 'splitter': 'best'}",0.5680473372781065,0.5982742090124641,0.5862068965517241,0.555667001003009,0.5660749506903353,0.5748540789071278,0.01529011278553688,40
0.05266256332397461,0.004406700165999342,0.009284496307373047,0.0013272667179208804,entropy,10,,1,20,random,"{'criterion': 'entropy', 'max_depth': 10, 'max_features': None, 'min_samples_leaf': 1, 'min_samples_split': 20, 'splitter': 'random'}",0.5542427497314716,0.5855194123819517,0.5831533477321814,0.6017874875868917,0.547486033519553,0.5744378061904098,0.020401010210874745,41
0.9155782222747803,0.043291839197122484,0.015857458114624023,0.003556680755715985,gini,15,,4,20,best,"{'criterion': 'gini', 'max_depth': 15, 'max_features': None, 'min_samples_leaf': 4, 'min_samples_split': 20, 'splitter': 'best'}",0.5523429710867398,0.5971291866028708,0.5795339412360689,0.5714285714285714,0.5711538461538461,0.5743177033016194,0.01448322367112453,42
0.814904260635376,0.02711602234109697,0.009633445739746093,0.0020591544923006843,gini,,,8,5,best,"{'criterion': 'gini', 'max_depth': None, 'max_features': None, 'min_samples_leaf': 8, 'min_samples_split': 5, 'splitter': 'best'}",0.5541463414634147,0.5942307692307692,0.594541910331384,0.5463609172482552,0.5815061963775023,0.574157226930265,0.020226517935106932,43
0.7952221870422364,0.019832572477700806,0.009275007247924804,0.0019675333231298736,gini,,,8,10,best,"{'criterion': 'gini', 'max_depth': None, 'max_features': None, 'min_samples_leaf': 8, 'min_samples_split': 10, 'splitter': 'best'}",0.5541463414634147,0.5942307692307692,0.594541910331384,0.5463609172482552,0.5815061963775023,0.574157226930265,0.020226517935106932,43
0.7509454250335693,0.012445357221500001,0.010645914077758788,0.0009040400237198944,gini,25,,8,10,best,"{'criterion': 'gini', 'max_depth': 25, 'max_features': None, 'min_samples_leaf': 8, 'min_samples_split': 10, 'splitter': 'best'}",0.5541463414634147,0.5942307692307692,0.594541910331384,0.5463609172482552,0.5815061963775023,0.574157226930265,0.020226517935106932,43
0.7785109519958496,0.02144773793445945,0.012224960327148437,0.0033595013700286843,gini,25,,8,5,best,"{'criterion': 'gini', 'max_depth': 25, 'max_features': None, 'min_samples_leaf': 8, 'min_samples_split': 5, 'splitter': 'best'}",0.5541463414634147,0.5942307692307692,0.594541910331384,0.5463609172482552,0.5815061963775023,0.574157226930265,0.020226517935106932,43
0.7635396003723145,0.015067526470371094,0.012445068359375,0.003621689593829402,gini,,,8,2,best,"{'criterion': 'gini', 'max_depth': None, 'max_features': None, 'min_samples_leaf': 8, 'min_samples_split': 2, 'splitter': 'best'}",0.5541463414634147,0.5942307692307692,0.594541910331384,0.5463609172482552,0.5815061963775023,0.574157226930265,0.020226517935106932,43
0.811211347579956,0.02579057662273321,0.016218280792236327,0.00549826211718347,gini,25,,8,2,best,"{'criterion': 'gini', 'max_depth': 25, 'max_features': None, 'min_samples_leaf': 8, 'min_samples_split': 2, 'splitter': 'best'}",0.5541463414634147,0.5942307692307692,0.594541910331384,0.5463609172482552,0.5815061963775023,0.574157226930265,0.020226517935106932,43
0.06694560050964356,0.00662353478939197,0.008599805831909179,0.0005207902583680866,entropy,15,,2,20,random,"{'criterion': 'entropy', 'max_depth': 15, 'max_features': None, 'min_samples_leaf': 2, 'min_samples_split': 20, 'splitter': 'random'}",0.5726681127982647,0.5728744939271255,0.5997952917093142,0.5562632696390658,0.5682730923694779,0.5739748520886496,0.014253586738955427,49
0.734600019454956,0.026409678779560346,0.010483217239379884,0.002239905823999809,gini,20,,8,10,best,"{'criterion': 'gini', 'max_depth': 20, 'max_features': None, 'min_samples_leaf': 8, 'min_samples_split': 10, 'splitter': 'best'}",0.5452775073028238,0.5988483685220729,0.5945945945945946,0.5463609172482552,0.5787965616045845,0.5727755898544661,0.023004305375410632,50
0.6683194637298584,0.020116094343199057,0.010098981857299804,0.0023067719445772645,gini,20,,8,5,best,"{'criterion': 'gini', 'max_depth': 20, 'max_features': None, 'min_samples_leaf': 8, 'min_samples_split': 5, 'splitter': 'best'}",0.5452775073028238,0.5988483685220729,0.5945945945945946,0.5463609172482552,0.5787965616045845,0.5727755898544661,0.023004305375410632,50
0.6779911994934082,0.018356472848616898,0.00835404396057129,0.00022876779377495302,gini,20,,8,2,best,"{'criterion': 'gini', 'max_depth': 20, 'max_features': None, 'min_samples_leaf': 8, 'min_samples_split': 2, 'splitter': 'best'}",0.5452775073028238,0.5988483685220729,0.5945945945945946,0.5463609172482552,0.5787965616045845,0.5727755898544661,0.023004305375410632,50
1.0049592971801757,0.04581686449374707,0.013640213012695312,0.0026837880907506517,gini,15,,1,20,best,"{'criterion': 'gini', 'max_depth': 15, 'max_features': None, 'min_samples_leaf': 1, 'min_samples_split': 20, 'splitter': 'best'}",0.5672797676669894,0.586239396795476,0.5836653386454184,0.5612648221343873,0.5645472061657033,0.5725993062815948,0.01029673229462607,53
0.11676115989685058,0.0358980108776507,0.0480229377746582,0.019311344011073376,gini,10,,1,10,random,"{'criterion': 'gini', 'max_depth': 10, 'max_features': None, 'min_samples_leaf': 1, 'min_samples_split': 10, 'splitter': 'random'}",0.5734126984126984,0.5631517960602549,0.5647321428571429,0.5942622950819673,0.5551982851018221,0.570151443502777,0.013371086548464577,54
0.11341443061828613,0.08620134248007862,0.011759519577026367,0.004314099191353801,gini,10,,2,20,random,"{'criterion': 'gini', 'max_depth': 10, 'max_features': None, 'min_samples_leaf': 2, 'min_samples_split': 20, 'splitter': 'random'}",0.5660377358490566,0.6120689655172413,0.5367561260210035,0.577209797657082,0.5515695067264574,0.5687284263541682,0.025589968037894782,55
0.041967153549194336,0.005040534607539748,0.006894350051879883,0.0009271109808567262,entropy,10,,1,2,random,"{'criterion': 'entropy', 'max_depth': 10, 'max_features': None, 'min_samples_leaf': 1, 'min_samples_split': 2, 'splitter': 'random'}",0.5529661016949152,0.6012526096033403,0.5770833333333333,0.6009756097560975,0.5017341040462427,0.5668023516867858,0.03710969977257732,56
0.07075724601745606,0.017023815666072774,0.013153362274169921,0.007632971231292852,gini,10,,4,20,random,"{'criterion': 'gini', 'max_depth': 10, 'max_features': None, 'min_samples_leaf': 4, 'min_samples_split': 20, 'splitter': 'random'}",0.534698521046644,0.5704989154013015,0.5773420479302832,0.5947006869479883,0.5506607929515418,0.5655801928555517,0.020913174745492598,57
0.05911121368408203,0.006017160410925972,0.010113239288330078,0.0037053656912118408,entropy,10,,2,2,random,"{'criterion': 'entropy', 'max_depth': 10, 'max_features': None, 'min_samples_leaf': 2, 'min_samples_split': 2, 'splitter': 'random'}",0.5257270693512305,0.589098532494759,0.5953582240161454,0.5531453362255966,0.5638406537282942,0.565433963163205,0.02524147235168842,58
0.05846672058105469,0.017484052133443905,0.008256626129150391,0.00045650063055592386,entropy,10,,2,5,random,"{'criterion': 'entropy', 'max_depth': 10, 'max_features': None, 'min_samples_leaf': 2, 'min_samples_split': 5, 'splitter': 'random'}",0.5750798722044729,0.6066536203522505,0.5946502057613169,0.5507246376811594,0.49944258639910816,0.5653101844796616,0.037991688536078004,59
0.07234354019165039,0.007225098408565249,0.009901666641235351,0.002006708857252949,entropy,15,,1,20,random,"{'criterion': 'entropy', 'max_depth': 15, 'max_features': None, 'min_samples_leaf': 1, 'min_samples_split': 20, 'splitter': 'random'}",0.5656154628687691,0.597165991902834,0.571992110453649,0.5634615384615385,0.5246981339187706,0.5645866475211123,0.023279486293334328,60
0.9740662097930908,0.023187678381304665,0.011051464080810546,0.0022786834282980993,gini,15,,4,10,best,"{'criterion': 'gini', 'max_depth': 15, 'max_features': None, 'min_samples_leaf': 4, 'min_samples_split': 10, 'splitter': 'best'}",0.5418326693227091,0.5783365570599613,0.5861386138613861,0.562874251497006,0.5523255813953488,0.5643015346272823,0.01627360061685682,61
0.9313189029693604,0.039140295580473355,0.009638500213623048,0.0013103644520679712,gini,15,,2,10,best,"{'criterion': 'gini', 'max_depth': 15, 'max_features': None, 'min_samples_leaf': 2, 'min_samples_split': 10, 'splitter': 'best'}",0.5347912524850894,0.5818181818181818,0.580259222333001,0.5583250249252243,0.5658153241650294,0.5642018011453052,0.017148165913483403,62
0.9638820171356202,0.029427086355375345,0.020601749420166016,0.010434985796401678,gini,15,,4,5,best,"{'criterion': 'gini', 'max_depth': 15, 'max_features': None, 'min_samples_leaf': 4, 'min_samples_split': 5, 'splitter': 'best'}",0.5368314833501514,0.5791505791505791,0.5782178217821782,0.5742771684945165,0.5517909002904162,0.5640535906135684,0.016878878813444752,63
0.8888404369354248,0.008640604185794081,0.013454198837280273,0.001833525415022504,gini,15,,4,2,best,"{'criterion': 'gini', 'max_depth': 15, 'max_features': None, 'min_samples_leaf': 4, 'min_samples_split': 2, 'splitter': 'best'}",0.5368314833501514,0.5791505791505791,0.5782178217821782,0.5742771684945165,0.5517909002904162,0.5640535906135684,0.016878878813444752,63
0.7500803470611572,0.029332529057869653,0.012776756286621093,0.0036047645407368168,gini,,,4,20,best,"{'criterion': 'gini', 'max_depth': None, 'max_features': None, 'min_samples_leaf': 4, 'min_samples_split': 20, 'splitter': 'best'}",0.5467336683417086,0.5838739573679332,0.580078125,0.5482233502538071,0.5609065155807366,0.563963123308837,0.015556812125411101,65
0.8818940639495849,0.03592054171513857,0.012014055252075195,0.0013419477405805537,gini,25,,4,20,best,"{'criterion': 'gini', 'max_depth': 25, 'max_features': None, 'min_samples_leaf': 4, 'min_samples_split': 20, 'splitter': 'best'}",0.5467336683417086,0.5838739573679332,0.580078125,0.5482233502538071,0.5609065155807366,0.563963123308837,0.015556812125411101,65
0.08180155754089355,0.02208647121489959,0.011251211166381836,0.002711549256332497,gini,10,,8,20,random,"{'criterion': 'gini', 'max_depth': 10, 'max_features': None, 'min_samples_leaf': 8, 'min_samples_split': 20, 'splitter': 'random'}",0.543646408839779,0.5929108485499462,0.532741398446171,0.5632065775950668,0.5812310797174571,0.5627472626296841,0.022436126585680873,67
0.08489303588867188,0.01534538753398234,0.009474420547485351,0.0005001107260465728,entropy,20,,4,20,random,"{'criterion': 'entropy', 'max_depth': 20, 'max_features': None, 'min_samples_leaf': 4, 'min_samples_split': 20, 'splitter': 'random'}",0.5364308342133052,0.594059405940594,0.528,0.586,0.568738229755179,0.5626456939818156,0.026294131987704375,68
0.14231815338134765,0.04405229074182458,0.013029241561889648,0.010296511306011042,gini,10,,2,2,random,"{'criterion': 'gini', 'max_depth': 10, 'max_features': None, 'min_samples_leaf': 2, 'min_samples_split': 2, 'splitter': 'random'}",0.5403726708074534,0.6262230919765166,0.5621840242669363,0.5217391304347826,0.5604060913705584,0.5621850017712495,0.0352581559658112,69
0.07750401496887208,0.002790455085643267,0.009314012527465821,0.0010290816407192334,entropy,25,,2,20,random,"{'criterion': 'entropy', 'max_depth': 25, 'max_features': None, 'min_samples_leaf': 2, 'min_samples_split': 20, 'splitter': 'random'}",0.563894523326572,0.6036644165863067,0.5694444444444444,0.5309734513274337,0.5429417571569596,0.5621837185683434,0.02498250252249485,70
0.7960402011871338,0.021546922515416362,0.008988332748413087,0.0015480664182193655,gini,20,,4,20,best,"{'criterion': 'gini', 'max_depth': 20, 'max_features': None, 'min_samples_leaf': 4, 'min_samples_split': 20, 'splitter': 'best'}",0.5447236180904522,0.5802238805970149,0.5727969348659003,0.5487804878048781,0.5640535372848948,0.5621156917286281,0.013609280609748375,71
0.7906154155731201,0.01884215787797346,0.008869218826293945,0.0008455616926709614,entropy,15,,2,20,best,"{'criterion': 'entropy', 'max_depth': 15, 'max_features': None, 'min_samples_leaf': 2, 'min_samples_split': 20, 'splitter': 'best'}",0.5691056910569106,0.5773195876288659,0.5775510204081633,0.5329341317365269,0.5534591194968553,0.5620739100654644,0.0169985815316429,72
0.092464017868042,0.02518734217999372,0.020418643951416016,0.014569172403381667,gini,15,,4,10,random,"{'criterion': 'gini', 'max_depth': 15, 'max_features': None, 'min_samples_leaf': 4, 'min_samples_split': 10, 'splitter': 'random'}",0.555229716520039,0.5777777777777777,0.5538160469667319,0.5812133072407045,0.5416248746238717,0.561932344625825,0.0151395252252182,73
0.050389337539672854,0.0010550084938250263,0.007877206802368164,0.0001255526453843928,entropy,10,,4,20,random,"{'criterion': 'entropy', 'max_depth': 10, 'max_features': None, 'min_samples_leaf': 4, 'min_samples_split': 20, 'splitter': 'random'}",0.46715328467153283,0.5952626158599382,0.5664488017429193,0.6026871401151631,0.5775510204081633,0.5618205725595433,0.049028990393127594,74
1.0068384170532227,0.02322991386181471,0.012978887557983399,0.0026754151093672613,gini,15,,2,2,best,"{'criterion': 'gini', 'max_depth': 15, 'max_features': None, 'min_samples_leaf': 2, 'min_samples_split': 2, 'splitter': 'best'}",0.5362903225806451,0.5784966698382493,0.5699899295065458,0.5589692765113974,0.5633528265107213,0.5614198049895117,0.014186605622632659,75
1.0269193649291992,0.031973443191142065,0.014769935607910156,0.00315133612358257,gini,15,,1,10,best,"{'criterion': 'gini', 'max_depth': 15, 'max_features': None, 'min_samples_leaf': 1, 'min_samples_split': 10, 'splitter': 'best'}",0.541015625,0.5722326454033771,0.5786407766990291,0.5517909002904162,0.5603864734299517,0.5608132841645548,0.013577585851253715,76
0.9645030498504639,0.04812580426347543,0.024090147018432616,0.02201521635574512,gini,15,,1,5,best,"{'criterion': 'gini', 'max_depth': 15, 'max_features': None, 'min_samples_leaf': 1, 'min_samples_split': 5, 'splitter': 'best'}",0.5458128078817734,0.577570093457944,0.5739299610894941,0.5445736434108527,0.5611374407582939,0.5606047893196716,0.013721995618446963,77
0.07789063453674316,0.009940211942893771,0.008526897430419922,0.0007140300516750942,gini,20,,2,20,random,"{'criterion': 'gini', 'max_depth': 20, 'max_features': None, 'min_samples_leaf': 2, 'min_samples_split': 20, 'splitter': 'random'}",0.5362776025236593,0.6085271317829457,0.5575757575757576,0.5312190287413281,0.5676500508646999,0.5602499142976781,0.027604589877339044,78
0.07259039878845215,0.01740667406444425,0.011769533157348633,0.005574696647852917,entropy,10,,2,20,random,"{'criterion': 'entropy', 'max_depth': 10, 'max_features': None, 'min_samples_leaf': 2, 'min_samples_split': 20, 'splitter': 'random'}",0.4744525547445255,0.6085192697768763,0.5733186328555678,0.5887179487179487,0.5548654244306418,0.559974766105112,0.04626219227762134,79
0.8030059814453125,0.022661851898581015,0.011301851272583008,0.0022133895276131113,entropy,15,,1,20,best,"{'criterion': 'entropy', 'max_depth': 15, 'max_features': None, 'min_samples_leaf': 1, 'min_samples_split': 20, 'splitter': 'best'}",0.5648241206030151,0.5770308123249299,0.5740365111561866,0.5296442687747036,0.5523012552301255,0.5595673936177922,0.017263543676323465,80
1.0248247623443603,0.028644317006714454,0.017532730102539064,0.011154032398415918,gini,15,,2,5,best,"{'criterion': 'gini', 'max_depth': 15, 'max_features': None, 'min_samples_leaf': 2, 'min_samples_split': 5, 'splitter': 'best'}",0.5382323733862959,0.580952380952381,0.5604838709677419,0.5489021956087824,0.5661835748792271,0.5589508791588857,0.014621631611945327,81
0.8010805130004883,0.010057306243892035,0.012113523483276368,0.0064768814779048575,gini,20,,2,20,best,"{'criterion': 'gini', 'max_depth': 20, 'max_features': None, 'min_samples_leaf': 2, 'min_samples_split': 20, 'splitter': 'best'}",0.5538461538461539,0.5855513307984791,0.5653436592449177,0.5225225225225225,0.5667627281460135,0.5588052789116174,0.020796413343847978,82
0.7420527935028076,0.029096229543240922,0.011371183395385741,0.002615879068276768,gini,15,,1,2,best,"{'criterion': 'gini', 'max_depth': 15, 'max_features': None, 'min_samples_leaf': 1, 'min_samples_split': 2, 'splitter': 'best'}",0.543859649122807,0.5671361502347417,0.572265625,0.5498547918683446,0.5600756859035004,0.5586383804258788,0.010540797506069238,83
0.7618261814117432,0.018768538244686342,0.009612226486206054,0.0007980820340209883,entropy,15,,4,20,best,"{'criterion': 'entropy', 'max_depth': 15, 'max_features': None, 'min_samples_leaf': 4, 'min_samples_split': 20, 'splitter': 'best'}",0.5705458290422245,0.5751633986928104,0.5656565656565656,0.5310274669379451,0.5505376344086022,0.5585861789476295,0.016075381736733296,84
0.058893871307373044,0.005585874658704644,0.008586835861206055,0.00027870743979698713,entropy,10,,1,5,random,"{'criterion': 'entropy', 'max_depth': 10, 'max_features': None, 'min_samples_leaf': 1, 'min_samples_split': 5, 'splitter': 'random'}",0.5432098765432098,0.6141885325558795,0.5652173913043478,0.541095890410959,0.5292171995589857,0.5585857780746764,0.030134606426339798,85
0.07025456428527832,0.004141935706214735,0.010235214233398437,0.002215889233211127,entropy,15,,2,5,random,"{'criterion': 'entropy', 'max_depth': 15, 'max_features': None, 'min_samples_leaf': 2, 'min_samples_split': 5, 'splitter': 'random'}",0.5404858299595142,0.6125954198473282,0.524008350730689,0.5719626168224299,0.5436507936507936,0.558540602202151,0.031119869467072642,86
0.08128128051757813,0.002910093124021221,0.009723091125488281,0.0007784999555877515,entropy,,,4,20,random,"{'criterion': 'entropy', 'max_depth': None, 'max_features': None, 'min_samples_leaf': 4, 'min_samples_split': 20, 'splitter': 'random'}",0.5626794258373206,0.5583250249252243,0.5572519083969466,0.5722543352601156,0.5413826679649465,0.5583786724769106,0.010011664615464313,87
0.05422372817993164,0.002484865208747687,0.008827447891235352,0.0008253837717117199,entropy,10,,8,5,random,"{'criterion': 'entropy', 'max_depth': 10, 'max_features': None, 'min_samples_leaf': 8, 'min_samples_split': 5, 'splitter': 'random'}",0.544689800210305,0.5970772442588727,0.5551982851018221,0.5540838852097131,0.5402425578831312,0.5582583545327688,0.02021074473611253,88
0.057181167602539065,0.0020073867635909876,0.010013055801391602,0.0011985359728635874,entropy,10,,8,2,random,"{'criterion': 'entropy', 'max_depth': 10, 'max_features': None, 'min_samples_leaf': 8, 'min_samples_split': 2, 'splitter': 'random'}",0.544689800210305,0.5970772442588727,0.5551982851018221,0.5540838852097131,0.5402425578831312,0.5582583545327688,0.02021074473611253,88
0.04920706748962402,0.0012584025551962634,0.00803079605102539,0.0003974299580050612,entropy,10,,8,10,random,"{'criterion': 'entropy', 'max_depth': 10, 'max_features': None, 'min_samples_leaf': 8, 'min_samples_split': 10, 'splitter': 'random'}",0.544689800210305,0.5970772442588727,0.5551982851018221,0.5540838852097131,0.5402425578831312,0.5582583545327688,0.02021074473611253,88
0.05098161697387695,0.0024883903629205036,0.0077971935272216795,0.000933948483806048,entropy,10,,4,10,random,"{'criterion': 'entropy', 'max_depth': 10, 'max_features': None, 'min_samples_leaf': 4, 'min_samples_split': 10, 'splitter': 'random'}",0.5511482254697286,0.577922077922078,0.5977933801404213,0.5049180327868853,0.5590465872156013,0.558165660706943,0.03113198508483523,91
0.8663880825042725,0.029080640340914017,0.011313486099243163,0.0014968073674879445,gini,,,2,20,best,"{'criterion': 'gini', 'max_depth': None, 'max_features': None, 'min_samples_leaf': 2, 'min_samples_split': 20, 'splitter': 'best'}",0.546679499518768,0.5790441176470589,0.5728155339805825,0.53,0.5622641509433962,0.5581606604179612,0.017846919007140645,92
0.8870881557464599,0.024690414686283028,0.009258222579956055,0.0008875051774100795,entropy,20,,4,20,best,"{'criterion': 'entropy', 'max_depth': 20, 'max_features': None, 'min_samples_leaf': 4, 'min_samples_split': 20, 'splitter': 'best'}",0.5577299412915852,0.577736890524379,0.5673352435530086,0.5312190287413281,0.556237218813906,0.5580516645848415,0.015473067080527545,93
0.060598230361938475,0.004819651121986342,0.00882415771484375,0.00046912007849991486,entropy,15,,8,20,random,"{'criterion': 'entropy', 'max_depth': 15, 'max_features': None, 'min_samples_leaf': 8, 'min_samples_split': 20, 'splitter': 'random'}",0.5298429319371728,0.5717234262125903,0.5493387589013224,0.5763397371081901,0.5626975763962065,0.5579884861110964,0.01682012202467062,94
1.27486891746521,0.07504967150420136,0.01687479019165039,0.005033593142469237,gini,25,,2,20,best,"{'criterion': 'gini', 'max_depth': 25, 'max_features': None, 'min_samples_leaf': 2, 'min_samples_split': 20, 'splitter': 'best'}",0.5410628019323671,0.580110497237569,0.5736585365853658,0.53,0.5622641509433962,0.5574191973397398,0.01908627181556027,95
0.0887455940246582,0.04389613961009784,0.012999868392944336,0.0070275149396148194,gini,10,,2,10,random,"{'criterion': 'gini', 'max_depth': 10, 'max_features': None, 'min_samples_leaf': 2, 'min_samples_split': 10, 'splitter': 'random'}",0.5759368836291914,0.5893223819301848,0.5269320843091335,0.5522388059701493,0.5421822272215973,0.5573224766120513,0.022579357351771502,96
0.7485627651214599,0.014280514269789917,0.008376216888427735,0.00016538590739253675,entropy,20,,2,20,best,"{'criterion': 'entropy', 'max_depth': 20, 'max_features': None, 'min_samples_leaf': 2, 'min_samples_split': 20, 'splitter': 'best'}",0.5686274509803921,0.5666356011183598,0.5598455598455598,0.5295829291949563,0.5611940298507463,0.5571771141980029,0.014179340229857519,97
0.06830205917358398,0.005749217351983604,0.007592582702636718,0.0002459545105841557,entropy,20,,1,2,random,"{'criterion': 'entropy', 'max_depth': 20, 'max_features': None, 'min_samples_leaf': 1, 'min_samples_split': 2, 'splitter': 'random'}",0.5376344086021505,0.5867158671586716,0.5771812080536913,0.5646836638338055,0.5193798449612403,0.5571189985219119,0.025058268102551767,98
0.12347235679626464,0.0354308162212564,0.022370195388793944,0.01767535834486647,gini,10,,4,2,random,"{'criterion': 'gini', 'max_depth': 10, 'max_features': None, 'min_samples_leaf': 4, 'min_samples_split': 2, 'splitter': 'random'}",0.5362162162162162,0.5355555555555556,0.546875,0.5853658536585366,0.581039755351682,0.5570104761563981,0.021803102684246144,99
0.06265444755554199,0.008813727220149834,0.01001896858215332,0.0017421358607243816,gini,10,,4,5,random,"{'criterion': 'gini', 'max_depth': 10, 'max_features': None, 'min_samples_leaf': 4, 'min_samples_split': 5, 'splitter': 'random'}",0.5362162162162162,0.5355555555555556,0.546875,0.5853658536585366,0.581039755351682,0.5570104761563981,0.021803102684246144,99
0.15108203887939453,0.021372238635411028,0.012492084503173828,0.0033636893140398492,gini,25,,2,20,random,"{'criterion': 'gini', 'max_depth': 25, 'max_features': None, 'min_samples_leaf': 2, 'min_samples_split': 20, 'splitter': 'random'}",0.562874251497006,0.5851272015655578,0.5389344262295082,0.5465587044534413,0.5479723046488625,0.5562933776788752,0.01637091698553658,101
1.1326107501983642,0.03999110781009074,0.015021371841430663,0.005106121148966562,gini,25,,1,20,best,"{'criterion': 'gini', 'max_depth': 25, 'max_features': None, 'min_samples_leaf': 1, 'min_samples_split': 20, 'splitter': 'best'}",0.5383886255924171,0.5685557586837294,0.5770308123249299,0.536779324055666,0.5593376264949402,0.5560184294303364,0.01606658076786628,102
0.891642713546753,0.035449373616355015,0.013214206695556641,0.0024688484383207673,entropy,25,,2,20,best,"{'criterion': 'entropy', 'max_depth': 25, 'max_features': None, 'min_samples_leaf': 2, 'min_samples_split': 20, 'splitter': 'best'}",0.5569620253164557,0.5630331753554503,0.5703275529865125,0.5302325581395348,0.558766859344894,0.5558644342285695,0.013617595258681314,103
0.06840243339538574,0.002426367906573401,0.010192584991455079,0.0007933820261487627,gini,25,,8,20,random,"{'criterion': 'gini', 'max_depth': 25, 'max_features': None, 'min_samples_leaf': 8, 'min_samples_split': 20, 'splitter': 'random'}",0.5537848605577689,0.5795677799607073,0.5444234404536862,0.5573770491803278,0.5421319796954315,0.5554570219695842,0.013319969608520811,104
0.857078218460083,0.03807477926894011,0.01178755760192871,0.001270393576757759,entropy,,,2,20,best,"{'criterion': 'entropy', 'max_depth': None, 'max_features': None, 'min_samples_leaf': 2, 'min_samples_split': 20, 'splitter': 'best'}",0.5613026819923371,0.5663217309501412,0.5686839577329491,0.521087160262418,0.5596244131455399,0.5554039888166771,0.017468863457183566,105
0.051306724548339844,0.0058223846995325715,0.007781314849853516,0.0017457504429524888,gini,10,,4,10,random,"{'criterion': 'gini', 'max_depth': 10, 'max_features': None, 'min_samples_leaf': 4, 'min_samples_split': 10, 'splitter': 'random'}",0.5299334811529933,0.5582417582417583,0.5256270447110142,0.6033630069238378,0.5592315901814301,0.5552793762422067,0.027778071944500833,106
0.08698844909667969,0.008972889007727658,0.008993434906005859,0.0006903572460199276,entropy,25,,1,10,random,"{'criterion': 'entropy', 'max_depth': 25, 'max_features': None, 'min_samples_leaf': 1, 'min_samples_split': 10, 'splitter': 'random'}",0.5423728813559322,0.5868372943327239,0.5746478873239437,0.5099904852521409,0.5621414913957935,0.5551980079321068,0.026965749362709363,107
0.07172327041625977,0.02302825123573508,0.008878087997436524,0.0006019766601666296,gini,15,,8,20,random,"{'criterion': 'gini', 'max_depth': 15, 'max_features': None, 'min_samples_leaf': 8, 'min_samples_split': 20, 'splitter': 'random'}",0.5265348595213319,0.5825641025641025,0.5574771108850458,0.5311871227364185,0.5781710914454278,0.5551868574304654,0.023151492715665883,108
0.7155119419097901,0.022718459930500513,0.008881473541259765,0.0010791090234215624,entropy,15,,8,20,best,"{'criterion': 'entropy', 'max_depth': 15, 'max_features': None, 'min_samples_leaf': 8, 'min_samples_split': 20, 'splitter': 'best'}",0.5404255319148936,0.5849056603773585,0.5881188118811881,0.5237113402061856,0.5386221294363257,0.5551566947631903,0.026270559387423363,109
0.07579331398010254,0.010993617796141069,0.009817361831665039,0.0009813623705962555,gini,20,,8,20,random,"{'criterion': 'gini', 'max_depth': 20, 'max_features': None, 'min_samples_leaf': 8, 'min_samples_split': 20, 'splitter': 'random'}",0.5364850976361768,0.5758754863813229,0.5202769535113749,0.5630081300813008,0.5795677799607073,0.5550426895141765,0.023030303281865762,110
0.8015714168548584,0.012928827212002775,0.009263038635253906,0.0017447691660867311,entropy,20,,1,20,best,"{'criterion': 'entropy', 'max_depth': 20, 'max_features': None, 'min_samples_leaf': 1, 'min_samples_split': 20, 'splitter': 'best'}",0.5567410281280311,0.5666666666666667,0.5614714424007744,0.526416906820365,0.5634920634920635,0.5549576215015801,0.014629567561507337,111
0.898684024810791,0.01930034010254045,0.008892345428466796,0.002292078093039881,entropy,,,8,20,best,"{'criterion': 'entropy', 'max_depth': None, 'max_features': None, 'min_samples_leaf': 8, 'min_samples_split': 20, 'splitter': 'best'}",0.5603112840466926,0.5637065637065637,0.5727969348659003,0.524975514201763,0.5514563106796116,0.5546493215001063,0.016334977715434643,112
0.07721753120422363,0.015615483818422737,0.01038823127746582,0.0007968911461530742,gini,10,,1,2,random,"{'criterion': 'gini', 'max_depth': 10, 'max_features': None, 'min_samples_leaf': 1, 'min_samples_split': 2, 'splitter': 'random'}",0.540420819490587,0.5514223194748359,0.546031746031746,0.5536842105263158,0.5811623246492986,0.5545442840345567,0.01407794039832424,113
0.0780980110168457,0.0026264603678393264,0.00885777473449707,0.0002714959114563266,entropy,,,2,20,random,"{'criterion': 'entropy', 'max_depth': None, 'max_features': None, 'min_samples_leaf': 2, 'min_samples_split': 20, 'splitter': 'random'}",0.5677546983184966,0.5689655172413793,0.5517928286852589,0.5325443786982249,0.5509803921568628,0.5544075630200445,0.013316615307520693,114
0.1073836326599121,0.03346894416726148,0.012948417663574218,0.003191865649129995,gini,10,,2,5,random,"{'criterion': 'gini', 'max_depth': 10, 'max_features': None, 'min_samples_leaf': 2, 'min_samples_split': 5, 'splitter': 'random'}",0.5162790697674419,0.5851528384279476,0.5437302423603794,0.5641025641025641,0.5621840242669363,0.5542897477850538,0.02309742898011541,115
0.06476149559020997,0.001424040603976498,0.00816950798034668,0.00022153289876405754,entropy,20,,2,20,random,"{'criterion': 'entropy', 'max_depth': 20, 'max_features': None, 'min_samples_leaf': 2, 'min_samples_split': 20, 'splitter': 'random'}",0.5640495867768595,0.596078431372549,0.5498938428874734,0.5378486055776892,0.522279792746114,0.554030051872137,0.025121638807339523,116
1.021946096420288,0.09678689703005049,0.01750330924987793,0.007080659033535665,entropy,25,,8,20,best,"{'criterion': 'entropy', 'max_depth': 25, 'max_features': None, 'min_samples_leaf': 8, 'min_samples_split': 20, 'splitter': 'best'}",0.56047197640118,0.5609990393852066,0.5727969348659003,0.5316455696202531,0.5429141716566867,0.5537655383858453,0.014605061298219892,117
0.9255648136138916,0.01904617868055834,0.01236276626586914,0.005049898860262612,entropy,25,,4,20,best,"{'criterion': 'entropy', 'max_depth': 25, 'max_features': None, 'min_samples_leaf': 4, 'min_samples_split': 20, 'splitter': 'best'}",0.5542406311637081,0.5793357933579336,0.5592417061611374,0.5262154432793136,0.5497076023391813,0.5537482352602547,0.01708522844058759,118
0.7618971347808838,0.020365716847455608,0.009359216690063477,0.001840810173506587,gini,20,,1,20,best,"{'criterion': 'gini', 'max_depth': 20, 'max_features': None, 'min_samples_leaf': 1, 'min_samples_split': 20, 'splitter': 'best'}",0.5400763358778626,0.5695488721804511,0.5722326454033771,0.5281899109792285,0.5580524344569289,0.5536200397795698,0.017028953452973544,119
0.07616181373596191,0.011897651678461003,0.009762954711914063,0.00263604372981333,gini,15,,1,5,random,"{'criterion': 'gini', 'max_depth': 15, 'max_features': None, 'min_samples_leaf': 1, 'min_samples_split': 5, 'splitter': 'random'}",0.5508735868448099,0.6026615969581749,0.5373423860329777,0.5318725099601593,0.5452793834296724,0.5536058926451588,0.02537754892264168,120
0.8464022159576416,0.027384367923924267,0.009441184997558593,0.000469111378391974,gini,,,1,20,best,"{'criterion': 'gini', 'max_depth': None, 'max_features': None, 'min_samples_leaf': 1, 'min_samples_split': 20, 'splitter': 'best'}",0.5348399246704332,0.5587703435804702,0.5748837209302325,0.536779324055666,0.5619834710743802,0.5534513568622363,0.015393355113908049,121
0.1340789794921875,0.016720648212038208,0.01960134506225586,0.012010119500588569,gini,15,,1,10,random,"{'criterion': 'gini', 'max_depth': 15, 'max_features': None, 'min_samples_leaf': 1, 'min_samples_split': 10, 'splitter': 'random'}",0.5276679841897233,0.5533596837944664,0.5553505535055351,0.5765765765765766,0.5529767911200807,0.5531863178372765,0.015511591983206265,122
0.9051280498504639,0.0172782206751615,0.011492300033569335,0.0014013111922826736,entropy,,,4,20,best,"{'criterion': 'entropy', 'max_depth': None, 'max_features': None, 'min_samples_leaf': 4, 'min_samples_split': 20, 'splitter': 'best'}",0.552734375,0.5834862385321101,0.5616698292220114,0.5144508670520231,0.553314121037464,0.5531310861687218,0.022319030625746295,123
0.7646902561187744,0.03699845240481431,0.010656785964965821,0.0020084934032288167,gini,20,,4,2,best,"{'criterion': 'gini', 'max_depth': 20, 'max_features': None, 'min_samples_leaf': 4, 'min_samples_split': 2, 'splitter': 'best'}",0.5438066465256798,0.5426356589147286,0.5784966698382493,0.5467059980334317,0.5489815712900097,0.5521253089204198,0.013371269907568891,124
0.7997156143188476,0.018631912380093724,0.008632373809814454,0.0003414791130319465,gini,20,,4,5,best,"{'criterion': 'gini', 'max_depth': 20, 'max_features': None, 'min_samples_leaf': 4, 'min_samples_split': 5, 'splitter': 'best'}",0.5438066465256798,0.5426356589147286,0.5784966698382493,0.5467059980334317,0.5489815712900097,0.5521253089204198,0.013371269907568891,124
0.7741774082183838,0.021928006936719553,0.009394550323486328,0.0022045389747160134,entropy,15,,2,10,best,"{'criterion': 'entropy', 'max_depth': 15, 'max_features': None, 'min_samples_leaf': 2, 'min_samples_split': 10, 'splitter': 'best'}",0.5488565488565489,0.5714285714285714,0.5714285714285714,0.536779324055666,0.5321100917431193,0.5521206215024954,0.0166854711622819,126
0.7960098266601563,0.0514545299384044,0.009137439727783202,0.0005009086944928749,gini,20,,4,10,best,"{'criterion': 'gini', 'max_depth': 20, 'max_features': None, 'min_samples_leaf': 4, 'min_samples_split': 10, 'splitter': 'best'}",0.5346733668341709,0.5537270087124879,0.5834109972041006,0.5429417571569596,0.54510556621881,0.5519717392253057,0.016848896156852592,127
0.08489861488342285,0.007479665132257319,0.011863517761230468,0.0016123919157189695,gini,15,,1,20,random,"{'criterion': 'gini', 'max_depth': 15, 'max_features': None, 'min_samples_leaf': 1, 'min_samples_split': 20, 'splitter': 'random'}",0.5414141414141415,0.5859213250517599,0.5771947527749748,0.5098445595854922,0.5450941526263627,0.5518937862905463,0.0272844561623931,128
0.871135663986206,0.017721310682030374,0.008742237091064453,0.0003132052741277834,entropy,25,,1,20,best,"{'criterion': 'entropy', 'max_depth': 25, 'max_features': None, 'min_samples_leaf': 1, 'min_samples_split': 20, 'splitter': 'best'}",0.5522531160115053,0.5660377358490566,0.5619047619047619,0.5275735294117647,0.5502846299810247,0.5516107546316227,0.013372088870397907,129
0.06899337768554688,0.007112008179166345,0.009383869171142579,0.0005647680397857461,entropy,20,,8,20,random,"{'criterion': 'entropy', 'max_depth': 20, 'max_features': None, 'min_samples_leaf': 8, 'min_samples_split': 20, 'splitter': 'random'}",0.5396825396825397,0.5401174168297456,0.5647058823529412,0.5370741482965932,0.5735140771637122,0.5510188128651063,0.015067700436011168,130
0.16305122375488282,0.10182195783043847,0.0239471435546875,0.024125251038650156,gini,10,,1,20,random,"{'criterion': 'gini', 'max_depth': 10, 'max_features': None, 'min_samples_leaf': 1, 'min_samples_split': 20, 'splitter': 'random'}",0.5544332210998878,0.5324384787472036,0.5471502590673575,0.6119257086999023,0.5080831408775982,0.5508061616983898,0.03442309833431256,131
0.07550063133239746,0.022308624057416362,0.023040342330932616,0.015437099540925758,gini,10,,8,2,random,"{'criterion': 'gini', 'max_depth': 10, 'max_features': None, 'min_samples_leaf': 8, 'min_samples_split': 2, 'splitter': 'random'}",0.5640495867768595,0.6136595310907238,0.5114254624591947,0.5487944890929966,0.5159165751920965,0.5507691289223742,0.03714322829390326,132
0.06608572006225585,0.009224346048725286,0.011931085586547851,0.004423845366419927,gini,10,,8,10,random,"{'criterion': 'gini', 'max_depth': 10, 'max_features': None, 'min_samples_leaf': 8, 'min_samples_split': 10, 'splitter': 'random'}",0.5640495867768595,0.6136595310907238,0.5114254624591947,0.5487944890929966,0.5159165751920965,0.5507691289223742,0.03714322829390326,132
0.1008453369140625,0.039613234723146935,0.010387754440307618,0.00356061197847413,gini,10,,8,5,random,"{'criterion': 'gini', 'max_depth': 10, 'max_features': None, 'min_samples_leaf': 8, 'min_samples_split': 5, 'splitter': 'random'}",0.5640495867768595,0.6136595310907238,0.5114254624591947,0.5487944890929966,0.5159165751920965,0.5507691289223742,0.03714322829390326,132
0.8062831878662109,0.017142575738131174,0.008341407775878907,0.0003072546989056681,entropy,,,1,20,best,"{'criterion': 'entropy', 'max_depth': None, 'max_features': None, 'min_samples_leaf': 1, 'min_samples_split': 20, 'splitter': 'best'}",0.5553435114503816,0.5690140845070423,0.5597722960151803,0.5213358070500927,0.5479962721342032,0.55069239423138,0.016179246754043,135
0.8042051315307617,0.02225918706570915,0.009810876846313477,0.0013386711075892177,gini,20,,2,10,best,"{'criterion': 'gini', 'max_depth': 20, 'max_features': None, 'min_samples_leaf': 2, 'min_samples_split': 10, 'splitter': 'best'}",0.5382381413359149,0.5565052231718899,0.5666666666666667,0.5260058881256133,0.5650048875855328,0.5504841613771234,0.01586271742437187,136
0.07093615531921386,0.006714955110011121,0.009487724304199219,0.0014018532410661534,gini,15,,2,20,random,"{'criterion': 'gini', 'max_depth': 15, 'max_features': None, 'min_samples_leaf': 2, 'min_samples_split': 20, 'splitter': 'random'}",0.5270988310308182,0.5253863134657837,0.5782881002087683,0.5826271186440678,0.5384615384615384,0.5503723803621953,0.025009939417755027,137
0.8147905826568603,0.016350433408778252,0.009100008010864257,0.00203927227886433,entropy,15,,1,10,best,"{'criterion': 'entropy', 'max_depth': 15, 'max_features': None, 'min_samples_leaf': 1, 'min_samples_split': 10, 'splitter': 'best'}",0.5450819672131147,0.5684995340167754,0.5697445972495089,0.5339901477832513,0.5341488277268094,0.5502930147978919,0.015896003698751496,138
0.8142800331115723,0.026852970976133327,0.010289239883422851,0.0019474364538421812,entropy,15,,8,10,best,"{'criterion': 'entropy', 'max_depth': 15, 'max_features': None, 'min_samples_leaf': 8, 'min_samples_split': 10, 'splitter': 'best'}",0.5303514376996805,0.5841860465116279,0.583011583011583,0.5216494845360825,0.5320910973084886,0.5502579298134924,0.027454195574577525,139
0.7535476684570312,0.012720196782866578,0.010088157653808594,0.003018828751020787,entropy,15,,8,2,best,"{'criterion': 'entropy', 'max_depth': 15, 'max_features': None, 'min_samples_leaf': 8, 'min_samples_split': 2, 'splitter': 'best'}",0.5303514376996805,0.5841860465116279,0.583011583011583,0.5216494845360825,0.5320910973084886,0.5502579298134924,0.027454195574577525,139
0.8112063407897949,0.016197909403644746,0.012291193008422852,0.004200670036917372,entropy,15,,8,5,best,"{'criterion': 'entropy', 'max_depth': 15, 'max_features': None, 'min_samples_leaf': 8, 'min_samples_split': 5, 'splitter': 'best'}",0.5303514376996805,0.5841860465116279,0.583011583011583,0.5216494845360825,0.5320910973084886,0.5502579298134924,0.027454195574577525,139
0.08780255317687988,0.0060736868413212115,0.010001182556152344,0.0005020199711225609,entropy,25,,1,20,random,"{'criterion': 'entropy', 'max_depth': 25, 'max_features': None, 'min_samples_leaf': 1, 'min_samples_split': 20, 'splitter': 'random'}",0.5364891518737672,0.5757864632983795,0.5550049554013875,0.5210577864838394,0.5628042843232717,0.550228528276129,0.019359104212126835,142
0.09322938919067383,0.013967717145439065,0.011266565322875977,0.0008777547975487192,gini,15,,2,10,random,"{'criterion': 'gini', 'max_depth': 15, 'max_features': None, 'min_samples_leaf': 2, 'min_samples_split': 10, 'splitter': 'random'}",0.528835690968444,0.6149312377210217,0.5437881873727087,0.5597722960151803,0.5030549898167006,0.5500764803788111,0.037421605334780284,143
0.07994594573974609,0.008631436192588627,0.010234355926513672,0.002341600130724553,entropy,15,,1,10,random,"{'criterion': 'entropy', 'max_depth': 15, 'max_features': None, 'min_samples_leaf': 1, 'min_samples_split': 10, 'splitter': 'random'}",0.5294117647058824,0.5892857142857143,0.5283018867924528,0.5777777777777777,0.5244267198404786,0.5498407726804612,0.02779756005812307,144
0.07644925117492676,0.010677714133575775,0.008624029159545899,0.0004169395889900271,gini,,,8,20,random,"{'criterion': 'gini', 'max_depth': None, 'max_features': None, 'min_samples_leaf': 8, 'min_samples_split': 20, 'splitter': 'random'}",0.5537848605577689,0.5557809330628803,0.5445829338446788,0.5524974515800204,0.5421319796954315,0.549755631748156,0.005383927765962064,145
0.05275087356567383,0.004372579607831197,0.00849900245666504,0.0004335284965715528,entropy,10,,2,10,random,"{'criterion': 'entropy', 'max_depth': 10, 'max_features': None, 'min_samples_leaf': 2, 'min_samples_split': 10, 'splitter': 'random'}",0.5369127516778524,0.5224215246636771,0.5662650602409639,0.5587628865979382,0.56353591160221,0.5495796269565283,0.01706180571989196,146
0.7771573066711426,0.014300513765793376,0.008605718612670898,0.0009472396251893098,entropy,20,,8,20,best,"{'criterion': 'entropy', 'max_depth': 20, 'max_features': None, 'min_samples_leaf': 8, 'min_samples_split': 20, 'splitter': 'best'}",0.5595238095238095,0.563953488372093,0.5683802133850631,0.5218274111675127,0.5341614906832298,0.5495692826263416,0.018258480666793375,147
0.08597545623779297,0.016132444348399836,0.010550403594970703,0.0036988642269983178,entropy,15,,2,2,random,"{'criterion': 'entropy', 'max_depth': 15, 'max_features': None, 'min_samples_leaf': 2, 'min_samples_split': 2, 'splitter': 'random'}",0.5101822079314041,0.6071428571428571,0.5657370517928287,0.5379442843419788,0.5264293419633226,0.5494871486344783,0.03405295465738778,148
0.06648621559143067,0.0019423545030148469,0.008963823318481445,0.0012588096561582638,entropy,15,,2,10,random,"{'criterion': 'entropy', 'max_depth': 15, 'max_features': None, 'min_samples_leaf': 2, 'min_samples_split': 10, 'splitter': 'random'}",0.5360602798708288,0.5630252100840336,0.5167785234899329,0.5557692307692308,0.5756097560975609,0.5494486000623174,0.020761800587186973,149
0.06626734733581544,0.0055132201553962056,0.008926200866699218,0.0015544909670298268,gini,15,,1,2,random,"{'criterion': 'gini', 'max_depth': 15, 'max_features': None, 'min_samples_leaf': 1, 'min_samples_split': 2, 'splitter': 'random'}",0.5346733668341709,0.5593056894889104,0.5374625374625375,0.5571565802113353,0.5549242424242424,0.5487044832842394,0.010447607323326178,150
0.896511173248291,0.006330767909109863,0.009982633590698241,0.0009593495353737756,entropy,20,,4,10,best,"{'criterion': 'entropy', 'max_depth': 20, 'max_features': None, 'min_samples_leaf': 4, 'min_samples_split': 10, 'splitter': 'best'}",0.537109375,0.5714285714285714,0.5638599810785241,0.5311284046692607,0.5394605394605395,0.5485973743273791,0.01596766424220905,151
0.8004581928253174,0.023107513373807145,0.008699369430541993,0.0007211187612111151,entropy,20,,2,10,best,"{'criterion': 'entropy', 'max_depth': 20, 'max_features': None, 'min_samples_leaf': 2, 'min_samples_split': 10, 'splitter': 'best'}",0.5389930898321816,0.5518553758325404,0.5627376425855514,0.5310077519379846,0.5581395348837209,0.5485466790143958,0.011859501125225304,152
0.09106316566467285,0.006125944641888327,0.011914539337158202,0.002224869556802097,gini,15,,4,20,random,"{'criterion': 'gini', 'max_depth': 15, 'max_features': None, 'min_samples_leaf': 4, 'min_samples_split': 20, 'splitter': 'random'}",0.5386266094420601,0.593103448275862,0.5249734325185972,0.5308641975308642,0.5544147843942505,0.5483964944323267,0.02443932672072725,153
0.7995175361633301,0.02204284975780961,0.009957408905029297,0.0012244706259898494,entropy,15,,2,2,best,"{'criterion': 'entropy', 'max_depth': 15, 'max_features': None, 'min_samples_leaf': 2, 'min_samples_split': 2, 'splitter': 'best'}",0.5381443298969072,0.5684608120868744,0.56047197640118,0.5407554671968191,0.5329280648429585,0.5481521300849479,0.013790286631449456,154
0.07286410331726074,0.0046841889096640365,0.010000467300415039,0.001981434177353851,entropy,15,,4,20,random,"{'criterion': 'entropy', 'max_depth': 15, 'max_features': None, 'min_samples_leaf': 4, 'min_samples_split': 20, 'splitter': 'random'}",0.5725567620927937,0.5940390544707091,0.4971751412429379,0.5529661016949152,0.5229166666666667,0.5479307452336045,0.03452421516778134,155
0.8997204780578614,0.00839766054745991,0.010381555557250977,0.0003625089256868727,entropy,,,8,2,best,"{'criterion': 'entropy', 'max_depth': None, 'max_features': None, 'min_samples_leaf': 8, 'min_samples_split': 2, 'splitter': 'best'}",0.5321285140562249,0.5639097744360902,0.5698324022346368,0.5252918287937743,0.5478927203065134,0.5478110479654479,0.017304177588737243,156
0.9197747707366943,0.012680853626123466,0.010214281082153321,0.0007579688546250741,entropy,,,8,5,best,"{'criterion': 'entropy', 'max_depth': None, 'max_features': None, 'min_samples_leaf': 8, 'min_samples_split': 5, 'splitter': 'best'}",0.5321285140562249,0.5639097744360902,0.5698324022346368,0.5252918287937743,0.5478927203065134,0.5478110479654479,0.017304177588737243,156
0.9061285972595214,0.037902638727903025,0.010439252853393555,0.0031931080047891583,entropy,,,8,10,best,"{'criterion': 'entropy', 'max_depth': None, 'max_features': None, 'min_samples_leaf': 8, 'min_samples_split': 10, 'splitter': 'best'}",0.5321285140562249,0.5639097744360902,0.5698324022346368,0.5252918287937743,0.5478927203065134,0.5478110479654479,0.017304177588737243,156
0.06671681404113769,0.001622100384942283,0.008127784729003907,0.00019162166197525424,entropy,20,,1,20,random,"{'criterion': 'entropy', 'max_depth': 20, 'max_features': None, 'min_samples_leaf': 1, 'min_samples_split': 20, 'splitter': 'random'}",0.5291828793774319,0.5728155339805825,0.5429184549356223,0.5569620253164557,0.5366834170854271,0.5477124621391039,0.015515710825063573,159
0.9266118049621582,0.022976144301867254,0.009568929672241211,0.0010191395749712016,entropy,25,,8,5,best,"{'criterion': 'entropy', 'max_depth': 25, 'max_features': None, 'min_samples_leaf': 8, 'min_samples_split': 5, 'splitter': 'best'}",0.5301204819277109,0.5679245283018868,0.5698324022346368,0.5299806576402321,0.5397448478900884,0.547520583598911,0.017804565801462925,160
0.8953513622283935,0.02008411576622436,0.008925724029541015,0.0002068624564145859,entropy,25,,8,10,best,"{'criterion': 'entropy', 'max_depth': 25, 'max_features': None, 'min_samples_leaf': 8, 'min_samples_split': 10, 'splitter': 'best'}",0.5301204819277109,0.5679245283018868,0.5698324022346368,0.5299806576402321,0.5397448478900884,0.547520583598911,0.017804565801462925,160
0.9188053131103515,0.018619834873322003,0.009855556488037109,0.00040358786653312765,entropy,25,,8,2,best,"{'criterion': 'entropy', 'max_depth': 25, 'max_features': None, 'min_samples_leaf': 8, 'min_samples_split': 2, 'splitter': 'best'}",0.5301204819277109,0.5679245283018868,0.5698324022346368,0.5299806576402321,0.5397448478900884,0.547520583598911,0.017804565801462925,160
0.07147397994995117,0.005037199444511288,0.009523630142211914,0.0009418296541646488,gini,15,,8,5,random,"{'criterion': 'gini', 'max_depth': 15, 'max_features': None, 'min_samples_leaf': 8, 'min_samples_split': 5, 'splitter': 'random'}",0.5366379310344828,0.5655471289274107,0.5662650602409639,0.5484496124031008,0.5190677966101694,0.5471935058432256,0.01791442519623429,163
0.07732882499694824,0.014858895243402392,0.00945439338684082,0.0015591996266765915,gini,15,,8,2,random,"{'criterion': 'gini', 'max_depth': 15, 'max_features': None, 'min_samples_leaf': 8, 'min_samples_split': 2, 'splitter': 'random'}",0.5366379310344828,0.5655471289274107,0.5662650602409639,0.5484496124031008,0.5190677966101694,0.5471935058432256,0.01791442519623429,163
0.07418460845947265,0.008281681813784076,0.009516334533691407,0.0016083015618282611,gini,15,,8,10,random,"{'criterion': 'gini', 'max_depth': 15, 'max_features': None, 'min_samples_leaf': 8, 'min_samples_split': 10, 'splitter': 'random'}",0.5366379310344828,0.5655471289274107,0.5662650602409639,0.5484496124031008,0.5190677966101694,0.5471935058432256,0.01791442519623429,163
0.8899752140045166,0.024571459408353903,0.009669780731201172,0.0007030501678708258,gini,,,4,2,best,"{'criterion': 'gini', 'max_depth': None, 'max_features': None, 'min_samples_leaf': 4, 'min_samples_split': 2, 'splitter': 'best'}",0.5357502517623364,0.5437079731027857,0.560077519379845,0.5474095796676441,0.5478927203065134,0.5469676088438249,0.007866069523565573,166
0.8297542572021485,0.02878904650101734,0.009752225875854493,0.0006898853473596494,gini,,,4,5,best,"{'criterion': 'gini', 'max_depth': None, 'max_features': None, 'min_samples_leaf': 4, 'min_samples_split': 5, 'splitter': 'best'}",0.5357502517623364,0.5437079731027857,0.560077519379845,0.5474095796676441,0.5478927203065134,0.5469676088438249,0.007866069523565573,166
0.07116079330444336,0.0013273316684079208,0.00856328010559082,0.0009534547076095234,gini,,,2,20,random,"{'criterion': 'gini', 'max_depth': None, 'max_features': None, 'min_samples_leaf': 2, 'min_samples_split': 20, 'splitter': 'random'}",0.5470941883767535,0.5851272015655578,0.5333333333333333,0.5402184707050646,0.5286686103012633,0.5468883608563945,0.02011187121986343,168
0.766707181930542,0.02406496419579048,0.008892679214477539,0.0003571534061225616,gini,,,4,10,best,"{'criterion': 'gini', 'max_depth': None, 'max_features': None, 'min_samples_leaf': 4, 'min_samples_split': 10, 'splitter': 'best'}",0.5378486055776892,0.549618320610687,0.5684608120868744,0.5301681503461919,0.5482330468003821,0.546865787084365,0.012929900075158344,169
0.7628783226013184,0.018227812189033465,0.009197759628295898,0.0008138034843517204,gini,20,,2,2,best,"{'criterion': 'gini', 'max_depth': 20, 'max_features': None, 'min_samples_leaf': 2, 'min_samples_split': 2, 'splitter': 'best'}",0.5220804710500491,0.5568181818181818,0.5636192271442035,0.5211267605633803,0.5692307692307692,0.5465750819613167,0.020766834958709176,170
0.08300442695617676,0.003493464667825506,0.013155412673950196,0.004930615279329878,entropy,25,,4,20,random,"{'criterion': 'entropy', 'max_depth': 25, 'max_features': None, 'min_samples_leaf': 4, 'min_samples_split': 20, 'splitter': 'random'}",0.5566218809980806,0.5590551181102362,0.5416248746238717,0.5334685598377282,0.5416248746238717,0.5464790616387576,0.009771728620824881,171
0.9338669300079345,0.031011821433749268,0.010944080352783204,0.0020814538698064496,gini,25,,4,10,best,"{'criterion': 'gini', 'max_depth': 25, 'max_features': None, 'min_samples_leaf': 4, 'min_samples_split': 10, 'splitter': 'best'}",0.5378486055776892,0.549618320610687,0.5662878787878788,0.5301681503461919,0.5482330468003821,0.5464312004245657,0.012213433532174443,172
1.3375892162322998,0.04441460708307882,0.012391471862792968,0.0036586461778418964,gini,25,,4,5,best,"{'criterion': 'gini', 'max_depth': 25, 'max_features': None, 'min_samples_leaf': 4, 'min_samples_split': 5, 'splitter': 'best'}",0.5357502517623364,0.5437079731027857,0.556420233463035,0.5474095796676441,0.5478927203065134,0.5462361516604629,0.006696005654442421,173
1.5217992782592773,0.03522395703226763,0.014304637908935547,0.00279890155559558,gini,25,,4,2,best,"{'criterion': 'gini', 'max_depth': 25, 'max_features': None, 'min_samples_leaf': 4, 'min_samples_split': 2, 'splitter': 'best'}",0.5357502517623364,0.5437079731027857,0.556420233463035,0.5474095796676441,0.5478927203065134,0.5462361516604629,0.006696005654442421,173
0.7585826873779297,0.015338269280183175,0.012964582443237305,0.004219145246276372,entropy,15,,4,10,best,"{'criterion': 'entropy', 'max_depth': 15, 'max_features': None, 'min_samples_leaf': 4, 'min_samples_split': 10, 'splitter': 'best'}",0.5276329509906152,0.5711610486891385,0.5691542288557214,0.5271629778672032,0.534446764091858,0.5459115940989072,0.019974066982552056,175
0.05203537940979004,0.001707239925081735,0.007944917678833008,0.00021526045478718425,entropy,10,,1,10,random,"{'criterion': 'entropy', 'max_depth': 10, 'max_features': None, 'min_samples_leaf': 1, 'min_samples_split': 10, 'splitter': 'random'}",0.5377574370709383,0.5316455696202531,0.577560975609756,0.5302013422818792,0.5513626834381551,0.5457056016041963,0.017595495468335647,176
0.10927386283874511,0.010645796931845877,0.010339736938476562,0.002258523819475488,gini,15,,4,5,random,"{'criterion': 'gini', 'max_depth': 15, 'max_features': None, 'min_samples_leaf': 4, 'min_samples_split': 5, 'splitter': 'random'}",0.4983240223463687,0.5957873620862588,0.5302013422818792,0.5544147843942505,0.5496342737722049,0.5456723569761925,0.03188999105340088,177
0.0921846866607666,0.024274914825110322,0.009755516052246093,0.0013964081257996914,gini,15,,4,2,random,"{'criterion': 'gini', 'max_depth': 15, 'max_features': None, 'min_samples_leaf': 4, 'min_samples_split': 2, 'splitter': 'random'}",0.4983240223463687,0.5957873620862588,0.5302013422818792,0.5544147843942505,0.5496342737722049,0.5456723569761925,0.03188999105340088,177
0.07551617622375488,0.005028187314587719,0.008816957473754883,0.0013675208611984655,entropy,,,1,20,random,"{'criterion': 'entropy', 'max_depth': None, 'max_features': None, 'min_samples_leaf': 1, 'min_samples_split': 20, 'splitter': 'random'}",0.5204386839481555,0.5578635014836796,0.5628042843232717,0.5399811853245532,0.5454545454545454,0.5453084401068411,0.01490395848559909,179
0.7930484771728515,0.016339117974364388,0.010386800765991211,0.001358264678177291,entropy,15,,1,5,best,"{'criterion': 'entropy', 'max_depth': 15, 'max_features': None, 'min_samples_leaf': 1, 'min_samples_split': 5, 'splitter': 'best'}",0.5271794871794871,0.5656192236598891,0.5747800586510264,0.5264187866927593,0.5325325325325325,0.5453060177431389,0.020638827260806892,180
0.7095011711120606,0.036181486324252846,0.008088064193725587,0.0003161399216879715,gini,20,,1,2,best,"{'criterion': 'gini', 'max_depth': 20, 'max_features': None, 'min_samples_leaf': 1, 'min_samples_split': 2, 'splitter': 'best'}",0.5353440150801131,0.5432780847145487,0.5754884547069272,0.5109628217349858,0.5613382899628253,0.5452823332398801,0.022139645752819615,181
0.07743248939514161,0.0023668830322656916,0.009054851531982423,0.001129874590419538,gini,20,,1,5,random,"{'criterion': 'gini', 'max_depth': 20, 'max_features': None, 'min_samples_leaf': 1, 'min_samples_split': 5, 'splitter': 'random'}",0.5318940137389597,0.5735567970204841,0.5735707591377694,0.5142314990512334,0.5326829268292683,0.545187199155543,0.024090585439795233,182
0.06903195381164551,0.001381911656689644,0.008620023727416992,0.000648994957027863,gini,,,4,20,random,"{'criterion': 'gini', 'max_depth': None, 'max_features': None, 'min_samples_leaf': 4, 'min_samples_split': 20, 'splitter': 'random'}",0.5101214574898786,0.5514485514485514,0.5526057030481809,0.5756676557863502,0.5360406091370559,0.5451767953820034,0.02161741323702558,183
0.08448672294616699,0.0480337028170441,0.010303640365600586,0.0015180476856629336,gini,10,,1,5,random,"{'criterion': 'gini', 'max_depth': 10, 'max_features': None, 'min_samples_leaf': 1, 'min_samples_split': 5, 'splitter': 'random'}",0.5448648648648649,0.5599128540305011,0.5049833887043189,0.5916069600818833,0.5231116121758738,0.5448959359714883,0.02991653977127997,184
1.0955055713653565,0.045410402806116856,0.011046075820922851,0.0018737870750708473,gini,25,,2,10,best,"{'criterion': 'gini', 'max_depth': 25, 'max_features': None, 'min_samples_leaf': 2, 'min_samples_split': 10, 'splitter': 'best'}",0.5292425695110259,0.5435801312089972,0.5641509433962264,0.5299313052011776,0.5575642245480494,0.5448938347730954,0.014155848417674083,185
0.8295315742492676,0.03667831253323524,0.00871119499206543,0.0008514173432564963,entropy,20,,1,10,best,"{'criterion': 'entropy', 'max_depth': 20, 'max_features': None, 'min_samples_leaf': 1, 'min_samples_split': 10, 'splitter': 'best'}",0.5380906460945034,0.5580524344569289,0.5527544351073763,0.5279383429672447,0.5472061657032755,0.5448084048658658,0.010714665135363701,186
0.08116474151611328,0.0037158933089443047,0.006522941589355469,0.001279753589922497,entropy,10,sqrt,1,20,best,"{'criterion': 'entropy', 'max_depth': 10, 'max_features': 'sqrt', 'min_samples_leaf': 1, 'min_samples_split': 20, 'splitter': 'best'}",0.5169769989047097,0.6245551601423488,0.49327354260089684,0.5578947368421052,0.5311827956989247,0.544776646837797,0.04504859249848347,187
0.8297518253326416,0.019629516591679667,0.009677362442016602,0.0011503873527231169,entropy,20,,4,5,best,"{'criterion': 'entropy', 'max_depth': 20, 'max_features': None, 'min_samples_leaf': 4, 'min_samples_split': 5, 'splitter': 'best'}",0.5228377065111759,0.567191844300278,0.5567010309278351,0.5434995112414467,0.5334645669291339,0.5447389319819739,0.01584636381636813,188
0.7556785583496094,0.013788454000855332,0.009096956253051758,0.0009699972220173845,entropy,20,,4,2,best,"{'criterion': 'entropy', 'max_depth': 20, 'max_features': None, 'min_samples_leaf': 4, 'min_samples_split': 2, 'splitter': 'best'}",0.5228377065111759,0.567191844300278,0.5567010309278351,0.5434995112414467,0.5334645669291339,0.5447389319819739,0.01584636381636813,188
0.08147268295288086,0.010838281537835491,0.009630298614501953,0.0014288989403968342,gini,25,,4,20,random,"{'criterion': 'gini', 'max_depth': 25, 'max_features': None, 'min_samples_leaf': 4, 'min_samples_split': 20, 'splitter': 'random'}",0.5101214574898786,0.5485485485485485,0.541871921182266,0.5868498527968596,0.5360406091370559,0.5446864778309217,0.024779342947394783,190
0.7628204345703125,0.014949978525658625,0.010356664657592773,0.0011544092978000185,entropy,15,,2,5,best,"{'criterion': 'entropy', 'max_depth': 15, 'max_features': None, 'min_samples_leaf': 2, 'min_samples_split': 5, 'splitter': 'best'}",0.5318039624608968,0.5662878787878788,0.5600794438927508,0.5320197044334976,0.5313131313131313,0.544300824177631,0.01554395722734647,191
0.6542696952819824,0.016086039757175315,0.008055639266967774,0.00027401879508090655,entropy,15,,1,2,best,"{'criterion': 'entropy', 'max_depth': 15, 'max_features': None, 'min_samples_leaf': 1, 'min_samples_split': 2, 'splitter': 'best'}",0.5349544072948328,0.5668849391955099,0.5555555555555556,0.5264187866927593,0.5349544072948328,0.5437536192066981,0.01503124974733252,192
0.7654118061065673,0.019272767319083,0.010808801651000977,0.0027527366027027675,gini,,,2,10,best,"{'criterion': 'gini', 'max_depth': None, 'max_features': None, 'min_samples_leaf': 2, 'min_samples_split': 10, 'splitter': 'best'}",0.5259042033235581,0.541089566020314,0.5641986879100281,0.5299313052011776,0.5575642245480494,0.5437375974006254,0.0150032500605934,193
0.12518820762634278,0.017391411226818216,0.012546443939208984,0.0025557096136498685,gini,25,,1,20,random,"{'criterion': 'gini', 'max_depth': 25, 'max_features': None, 'min_samples_leaf': 1, 'min_samples_split': 20, 'splitter': 'random'}",0.5430861723446894,0.5579150579150579,0.5491329479768786,0.5372549019607843,0.5312190287413281,0.5437216217877476,0.009265777619009787,194
0.8259289741516114,0.0128768250123718,0.010204887390136719,0.0022531807355073994,entropy,20,,2,2,best,"{'criterion': 'entropy', 'max_depth': 20, 'max_features': None, 'min_samples_leaf': 2, 'min_samples_split': 2, 'splitter': 'best'}",0.5341246290801187,0.549662487945998,0.5553470919324578,0.5314009661835749,0.5445829338446788,0.5430236217973657,0.00908462557147246,195
0.7756062507629394,0.02435841105526123,0.009196758270263672,0.0011863319238796135,gini,20,,2,5,best,"{'criterion': 'gini', 'max_depth': 20, 'max_features': None, 'min_samples_leaf': 2, 'min_samples_split': 5, 'splitter': 'best'}",0.5188118811881188,0.5454545454545454,0.5640535372848948,0.5236220472440944,0.5623800383877159,0.5428644099118738,0.018896244784676268,196
0.8878222942352295,0.02029697226739291,0.011982059478759766,0.002613167267486786,entropy,,,4,10,best,"{'criterion': 'entropy', 'max_depth': None, 'max_features': None, 'min_samples_leaf': 4, 'min_samples_split': 10, 'splitter': 'best'}",0.5365853658536586,0.5740913327120224,0.5427230046948357,0.5188770571151985,0.5419847328244275,0.5428522986400286,0.017836666111371094,197
0.9979962348937989,0.026833980458859395,0.01102151870727539,0.001115514875995377,gini,25,,1,5,best,"{'criterion': 'gini', 'max_depth': 25, 'max_features': None, 'min_samples_leaf': 1, 'min_samples_split': 5, 'splitter': 'best'}",0.5407407407407407,0.5381165919282511,0.5727190605239386,0.5122873345935728,0.5499092558983666,0.5427545967369739,0.019508352082377653,198
0.08340106010437012,0.013134595047315803,0.011397504806518554,0.0021080742245643343,entropy,25,,8,2,random,"{'criterion': 'entropy', 'max_depth': 25, 'max_features': None, 'min_samples_leaf': 8, 'min_samples_split': 2, 'splitter': 'random'}",0.5420944558521561,0.5666003976143141,0.5465116279069767,0.5233265720081136,0.5349301397205589,0.5426926386204239,0.014295624275335731,199
0.08220586776733399,0.010882341631416208,0.011252546310424804,0.0041618239092752075,entropy,25,,8,5,random,"{'criterion': 'entropy', 'max_depth': 25, 'max_features': None, 'min_samples_leaf': 8, 'min_samples_split': 5, 'splitter': 'random'}",0.5420944558521561,0.5666003976143141,0.5465116279069767,0.5233265720081136,0.5349301397205589,0.5426926386204239,0.014295624275335731,199
0.08587436676025391,0.012993424350643878,0.009586238861083984,0.0004715179977445232,entropy,25,,8,10,random,"{'criterion': 'entropy', 'max_depth': 25, 'max_features': None, 'min_samples_leaf': 8, 'min_samples_split': 10, 'splitter': 'random'}",0.5420944558521561,0.5666003976143141,0.5465116279069767,0.5233265720081136,0.5349301397205589,0.5426926386204239,0.014295624275335731,199
1.0378337860107423,0.044197663996571095,0.013353443145751953,0.0027550730387834125,gini,25,,1,10,best,"{'criterion': 'gini', 'max_depth': 25, 'max_features': None, 'min_samples_leaf': 1, 'min_samples_split': 10, 'splitter': 'best'}",0.5390334572490706,0.5390199637023594,0.5596412556053811,0.524904214559387,0.5501379944802208,0.5425473771192837,0.011712297955574246,202
0.7984416007995605,0.008119568162760472,0.012683486938476563,0.00260865543189634,entropy,20,,8,2,best,"{'criterion': 'entropy', 'max_depth': 20, 'max_features': None, 'min_samples_leaf': 8, 'min_samples_split': 2, 'splitter': 'best'}",0.5377643504531722,0.5590994371482176,0.5633802816901409,0.5188199389623601,0.532520325203252,0.5423168666914286,0.01669805596157401,203
0.8016776084899903,0.006092062879140007,0.009220600128173828,0.0005010000289700342,entropy,20,,8,5,best,"{'criterion': 'entropy', 'max_depth': 20, 'max_features': None, 'min_samples_leaf': 8, 'min_samples_split': 5, 'splitter': 'best'}",0.5377643504531722,0.5590994371482176,0.5633802816901409,0.5188199389623601,0.532520325203252,0.5423168666914286,0.01669805596157401,203
0.8193490028381347,0.018674352752911162,0.00906524658203125,0.0005085759818497383,entropy,20,,8,10,best,"{'criterion': 'entropy', 'max_depth': 20, 'max_features': None, 'min_samples_leaf': 8, 'min_samples_split': 10, 'splitter': 'best'}",0.5377643504531722,0.5590994371482176,0.5633802816901409,0.5188199389623601,0.532520325203252,0.5423168666914286,0.01669805596157401,203
0.08620476722717285,0.002091055853275749,0.0065441131591796875,0.0009028815202724842,entropy,15,sqrt,2,5,best,"{'criterion': 'entropy', 'max_depth': 15, 'max_features': 'sqrt', 'min_samples_leaf': 2, 'min_samples_split': 5, 'splitter': 'best'}",0.5365853658536586,0.5395833333333333,0.5705882352941176,0.5285996055226825,0.5357142857142857,0.5422141651436154,0.01463760349670664,206
0.1268474578857422,0.04193227969915366,0.011781406402587891,0.00278754383297498,gini,15,,2,2,random,"{'criterion': 'gini', 'max_depth': 15, 'max_features': None, 'min_samples_leaf': 2, 'min_samples_split': 2, 'splitter': 'random'}",0.5298969072164949,0.5742574257425742,0.5291113381001021,0.5439093484419264,0.5334665334665335,0.5421283105935262,0.016908739282052502,207
0.7891331195831299,0.013642539916441215,0.009605646133422852,0.001558933311846891,entropy,15,,4,2,best,"{'criterion': 'entropy', 'max_depth': 15, 'max_features': None, 'min_samples_leaf': 4, 'min_samples_split': 2, 'splitter': 'best'}",0.5220061412487206,0.5724976613657624,0.5589692765113974,0.5324027916251246,0.5243523316062176,0.5420456404714444,0.02010648788292778,208
0.7443840503692627,0.016074195972566548,0.009282636642456054,0.0006405930797306125,entropy,15,,4,5,best,"{'criterion': 'entropy', 'max_depth': 15, 'max_features': None, 'min_samples_leaf': 4, 'min_samples_split': 5, 'splitter': 'best'}",0.5220061412487206,0.5724976613657624,0.5589692765113974,0.5324027916251246,0.5243523316062176,0.5420456404714444,0.02010648788292778,208
0.07546744346618653,0.0042767648343704934,0.008103132247924805,0.00027272892910523835,gini,20,,2,10,random,"{'criterion': 'gini', 'max_depth': 20, 'max_features': None, 'min_samples_leaf': 2, 'min_samples_split': 10, 'splitter': 'random'}",0.5447154471544715,0.5546719681908548,0.5567410281280311,0.5307769929364279,0.522488038277512,0.5418786949374594,0.013355517994956273,210
0.875064754486084,0.01802116849975659,0.00835556983947754,0.00011814148456038824,gini,,,1,10,best,"{'criterion': 'gini', 'max_depth': None, 'max_features': None, 'min_samples_leaf': 1, 'min_samples_split': 10, 'splitter': 'best'}",0.5276995305164319,0.5342960288808665,0.5609318996415771,0.527831094049904,0.5585253456221199,0.5418567797421798,0.014805497668336465,211
0.09017043113708496,0.028317358555800448,0.00939955711364746,0.002333835367477167,gini,20,,4,20,random,"{'criterion': 'gini', 'max_depth': 20, 'max_features': None, 'min_samples_leaf': 4, 'min_samples_split': 20, 'splitter': 'random'}",0.49269311064718163,0.5609284332688588,0.5432835820895522,0.565922920892495,0.54638124362895,0.5418418581054075,0.02600953249143857,212
0.8185591697692871,0.016032608213969297,0.008750152587890626,0.0009723130053813384,entropy,,,1,10,best,"{'criterion': 'entropy', 'max_depth': None, 'max_features': None, 'min_samples_leaf': 1, 'min_samples_split': 10, 'splitter': 'best'}",0.5296367112810707,0.5606773283160865,0.5589600742804085,0.5229615745079662,0.5348189415041783,0.541410925977942,0.01550246319711989,213
0.07642121315002441,0.0030650022201092948,0.008218765258789062,0.00039369525098981975,entropy,20,,1,10,random,"{'criterion': 'entropy', 'max_depth': 20, 'max_features': None, 'min_samples_leaf': 1, 'min_samples_split': 10, 'splitter': 'random'}",0.5382323733862959,0.5666973321067157,0.5588516746411484,0.5239852398523985,0.5188118811881188,0.5413157002349355,0.018804314760543735,214
0.8756614685058594,0.018727167284995145,0.01022648811340332,0.000884520808237123,entropy,25,,1,10,best,"{'criterion': 'entropy', 'max_depth': 25, 'max_features': None, 'min_samples_leaf': 1, 'min_samples_split': 10, 'splitter': 'best'}",0.5324298160696999,0.5500945179584121,0.5608170844939647,0.5287569573283859,0.5338345864661654,0.5411865924633257,0.012246928664518025,215
0.07029047012329101,0.0032335590598912213,0.012669944763183593,0.004293047986683213,entropy,25,,8,20,random,"{'criterion': 'entropy', 'max_depth': 25, 'max_features': None, 'min_samples_leaf': 8, 'min_samples_split': 20, 'splitter': 'random'}",0.5242914979757085,0.5507246376811594,0.5504782146652497,0.5583657587548638,0.5204081632653061,0.5408536544684575,0.015421189340213276,216
0.7949416160583496,0.025667145700696163,0.00855860710144043,0.0007676660277557192,gini,20,,1,5,best,"{'criterion': 'gini', 'max_depth': 20, 'max_features': None, 'min_samples_leaf': 1, 'min_samples_split': 5, 'splitter': 'best'}",0.5178743961352656,0.5427509293680297,0.581981981981982,0.5129186602870813,0.5486561631139945,0.5408364261772707,0.02475652175348939,217
0.8030264377593994,0.030478645810374672,0.008736467361450196,0.00022754000688311344,gini,,,2,5,best,"{'criterion': 'gini', 'max_depth': None, 'max_features': None, 'min_samples_leaf': 2, 'min_samples_split': 5, 'splitter': 'best'}",0.5290697674418605,0.5449438202247191,0.5498084291187739,0.5284872298624754,0.5513928914505284,0.5407404276196714,0.009997172705425317,218
0.10232834815979004,0.012646396903910413,0.013290023803710938,0.003101924006981389,gini,15,,2,5,random,"{'criterion': 'gini', 'max_depth': 15, 'max_features': None, 'min_samples_leaf': 2, 'min_samples_split': 5, 'splitter': 'random'}",0.5501022494887525,0.572289156626506,0.5529290853031861,0.49724972497249725,0.530938123752495,0.5407016680286875,0.0253734043955513,219
0.8702715873718262,0.013807412268537048,0.009413433074951173,0.0012615960545162281,entropy,20,,1,5,best,"{'criterion': 'entropy', 'max_depth': 20, 'max_features': None, 'min_samples_leaf': 1, 'min_samples_split': 5, 'splitter': 'best'}",0.5371980676328503,0.5469767441860465,0.5544373284537969,0.5261158594491928,0.5386100386100386,0.540667607666385,0.009564884618535652,220
0.7962619304656983,0.020440244478180273,0.01142745018005371,0.0025496647534428026,gini,20,,1,10,best,"{'criterion': 'gini', 'max_depth': 20, 'max_features': None, 'min_samples_leaf': 1, 'min_samples_split': 10, 'splitter': 'best'}",0.5205741626794258,0.5493885230479775,0.5623293903548681,0.5224022878932316,0.5481758652946679,0.5405740458540341,0.016364509132537283,221
0.07823915481567383,0.007012963017410815,0.009686088562011719,0.0004407828269582933,entropy,,,8,10,random,"{'criterion': 'entropy', 'max_depth': None, 'max_features': None, 'min_samples_leaf': 8, 'min_samples_split': 10, 'splitter': 'random'}",0.5420944558521561,0.5666003976143141,0.5526057030481809,0.5233265720081136,0.5181451612903226,0.5405544579626175,0.018027599428433287,222
0.09467244148254395,0.016923665147563726,0.010458230972290039,0.0011899696323893758,entropy,,,8,5,random,"{'criterion': 'entropy', 'max_depth': None, 'max_features': None, 'min_samples_leaf': 8, 'min_samples_split': 5, 'splitter': 'random'}",0.5420944558521561,0.5666003976143141,0.5526057030481809,0.5233265720081136,0.5181451612903226,0.5405544579626175,0.018027599428433287,222
0.07926311492919921,0.0031182656553006356,0.011082887649536133,0.001715545507339584,entropy,,,8,2,random,"{'criterion': 'entropy', 'max_depth': None, 'max_features': None, 'min_samples_leaf': 8, 'min_samples_split': 2, 'splitter': 'random'}",0.5420944558521561,0.5666003976143141,0.5526057030481809,0.5233265720081136,0.5181451612903226,0.5405544579626175,0.018027599428433287,222
0.06779732704162597,0.0064430110047894945,0.010182714462280274,0.002073810470097483,entropy,15,,8,2,random,"{'criterion': 'entropy', 'max_depth': 15, 'max_features': None, 'min_samples_leaf': 8, 'min_samples_split': 2, 'splitter': 'random'}",0.5153508771929824,0.5720122574055159,0.5454545454545454,0.5472837022132797,0.5195094760312151,0.5399221716595077,0.02066397614043486,225
0.07990403175354004,0.016443662504607933,0.013148117065429687,0.005955006048252524,entropy,15,,8,10,random,"{'criterion': 'entropy', 'max_depth': 15, 'max_features': None, 'min_samples_leaf': 8, 'min_samples_split': 10, 'splitter': 'random'}",0.5153508771929824,0.5720122574055159,0.5454545454545454,0.5472837022132797,0.5195094760312151,0.5399221716595077,0.02066397614043486,225
0.06191530227661133,0.0038276204421783516,0.010008668899536133,0.002264896725705301,entropy,15,,8,5,random,"{'criterion': 'entropy', 'max_depth': 15, 'max_features': None, 'min_samples_leaf': 8, 'min_samples_split': 5, 'splitter': 'random'}",0.5153508771929824,0.5720122574055159,0.5454545454545454,0.5472837022132797,0.5195094760312151,0.5399221716595077,0.02066397614043486,225
0.07126474380493164,0.004954283579066795,0.008881711959838867,0.0012691466002801395,gini,20,,4,10,random,"{'criterion': 'gini', 'max_depth': 20, 'max_features': None, 'min_samples_leaf': 4, 'min_samples_split': 10, 'splitter': 'random'}",0.5562248995983936,0.5577841451766953,0.544256120527307,0.5284147557328016,0.5129224652087475,0.539920477248789,0.01711734152460032,228
0.8288029670715332,0.018395543392608415,0.009120464324951172,0.0007750720101909751,entropy,20,,2,5,best,"{'criterion': 'entropy', 'max_depth': 20, 'max_features': None, 'min_samples_leaf': 2, 'min_samples_split': 5, 'splitter': 'best'}",0.5193260654112983,0.5578747628083491,0.555765595463138,0.5344995140913509,0.5307692307692308,0.5396470337086734,0.014901759875591022,229
0.10764460563659668,0.01381554351566373,0.011576461791992187,0.003368562601350234,gini,25,,1,2,random,"{'criterion': 'gini', 'max_depth': 25, 'max_features': None, 'min_samples_leaf': 1, 'min_samples_split': 2, 'splitter': 'random'}",0.5188042430086789,0.5332120109190173,0.5471014492753623,0.5385996409335727,0.5580969807868252,0.5391628649846913,0.013203978460703347,230
0.9828977584838867,0.026389652794383593,0.011652326583862305,0.002055627449605008,entropy,25,,4,2,best,"{'criterion': 'entropy', 'max_depth': 25, 'max_features': None, 'min_samples_leaf': 4, 'min_samples_split': 2, 'splitter': 'best'}",0.5202312138728323,0.5735430157261795,0.5440900562851783,0.5296367112810707,0.5271317829457365,0.5389265560221995,0.018973111092936194,231
1.0696181297302245,0.016549264632139404,0.01507101058959961,0.006695683348536617,entropy,25,,4,5,best,"{'criterion': 'entropy', 'max_depth': 25, 'max_features': None, 'min_samples_leaf': 4, 'min_samples_split': 5, 'splitter': 'best'}",0.5202312138728323,0.5735430157261795,0.5440900562851783,0.5296367112810707,0.5271317829457365,0.5389265560221995,0.018973111092936194,231
0.10037636756896973,0.003788268157073282,0.009705162048339844,0.0012089421149564308,entropy,25,,1,2,random,"{'criterion': 'entropy', 'max_depth': 25, 'max_features': None, 'min_samples_leaf': 1, 'min_samples_split': 2, 'splitter': 'random'}",0.5369649805447471,0.6037037037037037,0.5251396648044693,0.5114995400183993,0.5167910447761194,0.5388197867694877,0.03356238989162158,233
0.0748809814453125,0.006713442827286924,0.008232641220092773,0.0003694429061288777,gini,20,,1,2,random,"{'criterion': 'gini', 'max_depth': 20, 'max_features': None, 'min_samples_leaf': 1, 'min_samples_split': 2, 'splitter': 'random'}",0.5209756097560976,0.559576345984113,0.5281954887218046,0.5296981499513145,0.5554569653948536,0.5387805119616367,0.015634048554509325,234
0.8847704410552979,0.031535655669116175,0.009175586700439452,0.0004920140279553903,gini,,,1,5,best,"{'criterion': 'gini', 'max_depth': None, 'max_features': None, 'min_samples_leaf': 1, 'min_samples_split': 5, 'splitter': 'best'}",0.5282296650717704,0.5264100268576545,0.5716862037871957,0.5122873345935728,0.5545454545454546,0.5386317369711296,0.02143569461462667,235
0.8303660392761231,0.018914845191108694,0.009925079345703126,0.0012921425431728598,entropy,,,2,10,best,"{'criterion': 'entropy', 'max_depth': None, 'max_features': None, 'min_samples_leaf': 2, 'min_samples_split': 10, 'splitter': 'best'}",0.533462657613967,0.55311004784689,0.5440900562851783,0.5189393939393939,0.5424044734389561,0.5384013258248771,0.011557599967151938,236
0.9343728065490723,0.031247719281173984,0.010473394393920898,0.0010011029440810885,entropy,,,4,5,best,"{'criterion': 'entropy', 'max_depth': None, 'max_features': None, 'min_samples_leaf': 4, 'min_samples_split': 5, 'splitter': 'best'}",0.5222437137330754,0.574585635359116,0.5406922357343311,0.5177372962607862,0.5361216730038023,0.5382761108182222,0.020038670085675746,237
0.9654220104217529,0.01757658294778327,0.009146976470947265,0.0003496307915582443,entropy,,,4,2,best,"{'criterion': 'entropy', 'max_depth': None, 'max_features': None, 'min_samples_leaf': 4, 'min_samples_split': 2, 'splitter': 'best'}",0.5222437137330754,0.574585635359116,0.5406922357343311,0.5177372962607862,0.5361216730038023,0.5382761108182222,0.020038670085675746,237
0.8874619960784912,0.054599730545740986,0.009438371658325196,0.0008850537178207926,gini,25,,1,2,best,"{'criterion': 'gini', 'max_depth': 25, 'max_features': None, 'min_samples_leaf': 1, 'min_samples_split': 2, 'splitter': 'best'}",0.519742883379247,0.5438282647584973,0.5622775800711743,0.5271028037383177,0.5380434782608695,0.5381990020416212,0.01466454662901749,239
0.07110514640808105,0.0018123970031497408,0.00818476676940918,0.000552154608075376,gini,20,,1,20,random,"{'criterion': 'gini', 'max_depth': 20, 'max_features': None, 'min_samples_leaf': 1, 'min_samples_split': 20, 'splitter': 'random'}",0.5229268292682927,0.549800796812749,0.5319148936170213,0.54296875,0.5411298315163529,0.5377482202428832,0.00935580202513861,240
0.7748066425323487,0.04370393420897579,0.010849857330322265,0.004475812455503865,entropy,20,,1,2,best,"{'criterion': 'entropy', 'max_depth': 20, 'max_features': None, 'min_samples_leaf': 1, 'min_samples_split': 2, 'splitter': 'best'}",0.5330739299610895,0.5498602050326188,0.5416285452881976,0.5310410697230181,0.5330776605944392,0.5377362821198727,0.007076798295478633,241
0.07998995780944824,0.010209494679363188,0.008839702606201172,0.001459988103085772,entropy,20,,2,10,random,"{'criterion': 'entropy', 'max_depth': 20, 'max_features': None, 'min_samples_leaf': 2, 'min_samples_split': 10, 'splitter': 'random'}",0.5183714001986097,0.5784037558685446,0.5302593659942363,0.5505154639175258,0.5109211775878443,0.537694232713352,0.024360192221701854,242
1.1885086059570313,0.02830686468414565,0.009552383422851562,0.00028020943576683615,gini,25,,2,5,best,"{'criterion': 'gini', 'max_depth': 25, 'max_features': None, 'min_samples_leaf': 2, 'min_samples_split': 5, 'splitter': 'best'}",0.5106796116504855,0.5502347417840375,0.5547024952015355,0.5284872298624754,0.5433526011560693,0.5374913359309207,0.016080518096113383,243
0.07086386680603027,0.00361299395073474,0.008249759674072266,0.0007389347604605622,entropy,15,,1,5,random,"{'criterion': 'entropy', 'max_depth': 15, 'max_features': None, 'min_samples_leaf': 1, 'min_samples_split': 5, 'splitter': 'random'}",0.5322245322245323,0.5528134254689042,0.5491803278688525,0.5261044176706827,0.526775956284153,0.537419731903425,0.011345429162200812,244
1.2510270595550537,0.03318483907168687,0.015276432037353516,0.004955062923331252,gini,25,,2,2,best,"{'criterion': 'gini', 'max_depth': 25, 'max_features': None, 'min_samples_leaf': 2, 'min_samples_split': 2, 'splitter': 'best'}",0.5315227934044617,0.5353159851301115,0.5517241379310345,0.5079681274900398,0.5580524344569289,0.5369166956825152,0.017525158235723013,245
1.0548895359039308,0.016103092882516348,0.014297819137573243,0.002415816474620182,entropy,25,,4,10,best,"{'criterion': 'entropy', 'max_depth': 25, 'max_features': None, 'min_samples_leaf': 4, 'min_samples_split': 10, 'splitter': 'best'}",0.524975514201763,0.5716963448922212,0.5393258426966292,0.5238095238095238,0.5241379310344828,0.536789031326924,0.018401266766946086,246
0.08048348426818848,0.002741342775295587,0.009181356430053711,0.001178908669931899,entropy,20,,1,5,random,"{'criterion': 'entropy', 'max_depth': 20, 'max_features': None, 'min_samples_leaf': 1, 'min_samples_split': 5, 'splitter': 'random'}",0.5399610136452242,0.5473098330241187,0.5108910891089109,0.5365402405180388,0.548418024928092,0.5366240402448769,0.01361331282284857,247
0.8653908252716065,0.02264978122278939,0.010645818710327149,0.0012169613281972993,entropy,25,,2,10,best,"{'criterion': 'entropy', 'max_depth': 25, 'max_features': None, 'min_samples_leaf': 2, 'min_samples_split': 10, 'splitter': 'best'}",0.5335968379446641,0.5507246376811594,0.5418994413407822,0.5216572504708098,0.5341018251681076,0.5363959985211046,0.009653258604687711,248
0.07942876815795899,0.006577799919678466,0.00861983299255371,0.0012500843042600688,gini,,,1,2,random,"{'criterion': 'gini', 'max_depth': None, 'max_features': None, 'min_samples_leaf': 1, 'min_samples_split': 2, 'splitter': 'random'}",0.5246853823814134,0.5632730732635585,0.5251396648044693,0.5350553505535055,0.5335753176043557,0.5363457577214604,0.014113551522847136,249
0.06798505783081055,0.007124270124786662,0.010605096817016602,0.002802233978996675,gini,20,,8,2,random,"{'criterion': 'gini', 'max_depth': 20, 'max_features': None, 'min_samples_leaf': 8, 'min_samples_split': 2, 'splitter': 'random'}",0.5349544072948328,0.5522682445759369,0.5491388044579534,0.5364372469635628,0.5084388185654009,0.5362475043715373,0.015478248241841342,250
0.06371994018554687,0.005965418548575151,0.008507347106933594,0.0006905739813001053,gini,20,,8,5,random,"{'criterion': 'gini', 'max_depth': 20, 'max_features': None, 'min_samples_leaf': 8, 'min_samples_split': 5, 'splitter': 'random'}",0.5349544072948328,0.5522682445759369,0.5491388044579534,0.5364372469635628,0.5084388185654009,0.5362475043715373,0.015478248241841342,250
0.06493406295776367,0.009294039255216177,0.008758115768432616,0.0012894778638374103,gini,20,,8,10,random,"{'criterion': 'gini', 'max_depth': 20, 'max_features': None, 'min_samples_leaf': 8, 'min_samples_split': 10, 'splitter': 'random'}",0.5349544072948328,0.5522682445759369,0.5491388044579534,0.5364372469635628,0.5084388185654009,0.5362475043715373,0.015478248241841342,250
0.769959831237793,0.03343639015688316,0.009766483306884765,0.0008836832952825037,entropy,,,1,2,best,"{'criterion': 'entropy', 'max_depth': None, 'max_features': None, 'min_samples_leaf': 1, 'min_samples_split': 2, 'splitter': 'best'}",0.5216554379210779,0.5493087557603686,0.5504587155963303,0.5255338904363974,0.5333333333333333,0.5360580266095015,0.011904432980130998,253
0.09599928855895996,0.003595907779281576,0.006275463104248047,0.00076215491190265,entropy,20,sqrt,4,20,best,"{'criterion': 'entropy', 'max_depth': 20, 'max_features': 'sqrt', 'min_samples_leaf': 4, 'min_samples_split': 20, 'splitter': 'best'}",0.5523255813953488,0.5816135084427767,0.4884422110552764,0.5552178318135765,0.5020491803278688,0.5359296626069694,0.035016620422155205,254
0.9724876403808593,0.014879083955478985,0.009654760360717773,0.0014920050131319964,entropy,25,,1,2,best,"{'criterion': 'entropy', 'max_depth': 25, 'max_features': None, 'min_samples_leaf': 1, 'min_samples_split': 2, 'splitter': 'best'}",0.5319351763584366,0.5550416281221091,0.542649727767695,0.5308755760368664,0.5181058495821727,0.535721591573456,0.012404822094911951,255
0.9693089962005615,0.02798789094967014,0.009223270416259765,0.0012417621338901084,entropy,25,,1,5,best,"{'criterion': 'entropy', 'max_depth': 25, 'max_features': None, 'min_samples_leaf': 1, 'min_samples_split': 5, 'splitter': 'best'}",0.5206532180595581,0.5573159366262814,0.5469613259668509,0.5273909006499535,0.5238540692235735,0.5352350901052436,0.014344046342952969,256
0.09448604583740235,0.020214895890387028,0.010967206954956055,0.0030961957199898125,gini,25,,8,2,random,"{'criterion': 'gini', 'max_depth': 25, 'max_features': None, 'min_samples_leaf': 8, 'min_samples_split': 2, 'splitter': 'random'}",0.5512953367875648,0.5566801619433198,0.5330700888450148,0.5217391304347826,0.5126646403242148,0.5350898716669794,0.016816483276027996,257
0.07209315299987792,0.0041969414251037,0.010472631454467774,0.002757053004888681,gini,25,,8,10,random,"{'criterion': 'gini', 'max_depth': 25, 'max_features': None, 'min_samples_leaf': 8, 'min_samples_split': 10, 'splitter': 'random'}",0.5512953367875648,0.5566801619433198,0.5330700888450148,0.5217391304347826,0.5126646403242148,0.5350898716669794,0.016816483276027996,257
0.07461347579956054,0.008642943399884482,0.011870622634887695,0.0058357864626634075,gini,25,,8,5,random,"{'criterion': 'gini', 'max_depth': 25, 'max_features': None, 'min_samples_leaf': 8, 'min_samples_split': 5, 'splitter': 'random'}",0.5512953367875648,0.5566801619433198,0.5330700888450148,0.5217391304347826,0.5126646403242148,0.5350898716669794,0.016816483276027996,257
0.8174040794372559,0.018431691997933583,0.010929346084594727,0.003263798456579783,gini,,,2,2,best,"{'criterion': 'gini', 'max_depth': None, 'max_features': None, 'min_samples_leaf': 2, 'min_samples_split': 2, 'splitter': 'best'}",0.5188770571151985,0.5427230046948357,0.5517241379310345,0.5079681274900398,0.5527544351073763,0.5348093524676969,0.018138639658409905,260
0.8629672527313232,0.01097491054760432,0.010004425048828125,0.0018654613550735852,entropy,25,,2,2,best,"{'criterion': 'entropy', 'max_depth': 25, 'max_features': None, 'min_samples_leaf': 2, 'min_samples_split': 2, 'splitter': 'best'}",0.5167652859960552,0.5503355704697986,0.5437616387337058,0.5260170293282876,0.5370892018779343,0.5347937452811563,0.01207722361530311,261
0.06988711357116699,0.002644050520724759,0.010335636138916016,0.001983723973474941,entropy,15,,4,10,random,"{'criterion': 'entropy', 'max_depth': 15, 'max_features': None, 'min_samples_leaf': 4, 'min_samples_split': 10, 'splitter': 'random'}",0.5095541401273885,0.5694581280788177,0.547112462006079,0.5158469945355191,0.5317796610169492,0.5347502771529508,0.021718482935914243,262
0.08230853080749512,0.006434429285515245,0.008250951766967773,0.000286877416608221,entropy,,,1,10,random,"{'criterion': 'entropy', 'max_depth': None, 'max_features': None, 'min_samples_leaf': 1, 'min_samples_split': 10, 'splitter': 'random'}",0.5406427221172023,0.5509433962264151,0.5495750708215298,0.519774011299435,0.5124760076775432,0.5346822416284251,0.01572972342868962,263
0.7965188503265381,0.028692762432603186,0.009935092926025391,0.0007877490623130751,gini,,,1,2,best,"{'criterion': 'gini', 'max_depth': None, 'max_features': None, 'min_samples_leaf': 1, 'min_samples_split': 2, 'splitter': 'best'}",0.5198156682027649,0.5336927223719676,0.5660377358490566,0.5126286248830683,0.54,0.5344349502613714,0.018544519255822962,264
0.8436404705047608,0.015123397546813255,0.008615064620971679,0.0007464595872508866,entropy,,,1,5,best,"{'criterion': 'entropy', 'max_depth': None, 'max_features': None, 'min_samples_leaf': 1, 'min_samples_split': 5, 'splitter': 'best'}",0.5176695319961796,0.544256120527307,0.5500910746812386,0.5187265917602997,0.5405405405405406,0.5342567719011131,0.013464923977985491,265
0.06851906776428222,0.005952404889226,0.010202980041503907,0.0019024006357226222,entropy,20,,8,5,random,"{'criterion': 'entropy', 'max_depth': 20, 'max_features': None, 'min_samples_leaf': 8, 'min_samples_split': 5, 'splitter': 'random'}",0.5037037037037037,0.5644051130776795,0.5388496468213926,0.5399792315680166,0.5243296921549155,0.5342534774651415,0.019973984853642476,266
0.07429008483886719,0.0029082152209436575,0.009652233123779297,0.0013382822400164079,entropy,20,,8,2,random,"{'criterion': 'entropy', 'max_depth': 20, 'max_features': None, 'min_samples_leaf': 8, 'min_samples_split': 2, 'splitter': 'random'}",0.5037037037037037,0.5644051130776795,0.5388496468213926,0.5399792315680166,0.5243296921549155,0.5342534774651415,0.019973984853642476,266
0.06738219261169434,0.0015741888129682116,0.00922250747680664,0.0004985427011791464,entropy,20,,8,10,random,"{'criterion': 'entropy', 'max_depth': 20, 'max_features': None, 'min_samples_leaf': 8, 'min_samples_split': 10, 'splitter': 'random'}",0.5037037037037037,0.5644051130776795,0.5388496468213926,0.5399792315680166,0.5243296921549155,0.5342534774651415,0.019973984853642476,266
0.08663997650146485,0.012505349602684967,0.010279560089111328,0.0013969031151514328,entropy,,,8,20,random,"{'criterion': 'entropy', 'max_depth': None, 'max_features': None, 'min_samples_leaf': 8, 'min_samples_split': 20, 'splitter': 'random'}",0.5220966084275437,0.5285714285714286,0.5540950455005056,0.5226130653266332,0.5431372549019607,0.5341026805456144,0.012554441160612495,269
0.09074296951293945,0.002628480633535348,0.005934572219848633,0.0006655495969065601,entropy,15,sqrt,1,5,best,"{'criterion': 'entropy', 'max_depth': 15, 'max_features': 'sqrt', 'min_samples_leaf': 1, 'min_samples_split': 5, 'splitter': 'best'}",0.5,0.5647517039922103,0.5526315789473685,0.5360824742268041,0.5164506480558325,0.533983281044443,0.023499438663273347,270
0.1894298553466797,0.07251895660813375,0.015269899368286132,0.0038125311620338205,gini,25,,4,5,random,"{'criterion': 'gini', 'max_depth': 25, 'max_features': None, 'min_samples_leaf': 4, 'min_samples_split': 5, 'splitter': 'random'}",0.5270684371807968,0.574199806013579,0.5168107588856868,0.5247225025227044,0.5231071779744346,0.5331817365154403,0.02078902947327262,271
0.15310544967651368,0.031041771887888377,0.018396329879760743,0.0037072920256464186,gini,25,,4,2,random,"{'criterion': 'gini', 'max_depth': 25, 'max_features': None, 'min_samples_leaf': 4, 'min_samples_split': 2, 'splitter': 'random'}",0.5270684371807968,0.574199806013579,0.5168107588856868,0.5247225025227044,0.5231071779744346,0.5331817365154403,0.02078902947327262,271
0.10184054374694824,0.006468201813747773,0.011795616149902344,0.003174301522510803,gini,25,,4,10,random,"{'criterion': 'gini', 'max_depth': 25, 'max_features': None, 'min_samples_leaf': 4, 'min_samples_split': 10, 'splitter': 'random'}",0.5522682445759369,0.5258883248730964,0.5640535372848948,0.5295829291949563,0.49407114624505927,0.5331728364347887,0.024137713294541334,273
0.09273719787597656,0.009089785973264167,0.012616157531738281,0.0035132164622804114,gini,,,1,20,random,"{'criterion': 'gini', 'max_depth': None, 'max_features': None, 'min_samples_leaf': 1, 'min_samples_split': 20, 'splitter': 'random'}",0.547808764940239,0.5514563106796116,0.5422396856581533,0.5188866799204771,0.5050301810865191,0.533084324457,0.018037559339715663,274
0.08243532180786133,0.0021423634734002318,0.006223487854003906,0.0011001002322463685,entropy,15,sqrt,4,20,best,"{'criterion': 'entropy', 'max_depth': 15, 'max_features': 'sqrt', 'min_samples_leaf': 4, 'min_samples_split': 20, 'splitter': 'best'}",0.5383806519453207,0.563297350343474,0.4766050054406964,0.5483870967741935,0.537864077669903,0.5329068364347175,0.02962314927891203,275
0.08077239990234375,0.005594062952312616,0.009525108337402343,0.001641033340396649,entropy,,,2,10,random,"{'criterion': 'entropy', 'max_depth': None, 'max_features': None, 'min_samples_leaf': 2, 'min_samples_split': 10, 'splitter': 'random'}",0.5187376725838264,0.5684608120868744,0.5478180129990715,0.5114885114885115,0.5174035747883349,0.5327817167893237,0.021845874054338292,276
0.09054751396179199,0.004217482975789594,0.006159448623657226,0.0006106033886022467,entropy,20,log2,1,20,best,"{'criterion': 'entropy', 'max_depth': 20, 'max_features': 'log2', 'min_samples_leaf': 1, 'min_samples_split': 20, 'splitter': 'best'}",0.5609514370664024,0.5637450199203188,0.5224171539961013,0.4924924924924925,0.5220061412487206,0.5323224489448071,0.026825224812001038,277
0.8681612014770508,0.006520277058603161,0.008752250671386718,0.0004271899605813973,entropy,25,,2,5,best,"{'criterion': 'entropy', 'max_depth': 25, 'max_features': None, 'min_samples_leaf': 2, 'min_samples_split': 5, 'splitter': 'best'}",0.5174129353233831,0.5500485908649174,0.543778801843318,0.5250236071765817,0.5244360902255639,0.5321400050867529,0.012514463965619983,278
0.8049243450164795,0.00874153984087093,0.008690118789672852,0.00034963324977843683,entropy,,,2,2,best,"{'criterion': 'entropy', 'max_depth': None, 'max_features': None, 'min_samples_leaf': 2, 'min_samples_split': 2, 'splitter': 'best'}",0.514792899408284,0.5421455938697318,0.5429616087751371,0.5219047619047619,0.5378927911275416,0.5319395310170913,0.011452465146552916,279
0.1088791847229004,0.009119868257280322,0.011492633819580078,0.003311300036349036,gini,15,sqrt,1,10,best,"{'criterion': 'gini', 'max_depth': 15, 'max_features': 'sqrt', 'min_samples_leaf': 1, 'min_samples_split': 10, 'splitter': 'best'}",0.48326359832635984,0.5756457564575646,0.5700389105058365,0.49606299212598426,0.5344827586206896,0.531898803207287,0.037482606736111285,280
0.08889780044555665,0.006206686162393343,0.008473014831542969,0.0004075397393652535,entropy,,,1,5,random,"{'criterion': 'entropy', 'max_depth': None, 'max_features': None, 'min_samples_leaf': 1, 'min_samples_split': 5, 'splitter': 'random'}",0.5499021526418787,0.5481481481481482,0.5381750465549349,0.5159474671669794,0.5072324011571842,0.531881043133825,0.017265155469309193,281
0.07554941177368164,0.0026627011674892325,0.009372806549072266,0.002771058037086271,entropy,20,,2,5,random,"{'criterion': 'entropy', 'max_depth': 20, 'max_features': None, 'min_samples_leaf': 2, 'min_samples_split': 5, 'splitter': 'random'}",0.49105367793240556,0.5684007707129094,0.5371428571428571,0.5053868756121449,0.5570599613152805,0.5318088285431195,0.029543675117107492,282
0.0715789794921875,0.0036281821441466046,0.006869268417358398,0.0006944606736824832,gini,10,sqrt,1,20,best,"{'criterion': 'gini', 'max_depth': 10, 'max_features': 'sqrt', 'min_samples_leaf': 1, 'min_samples_split': 20, 'splitter': 'best'}",0.5460674157303371,0.5696846388606307,0.5754812563323202,0.43757431629013077,0.5293466223698782,0.5316308499166593,0.049862235492659904,283
0.11871743202209473,0.020362965556295094,0.009894323348999024,0.001039535401713558,gini,25,,1,10,random,"{'criterion': 'gini', 'max_depth': 25, 'max_features': None, 'min_samples_leaf': 1, 'min_samples_split': 10, 'splitter': 'random'}",0.5172754195459033,0.5833333333333334,0.5244019138755981,0.5033492822966508,0.5294117647058824,0.5315543427514735,0.02733578178268555,284
0.09208540916442871,0.008393614884453782,0.011043787002563477,0.0041541754568925025,gini,,,1,10,random,"{'criterion': 'gini', 'max_depth': None, 'max_features': None, 'min_samples_leaf': 1, 'min_samples_split': 10, 'splitter': 'random'}",0.5252918287937743,0.5510009532888466,0.5191740412979351,0.5279091769157994,0.5293005671077504,0.5305353134808211,0.01080588952278067,285
0.07752656936645508,0.004103753085316148,0.00802474021911621,0.0006391294351969597,entropy,,,1,2,random,"{'criterion': 'entropy', 'max_depth': None, 'max_features': None, 'min_samples_leaf': 1, 'min_samples_split': 2, 'splitter': 'random'}",0.5290806754221389,0.5402843601895735,0.5489833641404805,0.527306967984934,0.5070159027128157,0.5305342540899884,0.014149737443896273,286
0.07229375839233398,0.00632283644614013,0.010536861419677735,0.002105606125417584,entropy,20,,4,10,random,"{'criterion': 'entropy', 'max_depth': 20, 'max_features': None, 'min_samples_leaf': 4, 'min_samples_split': 10, 'splitter': 'random'}",0.5004965243296922,0.5361216730038023,0.5321637426900585,0.52734375,0.5553435114503816,0.5302938402947869,0.01767217737307224,287
0.80992431640625,0.017601718247205925,0.008817815780639648,0.0003854667531946364,entropy,,,2,5,best,"{'criterion': 'entropy', 'max_depth': None, 'max_features': None, 'min_samples_leaf': 2, 'min_samples_split': 5, 'splitter': 'best'}",0.5243296921549155,0.5404878048780488,0.5383903792784459,0.5208131655372701,0.5257352941176471,0.5299512671932655,0.007938748968578638,288
0.053751039505004886,0.0059434430082732186,0.007797670364379883,0.0005889999703374412,entropy,15,,1,2,random,"{'criterion': 'entropy', 'max_depth': 15, 'max_features': None, 'min_samples_leaf': 1, 'min_samples_split': 2, 'splitter': 'random'}",0.4897959183673469,0.5477178423236515,0.5607476635514018,0.522633744855967,0.528032619775739,0.5297855577748212,0.024222350434485583,289
0.09496579170227051,0.009796259513941384,0.009158945083618164,0.0009381277042259511,gini,,,4,2,random,"{'criterion': 'gini', 'max_depth': None, 'max_features': None, 'min_samples_leaf': 4, 'min_samples_split': 2, 'splitter': 'random'}",0.5435897435897435,0.5463510848126233,0.5083415112855741,0.5354330708661418,0.5151219512195122,0.529767472354719,0.015308386510664547,290
0.08311514854431153,0.00887183249239757,0.013229560852050782,0.003227173095749443,gini,,,4,5,random,"{'criterion': 'gini', 'max_depth': None, 'max_features': None, 'min_samples_leaf': 4, 'min_samples_split': 5, 'splitter': 'random'}",0.5435897435897435,0.5463510848126233,0.5083415112855741,0.5354330708661418,0.5151219512195122,0.529767472354719,0.015308386510664547,290
0.07167015075683594,0.01359012611578403,0.008859634399414062,0.00025651392766886245,entropy,10,,4,2,random,"{'criterion': 'entropy', 'max_depth': 10, 'max_features': None, 'min_samples_leaf': 4, 'min_samples_split': 2, 'splitter': 'random'}",0.44582814445828145,0.5746421267893661,0.5674876847290641,0.528555431131019,0.532293986636971,0.5297614747489402,0.045804392667931626,292
0.05456266403198242,0.00476838505409245,0.009710168838500977,0.001572003919045389,entropy,10,,4,5,random,"{'criterion': 'entropy', 'max_depth': 10, 'max_features': None, 'min_samples_leaf': 4, 'min_samples_split': 5, 'splitter': 'random'}",0.44582814445828145,0.5746421267893661,0.5674876847290641,0.528555431131019,0.532293986636971,0.5297614747489402,0.045804392667931626,292
0.0877298355102539,0.02529432675814335,0.008368444442749024,0.00032812382046675204,gini,,,8,10,random,"{'criterion': 'gini', 'max_depth': None, 'max_features': None, 'min_samples_leaf': 8, 'min_samples_split': 10, 'splitter': 'random'}",0.5291005291005291,0.5566801619433198,0.5120167189132706,0.5380811078140455,0.5126646403242148,0.5297086316190761,0.016741762205867945,294
0.07507052421569824,0.01032420163940083,0.008917140960693359,0.0009965206925470016,gini,,,8,5,random,"{'criterion': 'gini', 'max_depth': None, 'max_features': None, 'min_samples_leaf': 8, 'min_samples_split': 5, 'splitter': 'random'}",0.5291005291005291,0.5566801619433198,0.5120167189132706,0.5380811078140455,0.5126646403242148,0.5297086316190761,0.016741762205867945,294
0.06712193489074707,0.0073073524627908695,0.008773994445800782,0.0010930174193845192,gini,,,8,2,random,"{'criterion': 'gini', 'max_depth': None, 'max_features': None, 'min_samples_leaf': 8, 'min_samples_split': 2, 'splitter': 'random'}",0.5291005291005291,0.5566801619433198,0.5120167189132706,0.5380811078140455,0.5126646403242148,0.5297086316190761,0.016741762205867945,294
0.06519231796264649,0.0018465773782024525,0.0065539836883544925,0.000647917262595851,gini,10,sqrt,8,20,best,"{'criterion': 'gini', 'max_depth': 10, 'max_features': 'sqrt', 'min_samples_leaf': 8, 'min_samples_split': 20, 'splitter': 'best'}",0.5708622398414271,0.495114006514658,0.4942408376963351,0.5482796892341842,0.5397170837867247,0.5296427714146659,0.03030974618660859,297
0.08049116134643555,0.011500706713663388,0.010513973236083985,0.0015629716146057047,entropy,15,,4,5,random,"{'criterion': 'entropy', 'max_depth': 15, 'max_features': None, 'min_samples_leaf': 4, 'min_samples_split': 5, 'splitter': 'random'}",0.52,0.5397784491440081,0.5145413870246085,0.5632411067193676,0.5105042016806722,0.5296130289137313,0.019590280129253592,298
0.06301636695861816,0.001827377134255391,0.008712434768676757,0.0008052098865069468,entropy,15,,4,2,random,"{'criterion': 'entropy', 'max_depth': 15, 'max_features': None, 'min_samples_leaf': 4, 'min_samples_split': 2, 'splitter': 'random'}",0.52,0.5397784491440081,0.5145413870246085,0.5632411067193676,0.5105042016806722,0.5296130289137313,0.019590280129253592,298
0.13280010223388672,0.0476372505474631,0.010859441757202149,0.0022995845753077367,entropy,25,,4,10,random,"{'criterion': 'entropy', 'max_depth': 25, 'max_features': None, 'min_samples_leaf': 4, 'min_samples_split': 10, 'splitter': 'random'}",0.5182266009852217,0.5444234404536862,0.5227492739593417,0.5114503816793893,0.5461613216715258,0.5286022037498329,0.014104815299924025,300
0.0803907871246338,0.0020556965799124866,0.005920839309692383,0.000754337506473993,entropy,15,log2,1,5,best,"{'criterion': 'entropy', 'max_depth': 15, 'max_features': 'log2', 'min_samples_leaf': 1, 'min_samples_split': 5, 'splitter': 'best'}",0.5240641711229946,0.574199806013579,0.5191919191919192,0.4989339019189765,0.5260223048327137,0.5284824206160366,0.024799519349130862,301
0.06293864250183105,0.008459941278607667,0.01062459945678711,0.0021730949275278757,entropy,10,,8,20,random,"{'criterion': 'entropy', 'max_depth': 10, 'max_features': None, 'min_samples_leaf': 8, 'min_samples_split': 20, 'splitter': 'random'}",0.5375139977603584,0.5626326963906582,0.5601703940362087,0.4462616822429907,0.5352743561030235,0.5283706253066478,0.04256349632252107,302
0.08481879234313965,0.004984103628769746,0.009440422058105469,0.00039357270738892274,entropy,,,4,5,random,"{'criterion': 'entropy', 'max_depth': None, 'max_features': None, 'min_samples_leaf': 4, 'min_samples_split': 5, 'splitter': 'random'}",0.5261121856866537,0.5384615384615384,0.5151515151515151,0.5322896281800391,0.529296875,0.5282623484959493,0.007717899374669826,303
0.10438771247863769,0.027723079789419198,0.01216425895690918,0.004552129717160798,entropy,,,4,2,random,"{'criterion': 'entropy', 'max_depth': None, 'max_features': None, 'min_samples_leaf': 4, 'min_samples_split': 2, 'splitter': 'random'}",0.5261121856866537,0.5384615384615384,0.5151515151515151,0.5322896281800391,0.529296875,0.5282623484959493,0.007717899374669826,303
0.09698920249938965,0.01549832783641207,0.011150264739990234,0.002546634379327979,entropy,25,,2,10,random,"{'criterion': 'entropy', 'max_depth': 25, 'max_features': None, 'min_samples_leaf': 2, 'min_samples_split': 10, 'splitter': 'random'}",0.5110220440881763,0.567703109327984,0.5306893295561851,0.5059523809523809,0.5250463821892394,0.5280826492227931,0.021755953576372066,305
0.08214726448059081,0.007838345827404544,0.008816194534301759,0.00027809233004682285,gini,,,4,10,random,"{'criterion': 'gini', 'max_depth': None, 'max_features': None, 'min_samples_leaf': 4, 'min_samples_split': 10, 'splitter': 'random'}",0.5463510848126233,0.5391304347826087,0.53515625,0.5248780487804878,0.49407114624505927,0.5279173929241557,0.01829065544593069,306
0.08092026710510254,0.003867541208063728,0.008319377899169922,0.0001383154929032119,entropy,,,2,5,random,"{'criterion': 'entropy', 'max_depth': None, 'max_features': None, 'min_samples_leaf': 2, 'min_samples_split': 5, 'splitter': 'random'}",0.5004868549172347,0.5493885230479775,0.5509433962264151,0.516256157635468,0.5225048923679061,0.5279159648390003,0.01953929493482961,307
0.09666128158569336,0.0055700579868770165,0.007091617584228516,0.0010895525139500899,entropy,15,sqrt,2,20,best,"{'criterion': 'entropy', 'max_depth': 15, 'max_features': 'sqrt', 'min_samples_leaf': 2, 'min_samples_split': 20, 'splitter': 'best'}",0.4691358024691358,0.5903257650542941,0.5252918287937743,0.5053533190578159,0.5487804878048781,0.5277774406359796,0.040746244243098306,308
0.06966104507446289,0.0027260258185694258,0.006432580947875977,0.0006638740294449158,gini,15,log2,1,10,best,"{'criterion': 'gini', 'max_depth': 15, 'max_features': 'log2', 'min_samples_leaf': 1, 'min_samples_split': 10, 'splitter': 'best'}",0.511219512195122,0.5383848454636092,0.5498426023084995,0.5227272727272727,0.5112016293279023,0.5266751724044811,0.015282278175851175,309
0.10558500289916992,0.008932409110804142,0.012726068496704102,0.004321173080765093,gini,25,,1,5,random,"{'criterion': 'gini', 'max_depth': 25, 'max_features': None, 'min_samples_leaf': 1, 'min_samples_split': 5, 'splitter': 'random'}",0.5071225071225072,0.5439093484419264,0.5346901017576319,0.5271317829457365,0.5204178537511871,0.5266543188037979,0.012513376773728982,310
0.0832906723022461,0.001635253065766895,0.005869150161743164,0.00048199361801132024,entropy,15,sqrt,8,20,best,"{'criterion': 'entropy', 'max_depth': 15, 'max_features': 'sqrt', 'min_samples_leaf': 8, 'min_samples_split': 20, 'splitter': 'best'}",0.4978165938864629,0.5027203482045702,0.5764102564102564,0.5206971677559913,0.5345345345345346,0.5264357801583631,0.028204429818813805,311
0.07787723541259765,0.003998208546903324,0.00841970443725586,0.0003742086471885929,gini,,,2,10,random,"{'criterion': 'gini', 'max_depth': None, 'max_features': None, 'min_samples_leaf': 2, 'min_samples_split': 10, 'splitter': 'random'}",0.5474525474525475,0.5799043062200957,0.5019230769230769,0.5066413662239089,0.49555774925962487,0.5262958092158507,0.032393314317869654,312
0.09396605491638184,0.004118368194618447,0.006651973724365235,0.0009121210662860033,entropy,15,sqrt,2,10,best,"{'criterion': 'entropy', 'max_depth': 15, 'max_features': 'sqrt', 'min_samples_leaf': 2, 'min_samples_split': 10, 'splitter': 'best'}",0.5029821073558648,0.5526570048309178,0.5379876796714579,0.5516528925619835,0.486,0.5262559368840447,0.026988394285661348,313
0.08663997650146485,0.007322101520763313,0.009470129013061523,0.0022919394978089818,entropy,20,,2,2,random,"{'criterion': 'entropy', 'max_depth': 20, 'max_features': None, 'min_samples_leaf': 2, 'min_samples_split': 2, 'splitter': 'random'}",0.5054945054945055,0.5452775073028238,0.5407554671968191,0.5035971223021583,0.5353535353535354,0.5260956275299684,0.017883809630800402,314
0.09418563842773438,0.013558582742168661,0.016188621520996094,0.010832147186266574,gini,25,,2,10,random,"{'criterion': 'gini', 'max_depth': 25, 'max_features': None, 'min_samples_leaf': 2, 'min_samples_split': 10, 'splitter': 'random'}",0.5322415557830092,0.566990291262136,0.5436105476673428,0.5066413662239089,0.4806201550387597,0.5260207831950312,0.029877674796302184,315
0.10382156372070313,0.01015376321427428,0.010033416748046874,0.0021940589943058846,gini,,,1,5,random,"{'criterion': 'gini', 'max_depth': None, 'max_features': None, 'min_samples_leaf': 1, 'min_samples_split': 5, 'splitter': 'random'}",0.47984267453294,0.5579240037071362,0.5593376264949402,0.5190839694656488,0.5119388729703916,0.5256254294342114,0.03001960460576581,316
0.0779806137084961,0.0028509669907657107,0.005766582489013672,0.0004484148189709198,gini,20,sqrt,2,20,best,"{'criterion': 'gini', 'max_depth': 20, 'max_features': 'sqrt', 'min_samples_leaf': 2, 'min_samples_split': 20, 'splitter': 'best'}",0.531062124248497,0.5596059113300492,0.5106796116504855,0.527147087857848,0.49848637739656915,0.5253962224966898,0.02071805579855609,317
0.08552083969116211,0.003103843715709554,0.005677700042724609,0.0006126720120719047,entropy,20,sqrt,8,20,best,"{'criterion': 'entropy', 'max_depth': 20, 'max_features': 'sqrt', 'min_samples_leaf': 8, 'min_samples_split': 20, 'splitter': 'best'}",0.51009564293305,0.4728761514841351,0.5585774058577406,0.547244094488189,0.5381526104417671,0.5253891810409763,0.03076852683973835,318
0.07473845481872558,0.001615949810301684,0.005824613571166992,0.00039333260425764385,entropy,10,sqrt,2,20,best,"{'criterion': 'entropy', 'max_depth': 10, 'max_features': 'sqrt', 'min_samples_leaf': 2, 'min_samples_split': 20, 'splitter': 'best'}",0.514018691588785,0.5282167042889391,0.4943820224719101,0.5584826132771338,0.5300429184549357,0.5250285900163407,0.021047133772936266,319
0.20015029907226561,0.03517638920504625,0.01725764274597168,0.006090326088271447,entropy,20,sqrt,2,20,best,"{'criterion': 'entropy', 'max_depth': 20, 'max_features': 'sqrt', 'min_samples_leaf': 2, 'min_samples_split': 20, 'splitter': 'best'}",0.5239491691104594,0.6126295947219604,0.46846846846846846,0.5047923322683706,0.5136186770428015,0.5246916483224121,0.047777134944692164,320
0.09241199493408203,0.00696416256226866,0.009188556671142578,0.0005729924103227423,entropy,25,,2,2,random,"{'criterion': 'entropy', 'max_depth': 25, 'max_features': None, 'min_samples_leaf': 2, 'min_samples_split': 2, 'splitter': 'random'}",0.5166994106090373,0.5173076923076924,0.5377176015473888,0.527803958529689,0.5238095238095238,0.5246676373606662,0.007727041650784918,321
0.08200240135192871,0.003225445255241155,0.009436798095703126,0.0006680165820115297,entropy,,,4,10,random,"{'criterion': 'entropy', 'max_depth': None, 'max_features': None, 'min_samples_leaf': 4, 'min_samples_split': 10, 'splitter': 'random'}",0.4969574036511156,0.5302593659942363,0.5163147792706334,0.5321969696969697,0.5474654377880185,0.5246387912801947,0.017001888770932033,322
0.09721794128417968,0.008474226784513674,0.007355833053588867,0.0006437211671836365,entropy,25,log2,2,20,best,"{'criterion': 'entropy', 'max_depth': 25, 'max_features': 'log2', 'min_samples_leaf': 2, 'min_samples_split': 20, 'splitter': 'best'}",0.4800777453838678,0.578125,0.5004926108374385,0.5275827482447342,0.5358565737051793,0.5244269356342439,0.033357998967674954,323
0.07695174217224121,0.01159428894973121,0.011935043334960937,0.006241093624547891,gini,20,,4,2,random,"{'criterion': 'gini', 'max_depth': 20, 'max_features': None, 'min_samples_leaf': 4, 'min_samples_split': 2, 'splitter': 'random'}",0.5201612903225806,0.5493827160493827,0.5150300601202404,0.5288270377733598,0.5072164948453608,0.524123519822185,0.014452597279980406,324
0.07239727973937989,0.00444750462801543,0.008628082275390626,0.0006305753859918059,gini,20,,4,5,random,"{'criterion': 'gini', 'max_depth': 20, 'max_features': None, 'min_samples_leaf': 4, 'min_samples_split': 5, 'splitter': 'random'}",0.5201612903225806,0.5493827160493827,0.5150300601202404,0.5288270377733598,0.5072164948453608,0.524123519822185,0.014452597279980406,324
0.1152200698852539,0.004251435146119767,0.006835269927978516,0.0006730030798035397,entropy,25,sqrt,1,20,best,"{'criterion': 'entropy', 'max_depth': 25, 'max_features': 'sqrt', 'min_samples_leaf': 1, 'min_samples_split': 20, 'splitter': 'best'}",0.5093167701863354,0.5232903865213082,0.5358851674641149,0.5274509803921569,0.5242718446601942,0.5240430298448219,0.008594555277019116,326
0.11882481575012208,0.008143628496266705,0.007685422897338867,0.0004929607945895936,entropy,,sqrt,4,20,best,"{'criterion': 'entropy', 'max_depth': None, 'max_features': 'sqrt', 'min_samples_leaf': 4, 'min_samples_split': 20, 'splitter': 'best'}",0.514,0.553639846743295,0.5211665098777046,0.5303326810176126,0.5005086469989827,0.523929536927519,0.01776778472801537,327
0.09464173316955567,0.0037790567979961976,0.006686162948608398,0.0006835852981953872,entropy,25,sqrt,8,20,best,"{'criterion': 'entropy', 'max_depth': 25, 'max_features': 'sqrt', 'min_samples_leaf': 8, 'min_samples_split': 20, 'splitter': 'best'}",0.5060240963855421,0.5276073619631901,0.5434782608695652,0.5319587628865979,0.5099206349206349,0.5237978234051061,0.013977945975271936,328
0.10371828079223633,0.005482638377701429,0.006469202041625976,0.0002694111123483463,entropy,25,sqrt,4,20,best,"{'criterion': 'entropy', 'max_depth': 25, 'max_features': 'sqrt', 'min_samples_leaf': 4, 'min_samples_split': 20, 'splitter': 'best'}",0.5432835820895522,0.5606207565470417,0.5160662122687439,0.5020161290322581,0.496,0.5235973359875191,0.024667230194078994,329
0.07210960388183593,0.0029517282080148873,0.008589792251586913,0.0002453685313592023,gini,10,log2,4,20,best,"{'criterion': 'gini', 'max_depth': 10, 'max_features': 'log2', 'min_samples_leaf': 4, 'min_samples_split': 20, 'splitter': 'best'}",0.522248243559719,0.5456389452332657,0.5228891149542217,0.4961580680570801,0.5298429319371728,0.5233554607482919,0.01599864082177562,330
0.07824850082397461,0.0034956080599743825,0.005231046676635742,0.00032808540102321554,entropy,20,log2,4,20,best,"{'criterion': 'entropy', 'max_depth': 20, 'max_features': 'log2', 'min_samples_leaf': 4, 'min_samples_split': 20, 'splitter': 'best'}",0.503582395087001,0.5360824742268041,0.5467336683417086,0.48082901554404145,0.5487228003784295,0.5231900707155969,0.026650910979983882,331
0.09844202995300293,0.004281614065509621,0.006574392318725586,0.0009876771233940868,entropy,,sqrt,8,20,best,"{'criterion': 'entropy', 'max_depth': None, 'max_features': 'sqrt', 'min_samples_leaf': 8, 'min_samples_split': 20, 'splitter': 'best'}",0.5060240963855421,0.5257836198179979,0.5461767626613704,0.5254745254745254,0.5098039215686274,0.5226525851816127,0.01423199527326259,332
0.07849559783935547,0.003696408515841703,0.008265447616577149,0.00030195938095205893,gini,20,,2,2,random,"{'criterion': 'gini', 'max_depth': 20, 'max_features': None, 'min_samples_leaf': 2, 'min_samples_split': 2, 'splitter': 'random'}",0.5146909827760892,0.5577299412915852,0.5130344108446299,0.5317460317460317,0.4959183673469388,0.522623946801055,0.020898432357349638,333
0.06431460380554199,0.0015712506837688208,0.00511474609375,0.0001651440945649009,entropy,15,log2,8,20,best,"{'criterion': 'entropy', 'max_depth': 15, 'max_features': 'log2', 'min_samples_leaf': 8, 'min_samples_split': 20, 'splitter': 'best'}",0.4972972972972973,0.535059331175836,0.5164212910532276,0.5292368681863231,0.5346938775510204,0.5225417330527409,0.014310353315103228,334
0.08487682342529297,0.0035778057061730535,0.010296344757080078,0.0015812799184268776,entropy,25,,2,5,random,"{'criterion': 'entropy', 'max_depth': 25, 'max_features': None, 'min_samples_leaf': 2, 'min_samples_split': 5, 'splitter': 'random'}",0.4816326530612245,0.539712918660287,0.5523809523809524,0.5202639019792649,0.5179282868525896,0.5223837425868637,0.024021361519874936,335
0.09459137916564941,0.0026147157107875556,0.0066759586334228516,0.000905997602536098,gini,25,sqrt,1,20,best,"{'criterion': 'gini', 'max_depth': 25, 'max_features': 'sqrt', 'min_samples_leaf': 1, 'min_samples_split': 20, 'splitter': 'best'}",0.4648318042813456,0.5413953488372093,0.5355404089581305,0.5370548604427334,0.5329457364341085,0.5223536317907055,0.02889137423112648,336
0.07150812149047851,0.003963215035385591,0.008268785476684571,0.00025109890697343277,entropy,20,,4,5,random,"{'criterion': 'entropy', 'max_depth': 20, 'max_features': None, 'min_samples_leaf': 4, 'min_samples_split': 5, 'splitter': 'random'}",0.5237113402061856,0.5078043704474505,0.5262135922330097,0.5466417910447762,0.5071283095723014,0.5222998807007446,0.014492303771995129,337
0.07098956108093261,0.0013564415537144288,0.008319664001464843,0.000261309695053354,entropy,20,,4,2,random,"{'criterion': 'entropy', 'max_depth': 20, 'max_features': None, 'min_samples_leaf': 4, 'min_samples_split': 2, 'splitter': 'random'}",0.5237113402061856,0.5078043704474505,0.5262135922330097,0.5466417910447762,0.5071283095723014,0.5222998807007446,0.014492303771995129,337
0.0971588134765625,0.010038385368353895,0.007573652267456055,0.0014968645057526838,entropy,25,log2,4,20,best,"{'criterion': 'entropy', 'max_depth': 25, 'max_features': 'log2', 'min_samples_leaf': 4, 'min_samples_split': 20, 'splitter': 'best'}",0.5185185185185185,0.5320388349514563,0.5339805825242718,0.4841897233201581,0.5413826679649465,0.5220220654558703,0.020306332429728485,339
0.10201034545898438,0.0036102265925690006,0.006804275512695313,0.0011454056673044443,entropy,,sqrt,8,5,best,"{'criterion': 'entropy', 'max_depth': None, 'max_features': 'sqrt', 'min_samples_leaf': 8, 'min_samples_split': 5, 'splitter': 'best'}",0.5181550539744848,0.5321805955811719,0.5337301587301587,0.5230166503428012,0.5029940119760479,0.5220152941209328,0.01112011465135747,340
0.11080398559570312,0.011279004795759029,0.007022666931152344,0.0006737543247124053,entropy,,sqrt,8,10,best,"{'criterion': 'entropy', 'max_depth': None, 'max_features': 'sqrt', 'min_samples_leaf': 8, 'min_samples_split': 10, 'splitter': 'best'}",0.5181550539744848,0.5321805955811719,0.5337301587301587,0.5230166503428012,0.5029940119760479,0.5220152941209328,0.01112011465135747,340
0.10032563209533692,0.004460917110204903,0.005914926528930664,0.00043475490286912374,entropy,,sqrt,8,2,best,"{'criterion': 'entropy', 'max_depth': None, 'max_features': 'sqrt', 'min_samples_leaf': 8, 'min_samples_split': 2, 'splitter': 'best'}",0.5181550539744848,0.5321805955811719,0.5337301587301587,0.5230166503428012,0.5029940119760479,0.5220152941209328,0.01112011465135747,340
0.1907210350036621,0.0493289950649642,0.03730192184448242,0.03359336213344899,gini,25,sqrt,2,20,best,"{'criterion': 'gini', 'max_depth': 25, 'max_features': 'sqrt', 'min_samples_leaf': 2, 'min_samples_split': 20, 'splitter': 'best'}",0.5255623721881391,0.5604060913705584,0.5349544072948328,0.49606299212598426,0.49183673469387756,0.5217645195346784,0.02544723448419285,343
0.09575858116149902,0.00811495947756417,0.007442283630371094,0.001900851708552092,entropy,,log2,1,20,best,"{'criterion': 'entropy', 'max_depth': None, 'max_features': 'log2', 'min_samples_leaf': 1, 'min_samples_split': 20, 'splitter': 'best'}",0.5173439048562933,0.5531914893617021,0.5443902439024391,0.5009708737864078,0.49064039408866994,0.5213073811991025,0.024162622708652597,344
0.0701064109802246,0.0025390543249447397,0.006867265701293946,0.0005705871092557134,gini,15,log2,8,20,best,"{'criterion': 'gini', 'max_depth': 15, 'max_features': 'log2', 'min_samples_leaf': 8, 'min_samples_split': 20, 'splitter': 'best'}",0.5243362831858407,0.5138592750533049,0.5080385852090032,0.5270684371807968,0.53220696937698,0.5211019100011851,0.008859900403919705,345
0.07850966453552247,0.005808434785677508,0.006094455718994141,0.0008658643700028747,entropy,,log2,4,20,best,"{'criterion': 'entropy', 'max_depth': None, 'max_features': 'log2', 'min_samples_leaf': 4, 'min_samples_split': 20, 'splitter': 'best'}",0.5185185185185185,0.5506149479659413,0.5382381413359149,0.49320388349514566,0.5044687189672294,0.52100884205655,0.021101011181985478,346
0.08923864364624023,0.014327771818589368,0.008486127853393555,0.00040026611438883063,gini,20,,1,10,random,"{'criterion': 'gini', 'max_depth': 20, 'max_features': None, 'min_samples_leaf': 1, 'min_samples_split': 10, 'splitter': 'random'}",0.5207920792079208,0.5583173996175909,0.501010101010101,0.5133587786259542,0.5114942528735632,0.520994522267026,0.019702664537530227,347
0.11108126640319824,0.043323467932971434,0.012261581420898438,0.008964525993064411,gini,25,sqrt,8,20,best,"{'criterion': 'gini', 'max_depth': 25, 'max_features': 'sqrt', 'min_samples_leaf': 8, 'min_samples_split': 20, 'splitter': 'best'}",0.5143464399574921,0.522,0.5436105476673428,0.5298281092012134,0.4939759036144578,0.5207522000881012,0.016519303863046883,348
0.1417688846588135,0.025248809135404685,0.009238815307617188,0.0003449373096938315,gini,,sqrt,4,20,best,"{'criterion': 'gini', 'max_depth': None, 'max_features': 'sqrt', 'min_samples_leaf': 4, 'min_samples_split': 20, 'splitter': 'best'}",0.4959839357429719,0.5822050290135397,0.5433300876338851,0.4959677419354839,0.4835164835164835,0.5202006555684728,0.0371454574756443,349
0.06474623680114747,0.0021100108184286554,0.007168340682983399,0.001116600771482121,gini,10,sqrt,2,20,best,"{'criterion': 'gini', 'max_depth': 10, 'max_features': 'sqrt', 'min_samples_leaf': 2, 'min_samples_split': 20, 'splitter': 'best'}",0.548728813559322,0.5357142857142857,0.49947089947089945,0.5232815964523282,0.49326424870466323,0.5200919687802997,0.021067769003336304,350
0.05706543922424316,0.001156166845771072,0.005190134048461914,0.0002027676778364459,entropy,10,log2,2,5,best,"{'criterion': 'entropy', 'max_depth': 10, 'max_features': 'log2', 'min_samples_leaf': 2, 'min_samples_split': 5, 'splitter': 'best'}",0.48231511254019294,0.5,0.5142231947483589,0.5478615071283096,0.5560165975103735,0.5200832823854469,0.028024797653792864,351
0.080418062210083,0.003328188212336821,0.005978012084960937,0.00033643666656679575,entropy,20,log2,8,20,best,"{'criterion': 'entropy', 'max_depth': 20, 'max_features': 'log2', 'min_samples_leaf': 8, 'min_samples_split': 20, 'splitter': 'best'}",0.5179282868525896,0.5378323108384458,0.48210526315789476,0.5331991951710262,0.5288753799392097,0.5199880871918332,0.02005634462303483,352
0.09868974685668945,0.002555908281570667,0.0060465335845947266,0.00029797183547431176,entropy,25,sqrt,8,10,best,"{'criterion': 'entropy', 'max_depth': 25, 'max_features': 'sqrt', 'min_samples_leaf': 8, 'min_samples_split': 10, 'splitter': 'best'}",0.48951048951048953,0.5435203094777563,0.531496062992126,0.5230166503428012,0.5109628217349858,0.5197012668116316,0.018467805689001266,353
0.09772496223449707,0.0038760095894024003,0.0063282489776611325,0.0003407346876135278,entropy,25,sqrt,8,2,best,"{'criterion': 'entropy', 'max_depth': 25, 'max_features': 'sqrt', 'min_samples_leaf': 8, 'min_samples_split': 2, 'splitter': 'best'}",0.48951048951048953,0.5435203094777563,0.531496062992126,0.5230166503428012,0.5109628217349858,0.5197012668116316,0.018467805689001266,353
0.10568318367004395,0.0069781907932771016,0.006680917739868164,0.0006780602157330985,entropy,25,sqrt,8,5,best,"{'criterion': 'entropy', 'max_depth': 25, 'max_features': 'sqrt', 'min_samples_leaf': 8, 'min_samples_split': 5, 'splitter': 'best'}",0.48951048951048953,0.5435203094777563,0.531496062992126,0.5230166503428012,0.5109628217349858,0.5197012668116316,0.018467805689001266,353
0.08820905685424804,0.0062426021432194344,0.007679796218872071,0.001013728161145323,gini,20,sqrt,4,5,best,"{'criterion': 'gini', 'max_depth': 20, 'max_features': 'sqrt', 'min_samples_leaf': 4, 'min_samples_split': 5, 'splitter': 'best'}",0.5209580838323353,0.5541211519364448,0.4931506849315068,0.4844221105527638,0.5450819672131147,0.5195467996932331,0.02749516684057839,356
0.08701233863830567,0.009469572653687726,0.00751495361328125,0.0019590846143295675,gini,20,sqrt,4,2,best,"{'criterion': 'gini', 'max_depth': 20, 'max_features': 'sqrt', 'min_samples_leaf': 4, 'min_samples_split': 2, 'splitter': 'best'}",0.5209580838323353,0.5541211519364448,0.4931506849315068,0.4844221105527638,0.5450819672131147,0.5195467996932331,0.02749516684057839,356
0.12849225997924804,0.02540204514278432,0.015335273742675782,0.00507412520726543,gini,25,,2,2,random,"{'criterion': 'gini', 'max_depth': 25, 'max_features': None, 'min_samples_leaf': 2, 'min_samples_split': 2, 'splitter': 'random'}",0.5401174168297456,0.5764023210831721,0.5070159027128157,0.48466257668711654,0.48848848848848847,0.5193373411602676,0.03462378467550509,358
0.09707159996032715,0.0039146168726931505,0.006318807601928711,0.0008845436347457439,entropy,15,sqrt,1,10,best,"{'criterion': 'entropy', 'max_depth': 15, 'max_features': 'sqrt', 'min_samples_leaf': 1, 'min_samples_split': 10, 'splitter': 'best'}",0.505307855626327,0.557711950970378,0.4875239923224568,0.4983240223463687,0.5454545454545454,0.5188644733440151,0.027582879525411663,359
0.09737076759338378,0.0044403336828776,0.007066917419433594,0.0006690245629487915,entropy,15,sqrt,2,2,best,"{'criterion': 'entropy', 'max_depth': 15, 'max_features': 'sqrt', 'min_samples_leaf': 2, 'min_samples_split': 2, 'splitter': 'best'}",0.5289421157684631,0.5267326732673268,0.4972972972972973,0.530214424951267,0.5099601593625498,0.5186293341293807,0.01293400391382759,360
0.08723855018615723,0.002229995646500073,0.0054947853088378905,0.000658635118309592,entropy,15,sqrt,1,20,best,"{'criterion': 'entropy', 'max_depth': 15, 'max_features': 'sqrt', 'min_samples_leaf': 1, 'min_samples_split': 20, 'splitter': 'best'}",0.4733984799131379,0.5506391347099312,0.5197860962566845,0.5476673427991886,0.5015416238437821,0.5186065355045448,0.029006857107872635,361
0.09048562049865723,0.009677166237193184,0.009662723541259766,0.0011618835626680984,entropy,,,2,2,random,"{'criterion': 'entropy', 'max_depth': None, 'max_features': None, 'min_samples_leaf': 2, 'min_samples_split': 2, 'splitter': 'random'}",0.5268389662027833,0.5297397769516728,0.5170454545454546,0.5182987141444114,0.49950641658440276,0.518285865685745,0.010569333991998357,362
0.10655798912048339,0.005511124144538413,0.008538770675659179,0.0009307974722828146,gini,,sqrt,1,10,best,"{'criterion': 'gini', 'max_depth': None, 'max_features': 'sqrt', 'min_samples_leaf': 1, 'min_samples_split': 10, 'splitter': 'best'}",0.5067961165048543,0.5494296577946768,0.5592417061611374,0.48846153846153845,0.4870067372473532,0.518187151233912,0.030486576192602827,363
0.09025635719299316,0.00865077950938404,0.008572196960449219,0.001070649391408157,gini,20,sqrt,4,20,best,"{'criterion': 'gini', 'max_depth': 20, 'max_features': 'sqrt', 'min_samples_leaf': 4, 'min_samples_split': 20, 'splitter': 'best'}",0.5090543259557344,0.5491329479768786,0.5482233502538071,0.49337410805300713,0.49056603773584906,0.5180701539950553,0.025775060295496085,364
0.06867132186889649,0.004676487258568405,0.0063936710357666016,0.0007973592341692119,gini,20,log2,8,20,best,"{'criterion': 'gini', 'max_depth': 20, 'max_features': 'log2', 'min_samples_leaf': 8, 'min_samples_split': 20, 'splitter': 'best'}",0.512249443207127,0.5398773006134969,0.5342465753424658,0.5396498455200824,0.46408839779005523,0.5180223124946455,0.028812533975926022,365
0.1408982276916504,0.00871798758207347,0.01287217140197754,0.004364824676619924,gini,,sqrt,2,20,best,"{'criterion': 'gini', 'max_depth': None, 'max_features': 'sqrt', 'min_samples_leaf': 2, 'min_samples_split': 20, 'splitter': 'best'}",0.5163265306122449,0.5511197663096398,0.5206030150753769,0.5165562913907285,0.48429584599797365,0.5177802898771928,0.021186354271228527,366
0.0892324447631836,0.006416080526132157,0.008646440505981446,0.0006448725594853293,gini,,,2,2,random,"{'criterion': 'gini', 'max_depth': None, 'max_features': None, 'min_samples_leaf': 2, 'min_samples_split': 2, 'splitter': 'random'}",0.5102239532619279,0.5518590998043053,0.5237633365664404,0.5014925373134328,0.5009784735812133,0.5176634801054638,0.018983066393949234,367
0.09056925773620605,0.003701229581950754,0.005909538269042969,0.0005502201343592013,entropy,20,sqrt,1,20,best,"{'criterion': 'entropy', 'max_depth': 20, 'max_features': 'sqrt', 'min_samples_leaf': 1, 'min_samples_split': 20, 'splitter': 'best'}",0.48333333333333334,0.56657223796034,0.5383806519453207,0.5225933202357563,0.47715736040609136,0.5176073807761683,0.033659649738170136,368
0.08979687690734864,0.012379276520671074,0.009964656829833985,0.001286526291727731,entropy,25,,4,5,random,"{'criterion': 'entropy', 'max_depth': 25, 'max_features': None, 'min_samples_leaf': 4, 'min_samples_split': 5, 'splitter': 'random'}",0.5074331020812686,0.5262096774193549,0.5271317829457365,0.5162523900573613,0.5078740157480315,0.5169801936503505,0.00851865326623401,369
0.11105737686157227,0.025146713157689866,0.012936925888061524,0.004420231107479528,entropy,25,,4,2,random,"{'criterion': 'entropy', 'max_depth': 25, 'max_features': None, 'min_samples_leaf': 4, 'min_samples_split': 2, 'splitter': 'random'}",0.5074331020812686,0.5262096774193549,0.5271317829457365,0.5162523900573613,0.5078740157480315,0.5169801936503505,0.00851865326623401,369
0.07228250503540039,0.007619522907659043,0.006873559951782226,0.0006974768913709508,gini,25,log2,8,20,best,"{'criterion': 'gini', 'max_depth': 25, 'max_features': 'log2', 'min_samples_leaf': 8, 'min_samples_split': 20, 'splitter': 'best'}",0.5058448459086079,0.563691073219659,0.5058823529411764,0.5345345345345346,0.47410358565737054,0.5168112784522697,0.030250553856137136,371
0.09481582641601563,0.009280703462076071,0.010674619674682617,0.005272212104042178,gini,15,sqrt,1,20,best,"{'criterion': 'gini', 'max_depth': 15, 'max_features': 'sqrt', 'min_samples_leaf': 1, 'min_samples_split': 20, 'splitter': 'best'}",0.5040160642570282,0.5537525354969574,0.526,0.5098039215686274,0.4897119341563786,0.5166568910957983,0.021891390620553564,372
0.18873357772827148,0.009709548045576,0.011842918395996094,0.001524166743988422,entropy,,sqrt,1,20,best,"{'criterion': 'entropy', 'max_depth': None, 'max_features': 'sqrt', 'min_samples_leaf': 1, 'min_samples_split': 20, 'splitter': 'best'}",0.5271794871794871,0.5247813411078717,0.5212464589235127,0.5255905511811023,0.4839650145772595,0.5165525705938466,0.01640920783079939,373
0.0922706127166748,0.008579478304921217,0.008682155609130859,0.0010999689611500133,entropy,15,sqrt,8,10,best,"{'criterion': 'entropy', 'max_depth': 15, 'max_features': 'sqrt', 'min_samples_leaf': 8, 'min_samples_split': 10, 'splitter': 'best'}",0.4827586206896552,0.5434995112414467,0.5289079229122056,0.48187633262260127,0.5454545454545454,0.5164993865840908,0.028490612065364594,374
0.07620224952697754,0.003310704387762974,0.005492210388183594,0.0004247061982478895,entropy,15,sqrt,8,5,best,"{'criterion': 'entropy', 'max_depth': 15, 'max_features': 'sqrt', 'min_samples_leaf': 8, 'min_samples_split': 5, 'splitter': 'best'}",0.4827586206896552,0.5434995112414467,0.5289079229122056,0.48187633262260127,0.5454545454545454,0.5164993865840908,0.028490612065364594,374
0.07755413055419921,0.0017620206627248511,0.005175209045410157,0.0002278602470985156,entropy,15,sqrt,8,2,best,"{'criterion': 'entropy', 'max_depth': 15, 'max_features': 'sqrt', 'min_samples_leaf': 8, 'min_samples_split': 2, 'splitter': 'best'}",0.4827586206896552,0.5434995112414467,0.5289079229122056,0.48187633262260127,0.5454545454545454,0.5164993865840908,0.028490612065364594,374
0.11678032875061035,0.005150519898970171,0.007059288024902344,0.0008827776136483737,entropy,25,sqrt,2,5,best,"{'criterion': 'entropy', 'max_depth': 25, 'max_features': 'sqrt', 'min_samples_leaf': 2, 'min_samples_split': 5, 'splitter': 'best'}",0.49798387096774194,0.565752128666036,0.5147759771210677,0.5059288537549407,0.4959839357429719,0.5160849532505516,0.02570365022277526,377
0.07718639373779297,0.007358248018677736,0.006807518005371094,0.0012803309312426757,gini,,log2,8,20,best,"{'criterion': 'gini', 'max_depth': None, 'max_features': 'log2', 'min_samples_leaf': 8, 'min_samples_split': 20, 'splitter': 'best'}",0.5089005235602094,0.563691073219659,0.5167652859960552,0.520242914979757,0.4707070707070707,0.5160613736925502,0.029647460704171024,378
0.07061991691589356,0.0014600668024873935,0.00561370849609375,0.0006790620809704404,entropy,15,log2,1,20,best,"{'criterion': 'entropy', 'max_depth': 15, 'max_features': 'log2', 'min_samples_leaf': 1, 'min_samples_split': 20, 'splitter': 'best'}",0.4759725400457666,0.5291750503018109,0.5469223007063572,0.49009384775808135,0.5376984126984127,0.5159724303020857,0.027834921300367528,379
0.1536588191986084,0.04505052165411499,0.017316436767578124,0.012624245675662072,gini,25,,2,5,random,"{'criterion': 'gini', 'max_depth': 25, 'max_features': None, 'min_samples_leaf': 2, 'min_samples_split': 5, 'splitter': 'random'}",0.5101449275362319,0.5610948191593352,0.5009523809523809,0.515181194906954,0.4914400805639476,0.51576268062377,0.02407419327672478,380
0.09240913391113281,0.0044756466684375594,0.007037448883056641,0.0004793593317142192,gini,,sqrt,1,20,best,"{'criterion': 'gini', 'max_depth': None, 'max_features': 'sqrt', 'min_samples_leaf': 1, 'min_samples_split': 20, 'splitter': 'best'}",0.47628657921291623,0.5413953488372093,0.5077220077220077,0.5211538461538462,0.5320388349514563,0.5157193233754872,0.022689280064690717,381
0.09553394317626954,0.0023449698955455315,0.008001375198364257,0.0006049488229312411,gini,25,sqrt,1,10,best,"{'criterion': 'gini', 'max_depth': 25, 'max_features': 'sqrt', 'min_samples_leaf': 1, 'min_samples_split': 10, 'splitter': 'best'}",0.51171875,0.5347490347490348,0.5208333333333334,0.5032618825722274,0.5079962370649106,0.5157118475439013,0.011127634198060093,382
0.08490018844604492,0.003722512483323458,0.008221578598022462,0.0010558081948012345,gini,15,sqrt,4,20,best,"{'criterion': 'gini', 'max_depth': 15, 'max_features': 'sqrt', 'min_samples_leaf': 4, 'min_samples_split': 20, 'splitter': 'best'}",0.5046923879040668,0.5288065843621399,0.5714285714285714,0.510593220338983,0.46006389776357826,0.515116932359468,0.03610645089832669,383
0.06339936256408692,0.0016080827888881705,0.006281852722167969,0.0006936427234162093,gini,10,sqrt,8,10,best,"{'criterion': 'gini', 'max_depth': 10, 'max_features': 'sqrt', 'min_samples_leaf': 8, 'min_samples_split': 10, 'splitter': 'best'}",0.5296803652968036,0.5071350164654226,0.5310492505353319,0.48214285714285715,0.5253664036076663,0.5150747786096164,0.018557886384403106,384
0.07324380874633789,0.0038957007781905317,0.007618379592895508,0.0008398881357693049,gini,10,sqrt,8,2,best,"{'criterion': 'gini', 'max_depth': 10, 'max_features': 'sqrt', 'min_samples_leaf': 8, 'min_samples_split': 2, 'splitter': 'best'}",0.5296803652968036,0.5071350164654226,0.5310492505353319,0.48214285714285715,0.5253664036076663,0.5150747786096164,0.018557886384403106,384
0.06535148620605469,0.002977512858441043,0.0069427967071533205,0.0008308611486221289,gini,10,sqrt,8,5,best,"{'criterion': 'gini', 'max_depth': 10, 'max_features': 'sqrt', 'min_samples_leaf': 8, 'min_samples_split': 5, 'splitter': 'best'}",0.5296803652968036,0.5071350164654226,0.5310492505353319,0.48214285714285715,0.5253664036076663,0.5150747786096164,0.018557886384403106,384
0.07622299194335938,0.0060510820485456425,0.008211469650268555,0.00047637835364438793,gini,20,,2,5,random,"{'criterion': 'gini', 'max_depth': 20, 'max_features': None, 'min_samples_leaf': 2, 'min_samples_split': 5, 'splitter': 'random'}",0.5470249520153551,0.5334685598377282,0.491609081934847,0.5049701789264414,0.4959349593495935,0.514601546412793,0.021804126038251145,387
0.065468168258667,0.0018063749091974347,0.006889772415161133,0.0007697794844021422,gini,10,sqrt,4,20,best,"{'criterion': 'gini', 'max_depth': 10, 'max_features': 'sqrt', 'min_samples_leaf': 4, 'min_samples_split': 20, 'splitter': 'best'}",0.5252525252525253,0.5429553264604811,0.5731108930323847,0.4444444444444444,0.48630887185104055,0.5144144122081752,0.044862106792905816,388
0.0737842082977295,0.002309466391377662,0.005620050430297852,0.000608281959226985,entropy,20,log2,2,20,best,"{'criterion': 'entropy', 'max_depth': 20, 'max_features': 'log2', 'min_samples_leaf': 2, 'min_samples_split': 20, 'splitter': 'best'}",0.48834853090172237,0.5474525474525475,0.5177453027139874,0.5108135942327497,0.5070140280561122,0.514274800671424,0.019233707386011215,389
0.08783292770385742,0.004462163695795461,0.008766984939575196,0.00068853780817194,gini,,,2,5,random,"{'criterion': 'gini', 'max_depth': None, 'max_features': None, 'min_samples_leaf': 2, 'min_samples_split': 5, 'splitter': 'random'}",0.49129989764585463,0.5537583254043768,0.5150631681243926,0.5038910505836576,0.5054294175715696,0.5138883718659703,0.021320097793269457,390
0.11981391906738281,0.0095666733189536,0.007609796524047851,0.00098735746347833,entropy,25,sqrt,2,20,best,"{'criterion': 'entropy', 'max_depth': 25, 'max_features': 'sqrt', 'min_samples_leaf': 2, 'min_samples_split': 20, 'splitter': 'best'}",0.5,0.5529865125240848,0.49056603773584906,0.502970297029703,0.5227722772277228,0.5138590249034719,0.022197326738470424,391
0.08076701164245606,0.005507519900513613,0.005386495590209961,0.00025379299275064745,entropy,,log2,2,20,best,"{'criterion': 'entropy', 'max_depth': None, 'max_features': 'log2', 'min_samples_leaf': 2, 'min_samples_split': 20, 'splitter': 'best'}",0.48221343873517786,0.5502347417840375,0.5235803657362849,0.5172413793103449,0.4955044955044955,0.5137548842140681,0.023526220327427617,392
0.0759157657623291,0.0037503482286737914,0.0070952892303466795,0.0009897104758897575,gini,20,log2,1,20,best,"{'criterion': 'gini', 'max_depth': 20, 'max_features': 'log2', 'min_samples_leaf': 1, 'min_samples_split': 20, 'splitter': 'best'}",0.5004985044865404,0.546679499518768,0.5586272640610105,0.466796875,0.4932562620423892,0.5131716810217417,0.0343419273775926,393
0.060600805282592776,0.001781735763194955,0.00549020767211914,8.011255935902937e-05,gini,15,log2,2,20,best,"{'criterion': 'gini', 'max_depth': 15, 'max_features': 'log2', 'min_samples_leaf': 2, 'min_samples_split': 20, 'splitter': 'best'}",0.4953560371517028,0.5035389282103134,0.5404298874104401,0.47984267453294,0.5449330783938815,0.5128201211398555,0.025581977928095422,394
0.12078843116760254,0.01006503593060903,0.008516025543212891,0.00227497078933963,gini,25,sqrt,4,2,best,"{'criterion': 'gini', 'max_depth': 25, 'max_features': 'sqrt', 'min_samples_leaf': 4, 'min_samples_split': 2, 'splitter': 'best'}",0.4793388429752066,0.5371312309257376,0.5093984962406015,0.504835589941973,0.5333333333333333,0.5128074986833704,0.02101560077572643,395
0.08648061752319336,0.003422356331513782,0.006497335433959961,0.0007951303922309552,gini,25,sqrt,4,5,best,"{'criterion': 'gini', 'max_depth': 25, 'max_features': 'sqrt', 'min_samples_leaf': 4, 'min_samples_split': 5, 'splitter': 'best'}",0.4793388429752066,0.5371312309257376,0.5093984962406015,0.504835589941973,0.5333333333333333,0.5128074986833704,0.02101560077572643,395
0.13351707458496093,0.02080796334635485,0.011131000518798829,0.006842183547203342,entropy,20,sqrt,1,10,best,"{'criterion': 'entropy', 'max_depth': 20, 'max_features': 'sqrt', 'min_samples_leaf': 1, 'min_samples_split': 10, 'splitter': 'best'}",0.5084745762711864,0.5438931297709924,0.5057251908396947,0.4927835051546392,0.512720156555773,0.5127193117184572,0.016948031283428432,397
0.0719456672668457,0.006087048299038897,0.006905364990234375,0.0010157676584800818,gini,15,log2,2,2,best,"{'criterion': 'gini', 'max_depth': 15, 'max_features': 'log2', 'min_samples_leaf': 2, 'min_samples_split': 2, 'splitter': 'best'}",0.4355362946912243,0.5555555555555556,0.5386138613861386,0.5294685990338164,0.5041152263374485,0.5126579074008366,0.0419934272579758,398
0.07431321144104004,0.006408851918838695,0.007055950164794922,0.000847726356901171,entropy,10,sqrt,1,10,best,"{'criterion': 'entropy', 'max_depth': 10, 'max_features': 'sqrt', 'min_samples_leaf': 1, 'min_samples_split': 10, 'splitter': 'best'}",0.4953051643192488,0.5138888888888888,0.5420991926182238,0.5540398740818469,0.45700824499411075,0.5124682729804638,0.034579168785368194,399
0.06513409614562989,0.0018931203173185639,0.00593113899230957,0.0007420951599946466,gini,20,log2,8,10,best,"{'criterion': 'gini', 'max_depth': 20, 'max_features': 'log2', 'min_samples_leaf': 8, 'min_samples_split': 10, 'splitter': 'best'}",0.48693834900731453,0.5345717234262126,0.5238578680203045,0.5165829145728643,0.499496475327291,0.5122894660707974,0.017059310449652233,400
0.06705107688903808,0.0011339692781487667,0.006086826324462891,0.0005465936527444047,gini,20,log2,8,2,best,"{'criterion': 'gini', 'max_depth': 20, 'max_features': 'log2', 'min_samples_leaf': 8, 'min_samples_split': 2, 'splitter': 'best'}",0.48693834900731453,0.5345717234262126,0.5238578680203045,0.5165829145728643,0.499496475327291,0.5122894660707974,0.017059310449652233,400
0.06823587417602539,0.0019061617317391428,0.006438493728637695,0.0008972162951010644,gini,20,log2,8,5,best,"{'criterion': 'gini', 'max_depth': 20, 'max_features': 'log2', 'min_samples_leaf': 8, 'min_samples_split': 5, 'splitter': 'best'}",0.48693834900731453,0.5345717234262126,0.5238578680203045,0.5165829145728643,0.499496475327291,0.5122894660707974,0.017059310449652233,400
0.09353642463684082,0.00988950507043198,0.00981602668762207,0.000940311131491062,entropy,25,,1,5,random,"{'criterion': 'entropy', 'max_depth': 25, 'max_features': None, 'min_samples_leaf': 1, 'min_samples_split': 5, 'splitter': 'random'}",0.5593056894889104,0.5275958840037418,0.5185891325071497,0.4811320754716981,0.4738878143133462,0.5121021191569692,0.03139997402535222,403
0.12176046371459961,0.04832644137861309,0.007724761962890625,0.0003851809870324954,gini,10,sqrt,1,10,best,"{'criterion': 'gini', 'max_depth': 10, 'max_features': 'sqrt', 'min_samples_leaf': 1, 'min_samples_split': 10, 'splitter': 'best'}",0.5441176470588235,0.40931372549019607,0.5384615384615384,0.5475206611570248,0.5208333333333334,0.5120493811001833,0.05218421255014607,404
0.1040489673614502,0.017832676394125745,0.008144426345825195,0.0013122311110851978,gini,10,sqrt,1,5,best,"{'criterion': 'gini', 'max_depth': 10, 'max_features': 'sqrt', 'min_samples_leaf': 1, 'min_samples_split': 5, 'splitter': 'best'}",0.4375,0.5318039624608968,0.5343189017951425,0.4942648592283629,0.5621734587251829,0.512012236441917,0.04306388448916025,405
0.14438538551330565,0.007360091774550208,0.010030412673950195,0.001456219871501274,entropy,,sqrt,2,5,best,"{'criterion': 'entropy', 'max_depth': None, 'max_features': 'sqrt', 'min_samples_leaf': 2, 'min_samples_split': 5, 'splitter': 'best'}",0.5056526207605344,0.538899430740038,0.5060690943043884,0.5137795275590551,0.49560975609756097,0.5120020858923154,0.014634555213453398,406
0.0802192211151123,0.003076724376849499,0.007807874679565429,0.0006492414951892494,gini,15,log2,1,2,best,"{'criterion': 'gini', 'max_depth': 15, 'max_features': 'log2', 'min_samples_leaf': 1, 'min_samples_split': 2, 'splitter': 'best'}",0.4824742268041237,0.5262154432793136,0.5562444641275465,0.5004985044865404,0.49407114624505927,0.5119007569885167,0.02640114265144975,407
0.12472400665283204,0.005720485268995665,0.007132768630981445,0.000875533884609025,entropy,20,sqrt,1,5,best,"{'criterion': 'entropy', 'max_depth': 20, 'max_features': 'sqrt', 'min_samples_leaf': 1, 'min_samples_split': 5, 'splitter': 'best'}",0.5121457489878543,0.527117031398668,0.5220729366602687,0.5257032007759457,0.47023208879919276,0.5114542013243859,0.0212643202132137,408
0.07469696998596191,0.0029523015025887944,0.005270528793334961,0.000191603553969085,entropy,15,log2,2,20,best,"{'criterion': 'entropy', 'max_depth': 15, 'max_features': 'log2', 'min_samples_leaf': 2, 'min_samples_split': 20, 'splitter': 'best'}",0.49281767955801103,0.53220696937698,0.519453207150368,0.5079702444208289,0.5042735042735043,0.5113443209559385,0.013458242210355418,409
0.06087851524353027,0.00431865666776516,0.005893707275390625,0.0003287135322073543,gini,15,log2,4,20,best,"{'criterion': 'gini', 'max_depth': 15, 'max_features': 'log2', 'min_samples_leaf': 4, 'min_samples_split': 20, 'splitter': 'best'}",0.46557377049180326,0.5876591576885406,0.5154639175257731,0.5093167701863354,0.4785788923719958,0.5113185016528897,0.042458331598032854,410
0.14047904014587403,0.013180529734519034,0.00994887351989746,0.0007705029344931228,entropy,,sqrt,2,20,best,"{'criterion': 'entropy', 'max_depth': None, 'max_features': 'sqrt', 'min_samples_leaf': 2, 'min_samples_split': 20, 'splitter': 'best'}",0.5063045586808923,0.5714285714285714,0.4873294346978557,0.49085659287776706,0.4995083579154376,0.5110855031201048,0.030892501388447614,411
0.07958569526672363,0.004569546082888101,0.005486154556274414,0.00041713829611614035,entropy,10,sqrt,1,5,best,"{'criterion': 'entropy', 'max_depth': 10, 'max_features': 'sqrt', 'min_samples_leaf': 1, 'min_samples_split': 5, 'splitter': 'best'}",0.5015940488841658,0.586565752128666,0.5327868852459017,0.47586206896551725,0.45823389021479716,0.5110085290878096,0.0453701649884679,412
0.1603788375854492,0.004991876118714524,0.010486793518066407,0.0020198273943992893,entropy,25,sqrt,1,2,best,"{'criterion': 'entropy', 'max_depth': 25, 'max_features': 'sqrt', 'min_samples_leaf': 1, 'min_samples_split': 2, 'splitter': 'best'}",0.5113636363636364,0.5380228136882129,0.496309963099631,0.5353901996370236,0.47373447946513847,0.5109642184507285,0.024206430272300544,413
0.07467260360717773,0.003143157540776701,0.005633020401000976,0.0004649710891830211,entropy,20,log2,2,10,best,"{'criterion': 'entropy', 'max_depth': 20, 'max_features': 'log2', 'min_samples_leaf': 2, 'min_samples_split': 10, 'splitter': 'best'}",0.482,0.5490196078431373,0.5009633911368016,0.5059288537549407,0.5122669283611384,0.5100357562192036,0.02195402878464814,414
0.10233616828918457,0.0031783467338296037,0.008824586868286133,0.0008854901591544358,gini,15,sqrt,4,2,best,"{'criterion': 'gini', 'max_depth': 15, 'max_features': 'sqrt', 'min_samples_leaf': 4, 'min_samples_split': 2, 'splitter': 'best'}",0.49119170984455957,0.5237592397043295,0.5409047160731473,0.4968017057569296,0.49726177437020813,0.5099838291498348,0.019155291629283318,415
0.10190215110778808,0.0191420116351553,0.015604782104492187,0.01475740027793113,gini,15,sqrt,4,5,best,"{'criterion': 'gini', 'max_depth': 15, 'max_features': 'sqrt', 'min_samples_leaf': 4, 'min_samples_split': 5, 'splitter': 'best'}",0.49119170984455957,0.5237592397043295,0.5409047160731473,0.4968017057569296,0.49726177437020813,0.5099838291498348,0.019155291629283318,415
0.07367234230041504,0.006115885992061666,0.006900405883789063,0.0007949090473032795,gini,20,log2,2,20,best,"{'criterion': 'gini', 'max_depth': 20, 'max_features': 'log2', 'min_samples_leaf': 2, 'min_samples_split': 20, 'splitter': 'best'}",0.5035389282103134,0.5281124497991968,0.5375494071146245,0.46464646464646464,0.5150300601202404,0.509775461978168,0.02534075257772983,417
0.1553635597229004,0.018050751027124796,0.013005447387695313,0.0032023980027099538,entropy,,sqrt,1,10,best,"{'criterion': 'entropy', 'max_depth': None, 'max_features': 'sqrt', 'min_samples_leaf': 1, 'min_samples_split': 10, 'splitter': 'best'}",0.48579823702252695,0.5383886255924171,0.5061845861084682,0.519742883379247,0.49862005519779207,0.5097468774600902,0.018057150066108283,418
0.09127931594848633,0.01241018258515287,0.00972733497619629,0.00043838315564854584,gini,,log2,8,2,best,"{'criterion': 'gini', 'max_depth': None, 'max_features': 'log2', 'min_samples_leaf': 8, 'min_samples_split': 2, 'splitter': 'best'}",0.504149377593361,0.5462012320328542,0.5183673469387755,0.5135135135135135,0.4653567735263702,0.5095176487209749,0.026149457399491125,419
0.06733965873718262,0.003942058448647019,0.005840015411376953,0.00045254058100488204,gini,,log2,8,10,best,"{'criterion': 'gini', 'max_depth': None, 'max_features': 'log2', 'min_samples_leaf': 8, 'min_samples_split': 10, 'splitter': 'best'}",0.504149377593361,0.5462012320328542,0.5183673469387755,0.5135135135135135,0.4653567735263702,0.5095176487209749,0.026149457399491125,419
0.07732830047607422,0.004798317564952011,0.00732264518737793,0.0008303600788505711,gini,,log2,8,5,best,"{'criterion': 'gini', 'max_depth': None, 'max_features': 'log2', 'min_samples_leaf': 8, 'min_samples_split': 5, 'splitter': 'best'}",0.504149377593361,0.5462012320328542,0.5183673469387755,0.5135135135135135,0.4653567735263702,0.5095176487209749,0.026149457399491125,419
0.19225659370422363,0.044056401796039354,0.019468116760253906,0.016202175521504974,entropy,,sqrt,1,2,best,"{'criterion': 'entropy', 'max_depth': None, 'max_features': 'sqrt', 'min_samples_leaf': 1, 'min_samples_split': 2, 'splitter': 'best'}",0.5083487940630798,0.49283667621776506,0.5249537892791127,0.5371747211895911,0.4842300556586271,0.5095088072816352,0.019607504327479593,422
0.08163104057312012,0.028762214356378987,0.010590028762817384,0.007000910117590989,gini,10,sqrt,4,5,best,"{'criterion': 'gini', 'max_depth': 10, 'max_features': 'sqrt', 'min_samples_leaf': 4, 'min_samples_split': 5, 'splitter': 'best'}",0.5213849287169042,0.5081081081081081,0.5062713797035348,0.4994797086368366,0.5115257958287596,0.5093539841988287,0.007183541846956897,423
0.06684303283691406,0.003615570013018493,0.006710720062255859,0.00034079623419095193,gini,10,sqrt,4,2,best,"{'criterion': 'gini', 'max_depth': 10, 'max_features': 'sqrt', 'min_samples_leaf': 4, 'min_samples_split': 2, 'splitter': 'best'}",0.5213849287169042,0.5081081081081081,0.5062713797035348,0.4994797086368366,0.5115257958287596,0.5093539841988287,0.007183541846956897,423
0.11644420623779297,0.008715944108391464,0.012424039840698241,0.0030187257587369746,gini,15,sqrt,2,20,best,"{'criterion': 'gini', 'max_depth': 15, 'max_features': 'sqrt', 'min_samples_leaf': 2, 'min_samples_split': 20, 'splitter': 'best'}",0.5333333333333333,0.49356223175965663,0.49659201557935734,0.506280193236715,0.515736040609137,0.5091007629036398,0.014402185270578769,425
0.07797727584838868,0.0031902871036647734,0.006565189361572266,0.0009936553887811487,gini,20,log2,2,5,best,"{'criterion': 'gini', 'max_depth': 20, 'max_features': 'log2', 'min_samples_leaf': 2, 'min_samples_split': 5, 'splitter': 'best'}",0.49691991786447637,0.53125,0.525691699604743,0.484,0.5071225071225072,0.5089968249183453,0.017596185093339385,426
0.09940400123596191,0.00487139044973619,0.006992721557617187,0.0005404441849228864,entropy,20,sqrt,4,5,best,"{'criterion': 'entropy', 'max_depth': 20, 'max_features': 'sqrt', 'min_samples_leaf': 4, 'min_samples_split': 5, 'splitter': 'best'}",0.5093555093555093,0.532304725168756,0.48202137998056366,0.5215723873441994,0.4985507246376812,0.508760945297342,0.01753880887416287,427
0.12031064033508301,0.003980802316990532,0.007212162017822266,0.0008781467076425607,entropy,20,sqrt,4,2,best,"{'criterion': 'entropy', 'max_depth': 20, 'max_features': 'sqrt', 'min_samples_leaf': 4, 'min_samples_split': 2, 'splitter': 'best'}",0.5093555093555093,0.532304725168756,0.48202137998056366,0.5215723873441994,0.4985507246376812,0.508760945297342,0.01753880887416287,427
0.12805137634277344,0.040670203239298555,0.043961381912231444,0.05629347145726815,gini,10,log2,8,5,best,"{'criterion': 'gini', 'max_depth': 10, 'max_features': 'log2', 'min_samples_leaf': 8, 'min_samples_split': 5, 'splitter': 'best'}",0.48812095032397407,0.536741214057508,0.4730941704035874,0.5341745531019979,0.5112936344969199,0.5086849044767975,0.025033021107777286,429
0.1245297908782959,0.020302192739266953,0.019442272186279298,0.005488153843808405,gini,10,log2,8,10,best,"{'criterion': 'gini', 'max_depth': 10, 'max_features': 'log2', 'min_samples_leaf': 8, 'min_samples_split': 10, 'splitter': 'best'}",0.48812095032397407,0.536741214057508,0.4730941704035874,0.5341745531019979,0.5112936344969199,0.5086849044767975,0.025033021107777286,429
0.10467886924743652,0.031203417616043345,0.02165045738220215,0.022406957391664446,gini,10,log2,8,2,best,"{'criterion': 'gini', 'max_depth': 10, 'max_features': 'log2', 'min_samples_leaf': 8, 'min_samples_split': 2, 'splitter': 'best'}",0.48812095032397407,0.536741214057508,0.4730941704035874,0.5341745531019979,0.5112936344969199,0.5086849044767975,0.025033021107777286,429
0.08043422698974609,0.0036045869493916308,0.005878019332885742,0.0003845638734768756,gini,25,sqrt,4,20,best,"{'criterion': 'gini', 'max_depth': 25, 'max_features': 'sqrt', 'min_samples_leaf': 4, 'min_samples_split': 20, 'splitter': 'best'}",0.4959839357429719,0.5413826679649465,0.5399792315680166,0.49101796407185627,0.47497546614327774,0.5086678530982138,0.027048988203932197,432
0.07160558700561523,0.0038284069663654103,0.0065842151641845705,0.00021462728116630186,gini,25,log2,2,20,best,"{'criterion': 'gini', 'max_depth': 25, 'max_features': 'log2', 'min_samples_leaf': 2, 'min_samples_split': 20, 'splitter': 'best'}",0.5228628230616302,0.502,0.512241054613936,0.48880233690360275,0.5172413793103449,0.5086295187779026,0.012057047267565115,433
0.09053034782409668,0.0021110894349962847,0.005315208435058593,0.000381774470674376,entropy,20,sqrt,2,2,best,"{'criterion': 'entropy', 'max_depth': 20, 'max_features': 'sqrt', 'min_samples_leaf': 2, 'min_samples_split': 2, 'splitter': 'best'}",0.4772065955383123,0.5495750708215298,0.5209756097560976,0.5061845861084682,0.48914069877242683,0.508616512199367,0.025306739239297146,434
0.10008668899536133,0.007357985915197832,0.01052851676940918,0.0005352592658568389,gini,10,sqrt,1,2,best,"{'criterion': 'gini', 'max_depth': 10, 'max_features': 'sqrt', 'min_samples_leaf': 1, 'min_samples_split': 2, 'splitter': 'best'}",0.5363735070575462,0.4364060676779463,0.5359911406423035,0.5129802699896158,0.5184381778741866,0.5080378326483197,0.037008113954896074,435
0.0791165828704834,0.0034460674465982832,0.00542140007019043,0.0005802121152913413,entropy,20,log2,1,5,best,"{'criterion': 'entropy', 'max_depth': 20, 'max_features': 'log2', 'min_samples_leaf': 1, 'min_samples_split': 5, 'splitter': 'best'}",0.5288562434417629,0.5192497532082923,0.5212464589235127,0.49442755825734547,0.4752275025278059,0.5078015032717438,0.019975281086527654,436
0.07372264862060547,0.004050978252298691,0.006447982788085937,0.0013126958758050106,entropy,15,log2,2,2,best,"{'criterion': 'entropy', 'max_depth': 15, 'max_features': 'log2', 'min_samples_leaf': 2, 'min_samples_split': 2, 'splitter': 'best'}",0.47706422018348627,0.5197018104366348,0.48060344827586204,0.5269230769230769,0.5342205323193916,0.5077026176276903,0.02404031139854999,437
0.07005772590637208,0.002395860263618518,0.006049346923828125,0.0003129928886272333,entropy,10,sqrt,4,20,best,"{'criterion': 'entropy', 'max_depth': 10, 'max_features': 'sqrt', 'min_samples_leaf': 4, 'min_samples_split': 20, 'splitter': 'best'}",0.4815668202764977,0.5151515151515151,0.48325358851674644,0.5264367816091954,0.5317286652078774,0.5076274741523664,0.02128150667444741,438
0.08956561088562012,0.0019599039312783646,0.007349729537963867,0.0012305030245586526,gini,20,sqrt,1,20,best,"{'criterion': 'gini', 'max_depth': 20, 'max_features': 'sqrt', 'min_samples_leaf': 1, 'min_samples_split': 20, 'splitter': 'best'}",0.4899598393574297,0.551094890510949,0.4956605593056895,0.481064483111566,0.5201535508637236,0.5075866646298716,0.02532688460435693,439
0.10573854446411132,0.010636306626241864,0.011153554916381836,0.0036773027053374928,gini,25,log2,8,5,best,"{'criterion': 'gini', 'max_depth': 25, 'max_features': 'log2', 'min_samples_leaf': 8, 'min_samples_split': 5, 'splitter': 'best'}",0.504149377593361,0.558282208588957,0.4852941176470588,0.5135135135135135,0.47657841140529533,0.5075635257496371,0.028549771975096137,440
0.06864962577819825,0.004046312216513453,0.006200838088989258,0.00010585595893890655,gini,25,log2,8,2,best,"{'criterion': 'gini', 'max_depth': 25, 'max_features': 'log2', 'min_samples_leaf': 8, 'min_samples_split': 2, 'splitter': 'best'}",0.504149377593361,0.558282208588957,0.4852941176470588,0.5135135135135135,0.47657841140529533,0.5075635257496371,0.028549771975096137,440
0.09514250755310058,0.0050021246348591316,0.009175920486450195,0.002717359484749137,gini,25,log2,8,10,best,"{'criterion': 'gini', 'max_depth': 25, 'max_features': 'log2', 'min_samples_leaf': 8, 'min_samples_split': 10, 'splitter': 'best'}",0.504149377593361,0.558282208588957,0.4852941176470588,0.5135135135135135,0.47657841140529533,0.5075635257496371,0.028549771975096137,440
0.06849803924560546,0.0011411005272257628,0.005629205703735351,0.0003621500396143546,entropy,10,sqrt,2,2,best,"{'criterion': 'entropy', 'max_depth': 10, 'max_features': 'sqrt', 'min_samples_leaf': 2, 'min_samples_split': 2, 'splitter': 'best'}",0.517799352750809,0.5079006772009029,0.5053635280095352,0.5302530253025303,0.47342995169082125,0.5069493069909197,0.018909012455054695,443
0.15024042129516602,0.018357704355079323,0.007784986495971679,0.001539968547865669,gini,10,log2,1,2,best,"{'criterion': 'gini', 'max_depth': 10, 'max_features': 'log2', 'min_samples_leaf': 1, 'min_samples_split': 2, 'splitter': 'best'}",0.5250255362614913,0.49217002237136465,0.49130434782608695,0.5158562367864693,0.510314875135722,0.5069342036762269,0.013271031403375955,444
0.07583479881286621,0.0042918396269037125,0.00713801383972168,0.0013206556086246648,gini,20,log2,2,10,best,"{'criterion': 'gini', 'max_depth': 20, 'max_features': 'log2', 'min_samples_leaf': 2, 'min_samples_split': 10, 'splitter': 'best'}",0.4890738813735692,0.4794520547945205,0.5222437137330754,0.5214659685863874,0.522432701894317,0.5069336640763739,0.018761750211834217,445
0.1029210090637207,0.002491986733051393,0.009644556045532226,0.001050872293667139,gini,15,sqrt,8,20,best,"{'criterion': 'gini', 'max_depth': 15, 'max_features': 'sqrt', 'min_samples_leaf': 8, 'min_samples_split': 20, 'splitter': 'best'}",0.49469214437367304,0.5022026431718062,0.5058949624866024,0.4956140350877193,0.5362318840579711,0.5069271338355544,0.015230467791465155,446
0.07637181282043456,0.0038694665066265487,0.005601024627685547,0.00047504571568909393,entropy,20,log2,1,2,best,"{'criterion': 'entropy', 'max_depth': 20, 'max_features': 'log2', 'min_samples_leaf': 1, 'min_samples_split': 2, 'splitter': 'best'}",0.5029013539651838,0.5586272640610105,0.5,0.4786680541103018,0.4942084942084942,0.506881033268998,0.027193470931970075,447
0.08962740898132324,0.007908244771506878,0.009347105026245117,0.0011478089120572764,gini,10,log2,2,20,best,"{'criterion': 'gini', 'max_depth': 10, 'max_features': 'log2', 'min_samples_leaf': 2, 'min_samples_split': 20, 'splitter': 'best'}",0.49017341040462425,0.4637002341920375,0.5150812064965197,0.564870259481038,0.5005740528128588,0.5068798326774157,0.033506707578043256,448
0.08303499221801758,0.006133805001682158,0.008005714416503907,0.0008700207320173225,gini,,sqrt,8,20,best,"{'criterion': 'gini', 'max_depth': None, 'max_features': 'sqrt', 'min_samples_leaf': 8, 'min_samples_split': 20, 'splitter': 'best'}",0.49471458773784355,0.5140562248995983,0.5014985014985015,0.5298281092012134,0.4939759036144578,0.5068146653903229,0.013576200218187272,449
0.3462228298187256,0.07576126735836544,0.022415018081665038,0.022244869943074033,entropy,,sqrt,1,5,best,"{'criterion': 'entropy', 'max_depth': None, 'max_features': 'sqrt', 'min_samples_leaf': 1, 'min_samples_split': 5, 'splitter': 'best'}",0.49358341559723595,0.5244360902255639,0.504725897920605,0.49343339587242024,0.5160697887970616,0.5064497176825773,0.012280010446994198,450
0.08580136299133301,0.0025110258695697787,0.006375265121459961,0.0006820002258015696,entropy,15,log2,2,10,best,"{'criterion': 'entropy', 'max_depth': 15, 'max_features': 'log2', 'min_samples_leaf': 2, 'min_samples_split': 10, 'splitter': 'best'}",0.4966292134831461,0.5811088295687885,0.495850622406639,0.44640883977900553,0.5119521912350598,0.5063899392945277,0.04340030524866446,451
0.07770781517028809,0.004066847491337947,0.006807851791381836,0.0010894628986776083,gini,20,sqrt,8,20,best,"{'criterion': 'gini', 'max_depth': 20, 'max_features': 'sqrt', 'min_samples_leaf': 8, 'min_samples_split': 20, 'splitter': 'best'}",0.4820846905537459,0.5269343780607247,0.5014749262536873,0.5165829145728643,0.5044687189672294,0.5063091256816503,0.015129650439660525,452
0.07115764617919922,0.004128965267984935,0.006090736389160157,0.0007122484660902081,entropy,10,sqrt,2,10,best,"{'criterion': 'entropy', 'max_depth': 10, 'max_features': 'sqrt', 'min_samples_leaf': 2, 'min_samples_split': 10, 'splitter': 'best'}",0.4935370152761457,0.5146579804560261,0.5474613686534217,0.4323040380047506,0.5425425425425425,0.5061005889865774,0.041751007996398276,453
0.10346746444702148,0.02302857329903394,0.006340789794921875,0.0008257293037001086,gini,10,sqrt,2,10,best,"{'criterion': 'gini', 'max_depth': 10, 'max_features': 'sqrt', 'min_samples_leaf': 2, 'min_samples_split': 10, 'splitter': 'best'}",0.5263157894736842,0.5894941634241245,0.4288990825688073,0.5115766262403528,0.47264260768335276,0.5057856538780643,0.05379989360148666,454
0.1507845401763916,0.007358967367660306,0.00911884307861328,0.0010403982248933853,entropy,20,sqrt,1,2,best,"{'criterion': 'entropy', 'max_depth': 20, 'max_features': 'sqrt', 'min_samples_leaf': 1, 'min_samples_split': 2, 'splitter': 'best'}",0.47884615384615387,0.5344506517690876,0.5045226130653266,0.51661918328585,0.49427480916030536,0.5057426822253446,0.018967707878852103,455
0.09206609725952149,0.005771406911953511,0.006968307495117188,0.0007329646721806571,entropy,25,log2,1,20,best,"{'criterion': 'entropy', 'max_depth': 25, 'max_features': 'log2', 'min_samples_leaf': 1, 'min_samples_split': 20, 'splitter': 'best'}",0.5133470225872689,0.5270403146509341,0.4722502522704339,0.49382716049382713,0.5201970443349754,0.5053323588674878,0.019915945467894297,456
0.09611163139343262,0.004229571490224626,0.006367731094360352,0.0006023161046900338,entropy,20,sqrt,8,5,best,"{'criterion': 'entropy', 'max_depth': 20, 'max_features': 'sqrt', 'min_samples_leaf': 8, 'min_samples_split': 5, 'splitter': 'best'}",0.49641025641025643,0.5424710424710425,0.48585365853658535,0.49440488301119023,0.5058823529411764,0.5050044386740502,0.01978625817302561,457
0.08786149024963379,0.008991430576325775,0.0068222999572753905,0.0010183176021377534,entropy,20,sqrt,8,2,best,"{'criterion': 'entropy', 'max_depth': 20, 'max_features': 'sqrt', 'min_samples_leaf': 8, 'min_samples_split': 2, 'splitter': 'best'}",0.49641025641025643,0.5424710424710425,0.48585365853658535,0.49440488301119023,0.5058823529411764,0.5050044386740502,0.01978625817302561,457
0.08554821014404297,0.004018791853439491,0.0061893463134765625,0.0009200906772197671,entropy,20,sqrt,8,10,best,"{'criterion': 'entropy', 'max_depth': 20, 'max_features': 'sqrt', 'min_samples_leaf': 8, 'min_samples_split': 10, 'splitter': 'best'}",0.49641025641025643,0.5424710424710425,0.48585365853658535,0.49440488301119023,0.5058823529411764,0.5050044386740502,0.01978625817302561,457
0.23307595252990723,0.07145319801937931,0.011599016189575196,0.0019758973619308316,gini,15,sqrt,2,10,best,"{'criterion': 'gini', 'max_depth': 15, 'max_features': 'sqrt', 'min_samples_leaf': 2, 'min_samples_split': 10, 'splitter': 'best'}",0.49334698055271237,0.522,0.5170340681362725,0.4718162839248434,0.5206611570247934,0.5049716979277244,0.01957569158432304,460
0.09876847267150879,0.0037622848328554164,0.00861673355102539,0.0016477496994399062,gini,20,sqrt,1,10,best,"{'criterion': 'gini', 'max_depth': 20, 'max_features': 'sqrt', 'min_samples_leaf': 1, 'min_samples_split': 10, 'splitter': 'best'}",0.4645030425963489,0.5258033106134372,0.5409047160731473,0.5057915057915058,0.4876190476190476,0.5049243245386974,0.0270725886495374,461
0.10488739013671874,0.004631464990371642,0.008653974533081055,0.001538955672536603,gini,15,sqrt,1,2,best,"{'criterion': 'gini', 'max_depth': 15, 'max_features': 'sqrt', 'min_samples_leaf': 1, 'min_samples_split': 2, 'splitter': 'best'}",0.525679758308157,0.4723926380368098,0.5160642570281124,0.48289345063538613,0.5262096774193549,0.5046479562855641,0.022588671977897507,462
0.08677935600280762,0.004509958148920444,0.006332969665527344,0.00066165683522671,entropy,,log2,2,10,best,"{'criterion': 'entropy', 'max_depth': None, 'max_features': 'log2', 'min_samples_leaf': 2, 'min_samples_split': 10, 'splitter': 'best'}",0.5269461077844312,0.5170454545454546,0.4885057471264368,0.49474689589302767,0.49500998003992014,0.5044508370778541,0.014847247172492544,463
0.07349376678466797,0.004855746725199556,0.0055542469024658205,0.0003749150585438566,entropy,15,log2,1,10,best,"{'criterion': 'entropy', 'max_depth': 15, 'max_features': 'log2', 'min_samples_leaf': 1, 'min_samples_split': 10, 'splitter': 'best'}",0.5203252032520326,0.4946236559139785,0.5270684371807968,0.47560975609756095,0.5045592705167173,0.5044372645922173,0.01839534514129498,464
0.10843100547790527,0.0038934342916581177,0.005803823471069336,0.0002248840071902944,entropy,20,sqrt,2,10,best,"{'criterion': 'entropy', 'max_depth': 20, 'max_features': 'sqrt', 'min_samples_leaf': 2, 'min_samples_split': 10, 'splitter': 'best'}",0.4747583243823845,0.5376984126984127,0.524975514201763,0.4817073170731707,0.5014985014985015,0.5041276139708464,0.024223008019435242,465
0.018448686599731444,0.001422589888242876,0.005402231216430664,0.0002017487027997806,entropy,20,sqrt,1,20,random,"{'criterion': 'entropy', 'max_depth': 20, 'max_features': 'sqrt', 'min_samples_leaf': 1, 'min_samples_split': 20, 'splitter': 'random'}",0.5063045586808923,0.49527806925498424,0.47871116225546606,0.5256673511293635,0.5144628099173554,0.5040847902476123,0.01612338010780171,466
0.10145869255065917,0.013829826264642244,0.008334779739379882,0.00040872228790005805,entropy,25,log2,8,20,best,"{'criterion': 'entropy', 'max_depth': 25, 'max_features': 'log2', 'min_samples_leaf': 8, 'min_samples_split': 20, 'splitter': 'best'}",0.46996838777660693,0.5404339250493096,0.49147442326980945,0.5191919191919192,0.49798387096774194,0.5038105052510774,0.02412169261645308,467
0.07984538078308105,0.005500826060509982,0.006419563293457031,0.0005309293569547142,gini,20,log2,1,10,best,"{'criterion': 'gini', 'max_depth': 20, 'max_features': 'log2', 'min_samples_leaf': 1, 'min_samples_split': 10, 'splitter': 'best'}",0.4863773965691221,0.5004793863854267,0.5533522190745986,0.4726166328600406,0.5054509415262636,0.5036553152830903,0.027367934982661924,468
0.1695910930633545,0.03235523590959065,0.015897083282470702,0.007938454791288888,gini,15,sqrt,2,2,best,"{'criterion': 'gini', 'max_depth': 15, 'max_features': 'sqrt', 'min_samples_leaf': 2, 'min_samples_split': 2, 'splitter': 'best'}",0.46652267818574517,0.5487228003784295,0.518595041322314,0.5165829145728643,0.4675876726886291,0.5036022214295964,0.031940851384022854,469
0.12992520332336427,0.007233226176052378,0.008983850479125977,0.0016128724815222383,entropy,15,sqrt,1,2,best,"{'criterion': 'entropy', 'max_depth': 15, 'max_features': 'sqrt', 'min_samples_leaf': 1, 'min_samples_split': 2, 'splitter': 'best'}",0.4850361197110423,0.5514563106796116,0.5038167938931297,0.5252525252525253,0.4506104328523862,0.503234436477739,0.03438298711775065,470
0.08081493377685547,0.002949799792500844,0.005869579315185547,0.0007373558934142889,entropy,20,log2,1,10,best,"{'criterion': 'entropy', 'max_depth': 20, 'max_features': 'log2', 'min_samples_leaf': 1, 'min_samples_split': 10, 'splitter': 'best'}",0.45181347150259066,0.5426829268292683,0.5487571701720841,0.492725509214355,0.4801587301587302,0.5032275615754056,0.03719017034385089,471
0.10444297790527343,0.00557550945517686,0.006151866912841797,0.00019298292001045244,entropy,25,sqrt,4,10,best,"{'criterion': 'entropy', 'max_depth': 25, 'max_features': 'sqrt', 'min_samples_leaf': 4, 'min_samples_split': 10, 'splitter': 'best'}",0.49173955296404276,0.5401322001888574,0.501953125,0.485024154589372,0.49603174603174605,0.5029761557548037,0.01938235612320311,472
0.07230501174926758,0.0018852498969939553,0.00562896728515625,0.000621601810254412,entropy,,log2,8,2,best,"{'criterion': 'entropy', 'max_depth': None, 'max_features': 'log2', 'min_samples_leaf': 8, 'min_samples_split': 2, 'splitter': 'best'}",0.5138178096212896,0.5234765234765235,0.5190243902439025,0.4847870182555781,0.47342026078234706,0.5029052004759282,0.019998614166157325,473
0.07146615982055664,0.0026434243768772435,0.005235052108764649,0.0003696952222101643,entropy,,log2,8,5,best,"{'criterion': 'entropy', 'max_depth': None, 'max_features': 'log2', 'min_samples_leaf': 8, 'min_samples_split': 5, 'splitter': 'best'}",0.5138178096212896,0.5234765234765235,0.5190243902439025,0.4847870182555781,0.47342026078234706,0.5029052004759282,0.019998614166157325,473
0.07591667175292968,0.004914799933249686,0.0066277503967285155,0.0005356577208090129,entropy,,log2,8,10,best,"{'criterion': 'entropy', 'max_depth': None, 'max_features': 'log2', 'min_samples_leaf': 8, 'min_samples_split': 10, 'splitter': 'best'}",0.5138178096212896,0.5234765234765235,0.5190243902439025,0.4847870182555781,0.47342026078234706,0.5029052004759282,0.019998614166157325,473
0.10427579879760743,0.033030563093142395,0.015634632110595702,0.004943680357070778,gini,10,log2,8,20,best,"{'criterion': 'gini', 'max_depth': 10, 'max_features': 'log2', 'min_samples_leaf': 8, 'min_samples_split': 20, 'splitter': 'best'}",0.5,0.5520833333333334,0.5034324942791762,0.555431131019037,0.4032073310423826,0.5028308579347859,0.055001487061426886,476
0.022090339660644533,0.0014234498855939942,0.006342840194702148,0.001034888862803285,gini,25,sqrt,1,20,random,"{'criterion': 'gini', 'max_depth': 25, 'max_features': 'sqrt', 'min_samples_leaf': 1, 'min_samples_split': 20, 'splitter': 'random'}",0.4607329842931937,0.5026178010471204,0.502,0.5397784491440081,0.5090180360721442,0.5028294541112932,0.025204651725037726,477
0.08897438049316406,0.007039700698427136,0.007215738296508789,0.0009018178641676988,gini,,sqrt,4,5,best,"{'criterion': 'gini', 'max_depth': None, 'max_features': 'sqrt', 'min_samples_leaf': 4, 'min_samples_split': 5, 'splitter': 'best'}",0.45435684647302904,0.5283018867924528,0.5004721435316336,0.504835589941973,0.5257936507936508,0.5027520235065478,0.02659076668267643,478
0.0979964256286621,0.002152565953445207,0.007234525680541992,0.0007580843521990845,gini,,sqrt,4,2,best,"{'criterion': 'gini', 'max_depth': None, 'max_features': 'sqrt', 'min_samples_leaf': 4, 'min_samples_split': 2, 'splitter': 'best'}",0.45435684647302904,0.5283018867924528,0.5004721435316336,0.504835589941973,0.5257936507936508,0.5027520235065478,0.02659076668267643,478
0.06288418769836426,0.00170465301653888,0.007424020767211914,0.0012254911877575265,gini,10,log2,2,10,best,"{'criterion': 'gini', 'max_depth': 10, 'max_features': 'log2', 'min_samples_leaf': 2, 'min_samples_split': 10, 'splitter': 'best'}",0.4752475247524752,0.5047120418848168,0.5404837013669821,0.4808362369337979,0.511340206185567,0.5025239422247278,0.02340007314259708,480
0.0975231647491455,0.008088636893477653,0.007165193557739258,0.0010720678725186779,entropy,15,sqrt,4,5,best,"{'criterion': 'entropy', 'max_depth': 15, 'max_features': 'sqrt', 'min_samples_leaf': 4, 'min_samples_split': 5, 'splitter': 'best'}",0.49730893433799783,0.5544747081712063,0.5128693994280267,0.48472075869336145,0.4628099173553719,0.5024367435971928,0.03074809253141353,481
0.09083466529846192,0.004089378146808821,0.006627988815307617,0.0009115118564778292,entropy,15,sqrt,4,2,best,"{'criterion': 'entropy', 'max_depth': 15, 'max_features': 'sqrt', 'min_samples_leaf': 4, 'min_samples_split': 2, 'splitter': 'best'}",0.49730893433799783,0.5544747081712063,0.5128693994280267,0.48472075869336145,0.4628099173553719,0.5024367435971928,0.03074809253141353,481
0.0990109920501709,0.00431911612418653,0.007711648941040039,0.0006396791182266605,entropy,25,log2,2,5,best,"{'criterion': 'entropy', 'max_depth': 25, 'max_features': 'log2', 'min_samples_leaf': 2, 'min_samples_split': 5, 'splitter': 'best'}",0.5,0.5037735849056604,0.491395793499044,0.5138339920948617,0.5029239766081871,0.5023854694215506,0.007207620512089644,483
0.07132153511047364,0.0019895787400440773,0.006659078598022461,0.0011322287352510865,gini,15,log2,2,5,best,"{'criterion': 'gini', 'max_depth': 15, 'max_features': 'log2', 'min_samples_leaf': 2, 'min_samples_split': 5, 'splitter': 'best'}",0.5142255005268704,0.5617977528089888,0.4844844844844845,0.5078740157480315,0.44299674267100975,0.5022756992478771,0.038852376436904,484
0.0786503791809082,0.004396315704291301,0.006379556655883789,0.000569918783625465,entropy,,log2,8,20,best,"{'criterion': 'entropy', 'max_depth': None, 'max_features': 'log2', 'min_samples_leaf': 8, 'min_samples_split': 20, 'splitter': 'best'}",0.46996838777660693,0.5356793743890518,0.49502982107355864,0.5461613216715258,0.46356275303643724,0.502080331589436,0.033575347668272706,485
0.07508664131164551,0.003918471737415133,0.006553554534912109,0.0006459996272922236,gini,15,log2,1,5,best,"{'criterion': 'gini', 'max_depth': 15, 'max_features': 'log2', 'min_samples_leaf': 1, 'min_samples_split': 5, 'splitter': 'best'}",0.437703141928494,0.5337301587301587,0.5483549351944168,0.47368421052631576,0.5168756027000965,0.5020696098158963,0.04077428652806524,486
0.09204483032226562,0.0037890074982338774,0.0066454410552978516,0.001153470869642489,entropy,20,log2,2,2,best,"{'criterion': 'entropy', 'max_depth': 20, 'max_features': 'log2', 'min_samples_leaf': 2, 'min_samples_split': 2, 'splitter': 'best'}",0.5076452599388379,0.5103857566765578,0.5009784735812133,0.5158730158730159,0.47474747474747475,0.5019259961634199,0.014410875825244607,487
0.0784071922302246,0.002884521214066788,0.007788944244384766,0.0005511222815253761,gini,25,log2,4,10,best,"{'criterion': 'gini', 'max_depth': 25, 'max_features': 'log2', 'min_samples_leaf': 4, 'min_samples_split': 10, 'splitter': 'best'}",0.5308254963427377,0.5045226130653266,0.4760956175298805,0.5060240963855421,0.49060336300692386,0.5016142372660821,0.0181859422042327,488
0.08189730644226074,0.0027499706644960728,0.0058403491973876955,0.0006061240356764434,entropy,,log2,1,10,best,"{'criterion': 'entropy', 'max_depth': None, 'max_features': 'log2', 'min_samples_leaf': 1, 'min_samples_split': 10, 'splitter': 'best'}",0.48554913294797686,0.5080568720379147,0.5370892018779343,0.5121951219512195,0.46476190476190476,0.50153044671539,0.02460927736120543,489
0.11342039108276367,0.006235771527243925,0.007139873504638672,0.0012330710782889514,entropy,25,sqrt,1,10,best,"{'criterion': 'entropy', 'max_depth': 25, 'max_features': 'sqrt', 'min_samples_leaf': 1, 'min_samples_split': 10, 'splitter': 'best'}",0.4708209693372898,0.5004757373929591,0.5198067632850242,0.5238558909444986,0.4919278252611586,0.501377437244186,0.01933249543785421,490
0.08359079360961914,0.007209143318027908,0.008200979232788086,0.001021067492444253,gini,,log2,1,20,best,"{'criterion': 'gini', 'max_depth': None, 'max_features': 'log2', 'min_samples_leaf': 1, 'min_samples_split': 20, 'splitter': 'best'}",0.48717948717948717,0.534466477809254,0.532304725168756,0.4838709677419355,0.46893787575150303,0.5013519067301871,0.02687661398004115,491
0.26640758514404295,0.0844083945838285,0.017648649215698243,0.006246908559621326,gini,15,sqrt,2,5,best,"{'criterion': 'gini', 'max_depth': 15, 'max_features': 'sqrt', 'min_samples_leaf': 2, 'min_samples_split': 5, 'splitter': 'best'}",0.48898216159496327,0.5032537960954447,0.5364850976361768,0.5129265770423992,0.46458333333333335,0.5012461931404635,0.02398672127142747,492
0.07192063331604004,0.0015282930930610372,0.005475664138793945,0.000333239673632363,entropy,15,log2,4,10,best,"{'criterion': 'entropy', 'max_depth': 15, 'max_features': 'log2', 'min_samples_leaf': 4, 'min_samples_split': 10, 'splitter': 'best'}",0.482897384305835,0.5380710659898477,0.5090521831735889,0.45376344086021503,0.5219885277246654,0.5011545204108303,0.029794287086902863,493
0.19099884033203124,0.034814354375930584,0.01754140853881836,0.006747334841959406,gini,15,sqrt,1,5,best,"{'criterion': 'gini', 'max_depth': 15, 'max_features': 'sqrt', 'min_samples_leaf': 1, 'min_samples_split': 5, 'splitter': 'best'}",0.49258160237388726,0.5413105413105413,0.5274509803921569,0.4349514563106796,0.508637236084453,0.5009863632943435,0.0369220803632122,494
0.06845974922180176,0.006643912491780028,0.005454874038696289,0.00023890029879394613,entropy,15,log2,4,20,best,"{'criterion': 'entropy', 'max_depth': 15, 'max_features': 'log2', 'min_samples_leaf': 4, 'min_samples_split': 20, 'splitter': 'best'}",0.43155452436194897,0.5365365365365365,0.559322033898305,0.4419642857142857,0.5354166666666667,0.5009588094355486,0.05321032451695575,495
0.07906904220581054,0.005372596003679001,0.008535337448120118,0.003910151426586233,gini,,log2,2,20,best,"{'criterion': 'gini', 'max_depth': None, 'max_features': 'log2', 'min_samples_leaf': 2, 'min_samples_split': 20, 'splitter': 'best'}",0.5009861932938856,0.4817073170731707,0.5447470817120622,0.45708582834331335,0.5199203187250996,0.5008893478295062,0.030240326310740338,496
0.10034661293029785,0.004266145653318287,0.0060404777526855465,0.0005721913296434639,entropy,20,sqrt,4,10,best,"{'criterion': 'entropy', 'max_depth': 20, 'max_features': 'sqrt', 'min_samples_leaf': 4, 'min_samples_split': 10, 'splitter': 'best'}",0.4896694214876033,0.5228136882129277,0.49258160237388726,0.4477317554240631,0.5507776761207686,0.50071482872385,0.03461215026076827,497
0.07928919792175293,0.002666661695180881,0.005840396881103516,0.00059343330916767,entropy,20,log2,2,5,best,"{'criterion': 'entropy', 'max_depth': 20, 'max_features': 'log2', 'min_samples_leaf': 2, 'min_samples_split': 5, 'splitter': 'best'}",0.5025432349949135,0.44083969465648853,0.49342770475227504,0.5320574162679426,0.532555879494655,0.5002847860332549,0.03357607049499119,498
0.1634363651275635,0.008036599399429405,0.009027862548828125,0.0010062910867215274,entropy,,sqrt,2,10,best,"{'criterion': 'entropy', 'max_depth': None, 'max_features': 'sqrt', 'min_samples_leaf': 2, 'min_samples_split': 10, 'splitter': 'best'}",0.5034146341463415,0.527536231884058,0.4695817490494297,0.4932562620423892,0.5057251908396947,0.4999028135923826,0.018832856232768095,499
0.0785667896270752,0.0029349828633687546,0.006111812591552734,0.0010090098982473773,entropy,20,log2,4,5,best,"{'criterion': 'entropy', 'max_depth': 20, 'max_features': 'log2', 'min_samples_leaf': 4, 'min_samples_split': 5, 'splitter': 'best'}",0.5077399380804953,0.4980392156862745,0.5319548872180451,0.4722792607802875,0.4891640866873065,0.49983547769048176,0.019852391271525473,500
0.07766103744506836,0.0022642096777397325,0.005682373046875,0.0005618614261207464,entropy,20,log2,4,2,best,"{'criterion': 'entropy', 'max_depth': 20, 'max_features': 'log2', 'min_samples_leaf': 4, 'min_samples_split': 2, 'splitter': 'best'}",0.5077399380804953,0.4980392156862745,0.5319548872180451,0.4722792607802875,0.4891640866873065,0.49983547769048176,0.019852391271525473,500
0.09473681449890137,0.007070448964286505,0.006367397308349609,0.0006030979825791622,entropy,25,log2,1,10,best,"{'criterion': 'entropy', 'max_depth': 25, 'max_features': 'log2', 'min_samples_leaf': 1, 'min_samples_split': 10, 'splitter': 'best'}",0.504364694471387,0.47912524850894633,0.5366317792578497,0.4966698382492864,0.48209099709583736,0.49977651151666136,0.02063136295077921,502
0.08629384040832519,0.004938825590932742,0.00840134620666504,0.0010083443975929854,gini,25,log2,1,2,best,"{'criterion': 'gini', 'max_depth': 25, 'max_features': 'log2', 'min_samples_leaf': 1, 'min_samples_split': 2, 'splitter': 'best'}",0.5052631578947369,0.5122615803814714,0.5231607629427792,0.4716981132075472,0.4860710854947166,0.4996909399842503,0.018487844598056663,503
0.08451342582702637,0.0033064020755977732,0.007138586044311524,0.0014743267446790664,gini,,log2,4,5,best,"{'criterion': 'gini', 'max_depth': None, 'max_features': 'log2', 'min_samples_leaf': 4, 'min_samples_split': 5, 'splitter': 'best'}",0.4318407960199005,0.5360406091370559,0.5199590583418628,0.49411764705882355,0.5159362549800797,0.49957887310754445,0.03641605734749896,504
0.07172842025756836,0.003866685377337853,0.00609440803527832,0.0008665647410780627,gini,,log2,4,2,best,"{'criterion': 'gini', 'max_depth': None, 'max_features': 'log2', 'min_samples_leaf': 4, 'min_samples_split': 2, 'splitter': 'best'}",0.4318407960199005,0.5360406091370559,0.5199590583418628,0.49411764705882355,0.5159362549800797,0.49957887310754445,0.03641605734749896,504
0.09442734718322754,0.013003224725304855,0.009595632553100586,0.007689407942500303,entropy,15,sqrt,4,10,best,"{'criterion': 'entropy', 'max_depth': 15, 'max_features': 'sqrt', 'min_samples_leaf': 4, 'min_samples_split': 10, 'splitter': 'best'}",0.4650655021834061,0.5445736434108527,0.4834503510531595,0.5096525096525096,0.49398907103825135,0.4993462154676358,0.026863673402497665,506
0.06494364738464356,0.001972844886730725,0.006323909759521485,0.0004044964840798699,gini,10,sqrt,4,10,best,"{'criterion': 'gini', 'max_depth': 10, 'max_features': 'sqrt', 'min_samples_leaf': 4, 'min_samples_split': 10, 'splitter': 'best'}",0.4563445867287544,0.5311284046692607,0.5496688741721855,0.3995510662177329,0.5598335067637877,0.4993052877103442,0.06165937633562055,507
0.08563790321350098,0.00289511695564318,0.009211444854736328,0.0016634160136487668,gini,15,sqrt,8,2,best,"{'criterion': 'gini', 'max_depth': 15, 'max_features': 'sqrt', 'min_samples_leaf': 8, 'min_samples_split': 2, 'splitter': 'best'}",0.4824561403508772,0.5336008024072216,0.5096056622851365,0.48945147679324896,0.48068669527896996,0.4991601554230908,0.02004903024217018,508
0.14725699424743652,0.04561065415004129,0.01684393882751465,0.011320233563939667,gini,15,sqrt,8,5,best,"{'criterion': 'gini', 'max_depth': 15, 'max_features': 'sqrt', 'min_samples_leaf': 8, 'min_samples_split': 5, 'splitter': 'best'}",0.4824561403508772,0.5336008024072216,0.5096056622851365,0.48945147679324896,0.48068669527896996,0.4991601554230908,0.02004903024217018,508
0.11144838333129883,0.020459634094431422,0.011653280258178711,0.0035943733996574947,gini,15,sqrt,8,10,best,"{'criterion': 'gini', 'max_depth': 15, 'max_features': 'sqrt', 'min_samples_leaf': 8, 'min_samples_split': 10, 'splitter': 'best'}",0.4824561403508772,0.5336008024072216,0.5096056622851365,0.48945147679324896,0.48068669527896996,0.4991601554230908,0.02004903024217018,508
0.0680006980895996,0.003498273687850662,0.0067520618438720705,0.0014200482404296188,gini,20,log2,4,20,best,"{'criterion': 'gini', 'max_depth': 20, 'max_features': 'log2', 'min_samples_leaf': 4, 'min_samples_split': 20, 'splitter': 'best'}",0.4587352625937835,0.4759095378564405,0.5278592375366569,0.5111561866125761,0.5219084712755598,0.49911373917500335,0.027054686683586567,511
0.06932120323181153,0.002568161071877081,0.006013822555541992,0.0008873284370553302,gini,,log2,4,10,best,"{'criterion': 'gini', 'max_depth': None, 'max_features': 'log2', 'min_samples_leaf': 4, 'min_samples_split': 10, 'splitter': 'best'}",0.5312190287413281,0.5118577075098815,0.4935323383084577,0.4979757085020243,0.46077457795431975,0.49907187220320226,0.023218475468439283,512
0.1367093563079834,0.006052934964817022,0.007610225677490234,0.001471547581088332,entropy,25,sqrt,1,5,best,"{'criterion': 'entropy', 'max_depth': 25, 'max_features': 'sqrt', 'min_samples_leaf': 1, 'min_samples_split': 5, 'splitter': 'best'}",0.4975417895771878,0.5276292335115864,0.4687800192122959,0.47619047619047616,0.5247148288973384,0.49897126947777704,0.024151725827896594,513
0.12616491317749023,0.0028411972687389505,0.007963609695434571,0.0013284306202486164,entropy,,sqrt,4,10,best,"{'criterion': 'entropy', 'max_depth': None, 'max_features': 'sqrt', 'min_samples_leaf': 4, 'min_samples_split': 10, 'splitter': 'best'}",0.5053868756121449,0.5520446096654275,0.49427480916030536,0.46418338108882523,0.47843137254901963,0.49886420961514455,0.03004005131684766,514
0.06474466323852539,0.0030224197862429186,0.005824136734008789,0.0006046586300432209,gini,25,log2,4,20,best,"{'criterion': 'gini', 'max_depth': 25, 'max_features': 'log2', 'min_samples_leaf': 4, 'min_samples_split': 20, 'splitter': 'best'}",0.45764576457645767,0.5401742497579864,0.5228628230616302,0.5197969543147208,0.4536082474226804,0.49881760782669515,0.035965772983085606,515
0.0863837718963623,0.0016935298552591418,0.005970954895019531,0.0013338958832426972,gini,20,sqrt,2,2,best,"{'criterion': 'gini', 'max_depth': 20, 'max_features': 'sqrt', 'min_samples_leaf': 2, 'min_samples_split': 2, 'splitter': 'best'}",0.5065065065065065,0.5197628458498024,0.5066941297631308,0.47609942638623326,0.484027105517909,0.4986180028047163,0.016090601432215842,516
0.07631859779357911,0.0023160964105743065,0.007182979583740234,0.0008445178436908784,gini,15,log2,4,10,best,"{'criterion': 'gini', 'max_depth': 15, 'max_features': 'log2', 'min_samples_leaf': 4, 'min_samples_split': 10, 'splitter': 'best'}",0.4515366430260047,0.5595238095238095,0.5172413793103449,0.5293532338308458,0.4351747463359639,0.49856596240539375,0.047418750636768266,517
0.06729326248168946,0.002340140252501961,0.006868839263916016,0.0010208222385416463,gini,10,sqrt,2,5,best,"{'criterion': 'gini', 'max_depth': 10, 'max_features': 'sqrt', 'min_samples_leaf': 2, 'min_samples_split': 5, 'splitter': 'best'}",0.4817351598173516,0.48354143019296253,0.5076923076923077,0.501628664495114,0.5174418604651163,0.49840788453257046,0.013840934873324407,518
0.06973366737365723,0.0017486458621146785,0.0061321258544921875,0.0003533325375289899,gini,25,log2,4,5,best,"{'criterion': 'gini', 'max_depth': 25, 'max_features': 'log2', 'min_samples_leaf': 4, 'min_samples_split': 5, 'splitter': 'best'}",0.42814070351758793,0.5310957551826259,0.5182186234817814,0.47128712871287126,0.5431372549019607,0.4983758931593655,0.04274268556320461,519
0.09036521911621094,0.011135881672229373,0.009599018096923827,0.001963186862241566,gini,25,log2,4,2,best,"{'criterion': 'gini', 'max_depth': 25, 'max_features': 'log2', 'min_samples_leaf': 4, 'min_samples_split': 2, 'splitter': 'best'}",0.42814070351758793,0.5310957551826259,0.5182186234817814,0.47128712871287126,0.5431372549019607,0.4983758931593655,0.04274268556320461,519
0.07350006103515624,0.003709040591207483,0.006538820266723633,0.0011162973721228966,gini,20,log2,4,10,best,"{'criterion': 'gini', 'max_depth': 20, 'max_features': 'log2', 'min_samples_leaf': 4, 'min_samples_split': 10, 'splitter': 'best'}",0.5352400408580184,0.5045965270684372,0.49952516619183285,0.48185483870967744,0.4697720515361744,0.49819772487282804,0.022315684064462195,521
0.08316326141357422,0.0030809509461008754,0.007460165023803711,0.0012134602968408112,gini,,log2,2,5,best,"{'criterion': 'gini', 'max_depth': None, 'max_features': 'log2', 'min_samples_leaf': 2, 'min_samples_split': 5, 'splitter': 'best'}",0.48627450980392156,0.539651837524178,0.46061814556331004,0.5067698259187621,0.49607843137254903,0.4978785500365442,0.025885494983762657,522
0.10482997894287109,0.004230977871177681,0.008303308486938476,0.0006981988922927249,entropy,10,sqrt,1,2,best,"{'criterion': 'entropy', 'max_depth': 10, 'max_features': 'sqrt', 'min_samples_leaf': 1, 'min_samples_split': 2, 'splitter': 'best'}",0.48598130841121495,0.4819277108433735,0.5395033860045146,0.4904386951631046,0.49145299145299143,0.4978608183750398,0.021096152588601154,523
0.10488295555114746,0.018477936866598457,0.009133148193359374,0.0009021523308245084,gini,20,sqrt,8,2,best,"{'criterion': 'gini', 'max_depth': 20, 'max_features': 'sqrt', 'min_samples_leaf': 8, 'min_samples_split': 2, 'splitter': 'best'}",0.4792719919110212,0.5526838966202783,0.4930966469428008,0.4930139720558882,0.47047047047047047,0.4977073956000918,0.02880075378133064,524
0.07518877983093261,0.004027852130883754,0.006412935256958008,0.0008837271101916739,gini,20,sqrt,8,10,best,"{'criterion': 'gini', 'max_depth': 20, 'max_features': 'sqrt', 'min_samples_leaf': 8, 'min_samples_split': 10, 'splitter': 'best'}",0.4792719919110212,0.5526838966202783,0.4930966469428008,0.4930139720558882,0.47047047047047047,0.4977073956000918,0.02880075378133064,524
0.0884204387664795,0.005394084157120093,0.007812738418579102,0.0009429855977143735,gini,20,sqrt,8,5,best,"{'criterion': 'gini', 'max_depth': 20, 'max_features': 'sqrt', 'min_samples_leaf': 8, 'min_samples_split': 5, 'splitter': 'best'}",0.4792719919110212,0.5526838966202783,0.4930966469428008,0.4930139720558882,0.47047047047047047,0.4977073956000918,0.02880075378133064,524
0.10730504989624023,0.005463475017675897,0.007201385498046875,0.0007583636123388428,entropy,25,sqrt,4,5,best,"{'criterion': 'entropy', 'max_depth': 25, 'max_features': 'sqrt', 'min_samples_leaf': 4, 'min_samples_split': 5, 'splitter': 'best'}",0.5167853509664293,0.5389797882579404,0.48705656759348037,0.49157581764122893,0.4527938342967245,0.4974382717511607,0.02910422997736461,527
0.11407599449157715,0.0075023860619427485,0.008777666091918945,0.0010140858567762572,entropy,25,sqrt,4,2,best,"{'criterion': 'entropy', 'max_depth': 25, 'max_features': 'sqrt', 'min_samples_leaf': 4, 'min_samples_split': 2, 'splitter': 'best'}",0.5167853509664293,0.5389797882579404,0.48705656759348037,0.49157581764122893,0.4527938342967245,0.4974382717511607,0.02910422997736461,527
0.1140810489654541,0.004906137336779949,0.0072422981262207035,0.0008654121459564076,entropy,25,sqrt,2,10,best,"{'criterion': 'entropy', 'max_depth': 25, 'max_features': 'sqrt', 'min_samples_leaf': 2, 'min_samples_split': 10, 'splitter': 'best'}",0.49899396378269617,0.5058823529411764,0.4842105263157895,0.5245901639344263,0.4728682170542636,0.4973090448056704,0.017829892164937706,529
0.0932577133178711,0.01036885085270174,0.008905792236328125,0.00035119218884188766,gini,25,log2,1,10,best,"{'criterion': 'gini', 'max_depth': 25, 'max_features': 'log2', 'min_samples_leaf': 1, 'min_samples_split': 10, 'splitter': 'best'}",0.4917073170731707,0.50093808630394,0.49951409135082603,0.502868068833652,0.490134994807892,0.49703251167389617,0.005126381076373033,530
0.13443727493286134,0.017822040129582866,0.01539626121520996,0.0037266242731850137,gini,,sqrt,2,10,best,"{'criterion': 'gini', 'max_depth': None, 'max_features': 'sqrt', 'min_samples_leaf': 2, 'min_samples_split': 10, 'splitter': 'best'}",0.46975806451612906,0.5525812619502868,0.5057692307692307,0.4853801169590643,0.4715127701375246,0.4970002888664471,0.03063631735280294,531
0.07372050285339356,0.0018718164532724026,0.00633854866027832,0.0011210172480408105,gini,20,log2,2,2,best,"{'criterion': 'gini', 'max_depth': 20, 'max_features': 'log2', 'min_samples_leaf': 2, 'min_samples_split': 2, 'splitter': 'best'}",0.48632218844984804,0.5072324011571842,0.4866412213740458,0.5076923076923077,0.4961089494163424,0.4967994136179456,0.009390849035203553,532
0.09019246101379394,0.0066868091507708985,0.008467960357666015,0.0012099613123230772,gini,,log2,1,10,best,"{'criterion': 'gini', 'max_depth': None, 'max_features': 'log2', 'min_samples_leaf': 1, 'min_samples_split': 10, 'splitter': 'best'}",0.5128205128205128,0.5066921606118547,0.4890995260663507,0.4570877531340405,0.5150943396226415,0.49615885845108,0.02155689714383061,533
0.08504576683044433,0.001783625694177949,0.006344795227050781,0.0006519929443934061,entropy,,log2,2,5,best,"{'criterion': 'entropy', 'max_depth': None, 'max_features': 'log2', 'min_samples_leaf': 2, 'min_samples_split': 5, 'splitter': 'best'}",0.5009671179883946,0.46421663442940037,0.5178743961352656,0.5103857566765578,0.486905916585839,0.4960699643630915,0.018989321565700386,534
0.0647965431213379,0.0016419947785972792,0.0070763111114501955,0.0004154520300894484,gini,10,sqrt,2,2,best,"{'criterion': 'gini', 'max_depth': 10, 'max_features': 'sqrt', 'min_samples_leaf': 2, 'min_samples_split': 2, 'splitter': 'best'}",0.41204819277108434,0.56,0.5250596658711217,0.5168067226890757,0.4657863145258103,0.49594017917141847,0.05164133755796407,535
0.07646961212158203,0.0017005807818775535,0.006293439865112304,0.0004985249959699496,gini,25,log2,2,10,best,"{'criterion': 'gini', 'max_depth': 25, 'max_features': 'log2', 'min_samples_leaf': 2, 'min_samples_split': 10, 'splitter': 'best'}",0.4925373134328358,0.5034146341463415,0.486,0.49949238578680205,0.49803149606299213,0.4958951658857943,0.006053689479430135,536
0.09516654014587403,0.007626438200795029,0.00826401710510254,0.0015386815197597843,gini,20,sqrt,4,10,best,"{'criterion': 'gini', 'max_depth': 20, 'max_features': 'sqrt', 'min_samples_leaf': 4, 'min_samples_split': 10, 'splitter': 'best'}",0.45161290322580644,0.5284147557328016,0.526,0.48834853090172237,0.4850818094321463,0.49589159985849535,0.028630836037193526,537
0.09131326675415039,0.004106311422298684,0.0064220428466796875,0.0005139827484964644,entropy,25,log2,1,2,best,"{'criterion': 'entropy', 'max_depth': 25, 'max_features': 'log2', 'min_samples_leaf': 1, 'min_samples_split': 2, 'splitter': 'best'}",0.4954128440366973,0.5074626865671642,0.5032863849765258,0.49572649572649574,0.4774436090225564,0.4958664040658879,0.010287415154602717,538
0.1441864013671875,0.011286182710939036,0.009037446975708009,0.0016850697175682882,entropy,25,sqrt,2,2,best,"{'criterion': 'entropy', 'max_depth': 25, 'max_features': 'sqrt', 'min_samples_leaf': 2, 'min_samples_split': 2, 'splitter': 'best'}",0.48746238716148443,0.4925521350546177,0.5395614871306006,0.4763779527559055,0.48296007789678674,0.495782807999879,0.022526474253083753,539
0.1330404758453369,0.006375037584305937,0.009651613235473634,0.000788962265998359,gini,,sqrt,1,2,best,"{'criterion': 'gini', 'max_depth': None, 'max_features': 'sqrt', 'min_samples_leaf': 1, 'min_samples_split': 2, 'splitter': 'best'}",0.4604051565377532,0.5482416591523895,0.5059578368469294,0.4664246823956443,0.4972477064220184,0.495655408270947,0.03153095245051048,540
0.07179074287414551,0.00729116836611181,0.008379459381103516,0.0014203268532734603,gini,,log2,4,20,best,"{'criterion': 'gini', 'max_depth': None, 'max_features': 'log2', 'min_samples_leaf': 4, 'min_samples_split': 20, 'splitter': 'best'}",0.45764576457645767,0.5188199389623601,0.5176470588235295,0.5294117647058824,0.4536082474226804,0.49542655489818205,0.03277851325424516,541
0.08040852546691894,0.00432272635354232,0.0067310333251953125,0.0008328361962987705,entropy,25,log2,8,2,best,"{'criterion': 'entropy', 'max_depth': 25, 'max_features': 'log2', 'min_samples_leaf': 8, 'min_samples_split': 2, 'splitter': 'best'}",0.5,0.508577194752775,0.511307767944936,0.48367346938775513,0.47342026078234706,0.49539573857356267,0.014618316647409615,542
0.07745594978332519,0.0032596979988481663,0.005885982513427734,0.000539330811453223,entropy,25,log2,8,5,best,"{'criterion': 'entropy', 'max_depth': 25, 'max_features': 'log2', 'min_samples_leaf': 8, 'min_samples_split': 5, 'splitter': 'best'}",0.5,0.508577194752775,0.511307767944936,0.48367346938775513,0.47342026078234706,0.49539573857356267,0.014618316647409615,542
0.08288078308105469,0.002328174705753757,0.006818199157714843,0.00047745863469342677,entropy,25,log2,8,10,best,"{'criterion': 'entropy', 'max_depth': 25, 'max_features': 'log2', 'min_samples_leaf': 8, 'min_samples_split': 10, 'splitter': 'best'}",0.5,0.508577194752775,0.511307767944936,0.48367346938775513,0.47342026078234706,0.49539573857356267,0.014618316647409615,542
0.09264636039733887,0.009022271885721123,0.011037874221801757,0.0016403726871422354,gini,10,log2,4,10,best,"{'criterion': 'gini', 'max_depth': 10, 'max_features': 'log2', 'min_samples_leaf': 4, 'min_samples_split': 10, 'splitter': 'best'}",0.44287396937573614,0.535675082327113,0.5605749486652978,0.46971569839307786,0.4676503972758229,0.49529801920740957,0.044852005268651594,545
0.12077822685241699,0.003592408479666442,0.009155511856079102,0.0003536777417083182,gini,25,sqrt,1,5,best,"{'criterion': 'gini', 'max_depth': 25, 'max_features': 'sqrt', 'min_samples_leaf': 1, 'min_samples_split': 5, 'splitter': 'best'}",0.4649805447470817,0.5079365079365079,0.5118829981718465,0.4986149584487535,0.4930232558139535,0.49528765302362865,0.016553659893794693,546
0.08482599258422852,0.007014064612250422,0.007366180419921875,0.0008530983242651432,gini,25,log2,1,5,best,"{'criterion': 'gini', 'max_depth': 25, 'max_features': 'log2', 'min_samples_leaf': 1, 'min_samples_split': 5, 'splitter': 'best'}",0.47646493756003844,0.5271889400921659,0.5261121856866537,0.47702834799608995,0.46946564885496184,0.49525201203798197,0.0257771616588113,547
0.10401086807250977,0.007504890278916032,0.008088111877441406,0.0008796338627819375,entropy,25,log2,1,5,best,"{'criterion': 'entropy', 'max_depth': 25, 'max_features': 'log2', 'min_samples_leaf': 1, 'min_samples_split': 5, 'splitter': 'best'}",0.4727272727272727,0.4714686623012161,0.5467889908256881,0.498545101842871,0.4864864864864865,0.4952033028367069,0.02762874880991444,548
0.0854189395904541,0.008653200642875709,0.005888795852661133,0.0008688665036886192,entropy,,log2,4,5,best,"{'criterion': 'entropy', 'max_depth': None, 'max_features': 'log2', 'min_samples_leaf': 4, 'min_samples_split': 5, 'splitter': 'best'}",0.4812623274161736,0.5072886297376094,0.5125348189415042,0.5108055009823183,0.4616915422885572,0.4947165638732326,0.020030324412685183,549
0.08145437240600586,0.010179684693971512,0.00586090087890625,0.0003884510704565402,entropy,,log2,4,2,best,"{'criterion': 'entropy', 'max_depth': None, 'max_features': 'log2', 'min_samples_leaf': 4, 'min_samples_split': 2, 'splitter': 'best'}",0.4812623274161736,0.5072886297376094,0.5125348189415042,0.5108055009823183,0.4616915422885572,0.4947165638732326,0.020030324412685183,549
0.1254148006439209,0.0080746404375459,0.00813593864440918,0.0010567955153049208,entropy,,sqrt,4,2,best,"{'criterion': 'entropy', 'max_depth': None, 'max_features': 'sqrt', 'min_samples_leaf': 4, 'min_samples_split': 2, 'splitter': 'best'}",0.5030549898167006,0.5343511450381679,0.4409448818897638,0.5237633365664404,0.47104247104247104,0.4946313648707087,0.03445566582019885,551
0.1318373203277588,0.009148696903399709,0.009320306777954101,0.0009583322072287048,entropy,,sqrt,4,5,best,"{'criterion': 'entropy', 'max_depth': None, 'max_features': 'sqrt', 'min_samples_leaf': 4, 'min_samples_split': 5, 'splitter': 'best'}",0.5030549898167006,0.5343511450381679,0.4409448818897638,0.5237633365664404,0.47104247104247104,0.4946313648707087,0.03445566582019885,551
0.07279257774353028,0.003544780225908503,0.006422758102416992,0.0010241422076490841,gini,20,log2,1,2,best,"{'criterion': 'gini', 'max_depth': 20, 'max_features': 'log2', 'min_samples_leaf': 1, 'min_samples_split': 2, 'splitter': 'best'}",0.4570230607966457,0.4823529411764706,0.5141739980449658,0.4893203883495146,0.5298651252408478,0.4945471027216889,0.025363941239508744,553
0.07527923583984375,0.0018716117225364563,0.007256746292114258,0.0007801258911112347,gini,25,log2,2,5,best,"{'criterion': 'gini', 'max_depth': 25, 'max_features': 'log2', 'min_samples_leaf': 2, 'min_samples_split': 5, 'splitter': 'best'}",0.4909819639278557,0.5213178294573644,0.4789833822091887,0.465161923454367,0.5161290322580645,0.49451482626136806,0.0214516883018703,554
0.0764915943145752,0.0077911378070858,0.007379293441772461,0.0010395628471205375,gini,25,log2,1,20,best,"{'criterion': 'gini', 'max_depth': 25, 'max_features': 'log2', 'min_samples_leaf': 1, 'min_samples_split': 20, 'splitter': 'best'}",0.49710982658959535,0.5167464114832536,0.4985781990521327,0.4909264565425024,0.46795523906408953,0.4942632265463148,0.015719160053032255,555
0.07577700614929199,0.0018809005922994931,0.005993032455444336,0.0010727882406448553,gini,25,sqrt,8,2,best,"{'criterion': 'gini', 'max_depth': 25, 'max_features': 'sqrt', 'min_samples_leaf': 8, 'min_samples_split': 2, 'splitter': 'best'}",0.48615384615384616,0.5132924335378323,0.5153617443012884,0.48879837067209775,0.46687054026503566,0.49409538698602,0.018182977101526877,556
0.07404241561889649,0.002260881258326581,0.006146717071533203,0.0009933982105735765,gini,25,sqrt,8,10,best,"{'criterion': 'gini', 'max_depth': 25, 'max_features': 'sqrt', 'min_samples_leaf': 8, 'min_samples_split': 10, 'splitter': 'best'}",0.48615384615384616,0.5132924335378323,0.5153617443012884,0.48879837067209775,0.46687054026503566,0.49409538698602,0.018182977101526877,556
0.10302081108093261,0.01578481114485794,0.01098175048828125,0.006235395281443503,gini,25,sqrt,8,5,best,"{'criterion': 'gini', 'max_depth': 25, 'max_features': 'sqrt', 'min_samples_leaf': 8, 'min_samples_split': 5, 'splitter': 'best'}",0.48615384615384616,0.5132924335378323,0.5153617443012884,0.48879837067209775,0.46687054026503566,0.49409538698602,0.018182977101526877,556
0.0907048225402832,0.0013734400406749823,0.007581901550292969,0.0013503048377661807,gini,15,sqrt,4,10,best,"{'criterion': 'gini', 'max_depth': 15, 'max_features': 'sqrt', 'min_samples_leaf': 4, 'min_samples_split': 10, 'splitter': 'best'}",0.4803312629399586,0.4827586206896552,0.5497076023391813,0.5064039408866995,0.45081967213114754,0.4940042197973284,0.0329694959480573,559
0.07381844520568848,0.00378090761218631,0.006546401977539062,0.0009191009024197596,entropy,10,sqrt,8,20,best,"{'criterion': 'entropy', 'max_depth': 10, 'max_features': 'sqrt', 'min_samples_leaf': 8, 'min_samples_split': 20, 'splitter': 'best'}",0.4845714285714286,0.4672686230248307,0.4920049200492005,0.5452538631346578,0.48009367681498827,0.49383850231902116,0.026935696469294397,560
0.13406095504760743,0.008621699366048168,0.009852457046508788,0.0015821176049888052,gini,,log2,1,5,best,"{'criterion': 'gini', 'max_depth': None, 'max_features': 'log2', 'min_samples_leaf': 1, 'min_samples_split': 5, 'splitter': 'best'}",0.46225535880708296,0.5203703703703704,0.5149253731343284,0.4953271028037383,0.4755639097744361,0.49368842297799126,0.022280732224063148,561
0.09410219192504883,0.010689508448207824,0.010314416885375977,0.0037999168138217443,gini,,log2,1,2,best,"{'criterion': 'gini', 'max_depth': None, 'max_features': 'log2', 'min_samples_leaf': 1, 'min_samples_split': 2, 'splitter': 'best'}",0.4838095238095238,0.4921946740128558,0.5083487940630798,0.45719661335841955,0.5264116575591985,0.49359225256061545,0.023311655548784956,562
0.1113204002380371,0.05886665755766223,0.0064909934997558595,0.00041638436350926203,gini,10,log2,2,2,best,"{'criterion': 'gini', 'max_depth': 10, 'max_features': 'log2', 'min_samples_leaf': 2, 'min_samples_split': 2, 'splitter': 'best'}",0.45098039215686275,0.5142857142857142,0.5208085612366231,0.5801217038539553,0.3975609756097561,0.4927514694285823,0.06275433845679251,563
0.057219505310058594,0.002651290356459342,0.005124187469482422,9.087352838337065e-05,entropy,10,log2,4,2,best,"{'criterion': 'entropy', 'max_depth': 10, 'max_features': 'log2', 'min_samples_leaf': 4, 'min_samples_split': 2, 'splitter': 'best'}",0.44726810673443457,0.5219251336898396,0.48655256723716384,0.5527123848515865,0.4539877300613497,0.4924891845148748,0.04013940771359321,564
0.05587325096130371,0.0018786971612944423,0.005159425735473633,0.0002532016265615552,entropy,10,log2,4,5,best,"{'criterion': 'entropy', 'max_depth': 10, 'max_features': 'log2', 'min_samples_leaf': 4, 'min_samples_split': 5, 'splitter': 'best'}",0.44726810673443457,0.5219251336898396,0.48655256723716384,0.5527123848515865,0.4539877300613497,0.4924891845148748,0.04013940771359321,564
0.07747197151184082,0.002949103400143633,0.005843162536621094,0.0005117039945664496,gini,20,sqrt,2,10,best,"{'criterion': 'gini', 'max_depth': 20, 'max_features': 'sqrt', 'min_samples_leaf': 2, 'min_samples_split': 10, 'splitter': 'best'}",0.48565573770491804,0.5150375939849624,0.4857142857142857,0.486328125,0.4878048780487805,0.49210812409058935,0.011490877815665844,566
0.12510261535644532,0.008289748843268635,0.011821413040161132,0.0018059557352234374,gini,,sqrt,2,5,best,"{'criterion': 'gini', 'max_depth': None, 'max_features': 'sqrt', 'min_samples_leaf': 2, 'min_samples_split': 5, 'splitter': 'best'}",0.45121951219512196,0.5261083743842364,0.5110896817743491,0.4880838894184938,0.4835371589840075,0.49200772335124177,0.025603908455088396,567
0.09302334785461426,0.007739398164477274,0.006312227249145508,0.0006163277079876519,entropy,25,log2,4,5,best,"{'criterion': 'entropy', 'max_depth': 25, 'max_features': 'log2', 'min_samples_leaf': 4, 'min_samples_split': 5, 'splitter': 'best'}",0.4882533197139939,0.5072324011571842,0.5304937076476283,0.46021505376344085,0.47257383966244726,0.4917536643889388,0.024960706292871143,568
0.09183726310729981,0.006391590451975668,0.0067502021789550785,0.0008076695965663582,entropy,25,log2,4,2,best,"{'criterion': 'entropy', 'max_depth': 25, 'max_features': 'log2', 'min_samples_leaf': 4, 'min_samples_split': 2, 'splitter': 'best'}",0.4882533197139939,0.5072324011571842,0.5304937076476283,0.46021505376344085,0.47257383966244726,0.4917536643889388,0.024960706292871143,568
0.135222864151001,0.0028625082587112904,0.006881904602050781,0.00036335061541312,entropy,,sqrt,2,2,best,"{'criterion': 'entropy', 'max_depth': None, 'max_features': 'sqrt', 'min_samples_leaf': 2, 'min_samples_split': 2, 'splitter': 'best'}",0.48390243902439023,0.5024154589371981,0.524904214559387,0.5086042065009561,0.43888354186718,0.4917419721778223,0.02950750589498636,570
0.0627927303314209,0.0020145975334772337,0.0061832904815673825,0.0004555121223659116,gini,15,log2,8,10,best,"{'criterion': 'gini', 'max_depth': 15, 'max_features': 'log2', 'min_samples_leaf': 8, 'min_samples_split': 10, 'splitter': 'best'}",0.47110141766630315,0.5552115583075335,0.5161290322580645,0.49141630901287553,0.4234752589182969,0.4914667152326147,0.044066361132280955,571
0.06211562156677246,0.0051899449440037234,0.006911563873291016,0.0008641020768089898,gini,15,log2,8,5,best,"{'criterion': 'gini', 'max_depth': 15, 'max_features': 'log2', 'min_samples_leaf': 8, 'min_samples_split': 5, 'splitter': 'best'}",0.47110141766630315,0.5552115583075335,0.5161290322580645,0.49141630901287553,0.4234752589182969,0.4914667152326147,0.044066361132280955,571
0.06593470573425293,0.005255803389425061,0.007123756408691406,0.0008566803806223846,gini,15,log2,8,2,best,"{'criterion': 'gini', 'max_depth': 15, 'max_features': 'log2', 'min_samples_leaf': 8, 'min_samples_split': 2, 'splitter': 'best'}",0.47110141766630315,0.5552115583075335,0.5161290322580645,0.49141630901287553,0.4234752589182969,0.4914667152326147,0.044066361132280955,571
0.0713414192199707,0.0031496169947608237,0.006933450698852539,0.001179688354586836,gini,20,log2,4,5,best,"{'criterion': 'gini', 'max_depth': 20, 'max_features': 'log2', 'min_samples_leaf': 4, 'min_samples_split': 5, 'splitter': 'best'}",0.4577114427860697,0.5143992055610725,0.5029940119760479,0.48685491723466406,0.49369747899159666,0.4911314113098902,0.01909910440275028,574
0.06933808326721191,0.0019123059165176571,0.00664520263671875,0.0016849214155657526,gini,20,log2,4,2,best,"{'criterion': 'gini', 'max_depth': 20, 'max_features': 'log2', 'min_samples_leaf': 4, 'min_samples_split': 2, 'splitter': 'best'}",0.4577114427860697,0.5143992055610725,0.5029940119760479,0.48685491723466406,0.49369747899159666,0.4911314113098902,0.01909910440275028,574
0.07181105613708497,0.003233132345596458,0.0073964595794677734,0.0010260750339905458,gini,15,log2,1,20,best,"{'criterion': 'gini', 'max_depth': 15, 'max_features': 'log2', 'min_samples_leaf': 1, 'min_samples_split': 20, 'splitter': 'best'}",0.483248730964467,0.41531322505800466,0.501953125,0.5141242937853108,0.5402184707050646,0.4909715691025694,0.042108734961008046,576
0.05696315765380859,0.0018137998576798324,0.005067205429077149,0.0001357481441620929,entropy,10,log2,2,2,best,"{'criterion': 'entropy', 'max_depth': 10, 'max_features': 'log2', 'min_samples_leaf': 2, 'min_samples_split': 2, 'splitter': 'best'}",0.4098159509202454,0.5159010600706714,0.5395449620801733,0.46454767726161367,0.5247747747747747,0.4909168850214957,0.04776599671280168,577
0.0810150146484375,0.004090831608822952,0.007845449447631835,0.0013415988595909638,gini,,log2,2,10,best,"{'criterion': 'gini', 'max_depth': None, 'max_features': 'log2', 'min_samples_leaf': 2, 'min_samples_split': 10, 'splitter': 'best'}",0.46755921730175076,0.5105162523900574,0.5032987747408105,0.5095285857572718,0.4626121635094716,0.49070299873987244,0.02112037387462222,578
0.08268680572509765,0.0023088055203032477,0.006668567657470703,0.000519210353313499,gini,20,log2,1,5,best,"{'criterion': 'gini', 'max_depth': 20, 'max_features': 'log2', 'min_samples_leaf': 1, 'min_samples_split': 5, 'splitter': 'best'}",0.44132397191574724,0.5252918287937743,0.47654784240150094,0.5208333333333334,0.4892367906066536,0.49064675341020186,0.03080589202369378,579
0.07972488403320313,0.0029449355362723023,0.006628751754760742,0.001016300006225926,entropy,15,log2,2,5,best,"{'criterion': 'entropy', 'max_depth': 15, 'max_features': 'log2', 'min_samples_leaf': 2, 'min_samples_split': 5, 'splitter': 'best'}",0.47639484978540775,0.5497076023391813,0.4584717607973422,0.4898828541001065,0.4778225806451613,0.49045592953343975,0.03127744127413103,580
0.025592231750488283,0.002159013860412259,0.007329416275024414,0.0011766691281589442,entropy,25,sqrt,1,20,random,"{'criterion': 'entropy', 'max_depth': 25, 'max_features': 'sqrt', 'min_samples_leaf': 1, 'min_samples_split': 20, 'splitter': 'random'}",0.49572649572649574,0.4916317991631799,0.464818763326226,0.5025641025641026,0.49696969696969695,0.49034217154994025,0.01323176590238731,581
0.07541966438293457,0.004030611115423909,0.005541801452636719,0.00032339966485817187,entropy,,log2,4,10,best,"{'criterion': 'entropy', 'max_depth': None, 'max_features': 'log2', 'min_samples_leaf': 4, 'min_samples_split': 10, 'splitter': 'best'}",0.49203187250996017,0.5185185185185185,0.4919278252611586,0.47646493756003844,0.471976401179941,0.49018391100592335,0.016303556839015017,582
0.0912008285522461,0.003661266223012331,0.007204961776733398,0.0012677949711184262,gini,,sqrt,8,2,best,"{'criterion': 'gini', 'max_depth': None, 'max_features': 'sqrt', 'min_samples_leaf': 8, 'min_samples_split': 2, 'splitter': 'best'}",0.48615384615384616,0.5132924335378323,0.5153617443012884,0.4715447154471545,0.46185147507629704,0.4896408429032837,0.021600187257210395,583
0.09205183982849122,0.009494909023755703,0.008875179290771484,0.0015031322044137105,gini,,sqrt,8,10,best,"{'criterion': 'gini', 'max_depth': None, 'max_features': 'sqrt', 'min_samples_leaf': 8, 'min_samples_split': 10, 'splitter': 'best'}",0.48615384615384616,0.5132924335378323,0.5153617443012884,0.4715447154471545,0.46185147507629704,0.4896408429032837,0.021600187257210395,583
0.10658559799194336,0.008703227888301206,0.008959770202636719,0.0013164767471226396,gini,,sqrt,8,5,best,"{'criterion': 'gini', 'max_depth': None, 'max_features': 'sqrt', 'min_samples_leaf': 8, 'min_samples_split': 5, 'splitter': 'best'}",0.48615384615384616,0.5132924335378323,0.5153617443012884,0.4715447154471545,0.46185147507629704,0.4896408429032837,0.021600187257210395,583
0.09727559089660645,0.002179429401000146,0.007530117034912109,0.0008127593839715748,entropy,,log2,1,2,best,"{'criterion': 'entropy', 'max_depth': None, 'max_features': 'log2', 'min_samples_leaf': 1, 'min_samples_split': 2, 'splitter': 'best'}",0.4320754716981132,0.5347985347985348,0.4944852941176471,0.496309963099631,0.4893419833178869,0.4894022494063626,0.03292640172817275,586
0.07678422927856446,0.003498336346649918,0.006452798843383789,0.0006962214746268854,entropy,10,sqrt,4,10,best,"{'criterion': 'entropy', 'max_depth': 10, 'max_features': 'sqrt', 'min_samples_leaf': 4, 'min_samples_split': 10, 'splitter': 'best'}",0.4577777777777778,0.4668192219679634,0.552,0.49527806925498424,0.47413793103448276,0.48920260000704163,0.033751752808683026,587
0.09287385940551758,0.0057452992565268915,0.0067169189453125,0.0005555932845671365,entropy,20,sqrt,2,5,best,"{'criterion': 'entropy', 'max_depth': 20, 'max_features': 'sqrt', 'min_samples_leaf': 2, 'min_samples_split': 5, 'splitter': 'best'}",0.48490749756572543,0.4975124378109453,0.48633364750235625,0.49796747967479676,0.47687564234326824,0.48871934097941844,0.008041660303426394,588
0.08413777351379395,0.003956701871660651,0.007240200042724609,0.0009726915927615941,entropy,15,log2,1,2,best,"{'criterion': 'entropy', 'max_depth': 15, 'max_features': 'log2', 'min_samples_leaf': 1, 'min_samples_split': 2, 'splitter': 'best'}",0.45016077170418006,0.5140562248995983,0.5096153846153846,0.47127555988315484,0.49700598802395207,0.48842278582525395,0.024239966519580686,589
0.016632843017578124,0.000999286989463987,0.005379533767700196,0.00022720750700229417,entropy,15,sqrt,1,20,random,"{'criterion': 'entropy', 'max_depth': 15, 'max_features': 'sqrt', 'min_samples_leaf': 1, 'min_samples_split': 20, 'splitter': 'random'}",0.4656652360515021,0.4654226125137212,0.5256410256410257,0.49464668094218417,0.4899257688229056,0.48826026479426776,0.022239492718764266,590
0.05925440788269043,0.0018476630162371054,0.007410383224487305,0.0009079169148179224,gini,10,log2,1,5,best,"{'criterion': 'gini', 'max_depth': 10, 'max_features': 'log2', 'min_samples_leaf': 1, 'min_samples_split': 5, 'splitter': 'best'}",0.4574712643678161,0.5284974093264249,0.45308924485125857,0.4372842347525892,0.5609243697478992,0.4874533046091976,0.048330865614044864,591
0.12636113166809082,0.005237862160587552,0.010587644577026368,0.002448663200448549,gini,20,sqrt,1,5,best,"{'criterion': 'gini', 'max_depth': 20, 'max_features': 'sqrt', 'min_samples_leaf': 1, 'min_samples_split': 5, 'splitter': 'best'}",0.4342629482071713,0.5201970443349754,0.5206232813932172,0.49310027598896045,0.4661957618567104,0.48687586235620695,0.03311711967281105,592
0.07231922149658203,0.004559568266428725,0.00791621208190918,0.0014917342364945763,gini,15,log2,4,2,best,"{'criterion': 'gini', 'max_depth': 15, 'max_features': 'log2', 'min_samples_leaf': 4, 'min_samples_split': 2, 'splitter': 'best'}",0.44516829533116176,0.576171875,0.45936395759717313,0.4583333333333333,0.4951560818083961,0.4868387086140128,0.04765172613850297,593
0.11923246383666992,0.04615728607898297,0.006229209899902344,0.000500200892538593,gini,15,log2,4,5,best,"{'criterion': 'gini', 'max_depth': 15, 'max_features': 'log2', 'min_samples_leaf': 4, 'min_samples_split': 5, 'splitter': 'best'}",0.44516829533116176,0.576171875,0.45936395759717313,0.4583333333333333,0.4951560818083961,0.4868387086140128,0.04765172613850297,593
0.06944108009338379,0.002769704785311064,0.0064217567443847655,0.0005070140553478001,gini,15,log2,2,10,best,"{'criterion': 'gini', 'max_depth': 15, 'max_features': 'log2', 'min_samples_leaf': 2, 'min_samples_split': 10, 'splitter': 'best'}",0.4794672586015538,0.5010309278350515,0.5154419595314164,0.49490835030549896,0.443024494142705,0.4867745980832451,0.024733326831278088,595
0.10717339515686035,0.004757627794217879,0.008349752426147461,0.0007754630547400931,entropy,25,log2,2,10,best,"{'criterion': 'entropy', 'max_depth': 25, 'max_features': 'log2', 'min_samples_leaf': 2, 'min_samples_split': 10, 'splitter': 'best'}",0.48144433299899697,0.48596321393998065,0.5081495685522531,0.47834645669291337,0.4756335282651072,0.4859074200898503,0.011639213446570743,596
0.056835508346557616,0.0009167128650742257,0.005018281936645508,0.0001455017157221825,entropy,10,log2,1,5,best,"{'criterion': 'entropy', 'max_depth': 10, 'max_features': 'log2', 'min_samples_leaf': 1, 'min_samples_split': 5, 'splitter': 'best'}",0.48917748917748916,0.5140291806958474,0.5147864184008762,0.49385474860335193,0.4163568773234201,0.48564094284019693,0.036154131973678526,597
0.09401173591613769,0.0019486767307049073,0.006649589538574219,0.0005204037776839947,entropy,,log2,1,5,best,"{'criterion': 'entropy', 'max_depth': None, 'max_features': 'log2', 'min_samples_leaf': 1, 'min_samples_split': 5, 'splitter': 'best'}",0.4777887462981244,0.46034816247582205,0.5036764705882353,0.4847328244274809,0.4995408631772268,0.48521741339337787,0.015619203364523942,598
0.11249341964721679,0.0034541413719602725,0.00896310806274414,0.0009066869293392045,entropy,25,log2,2,2,best,"{'criterion': 'entropy', 'max_depth': 25, 'max_features': 'log2', 'min_samples_leaf': 2, 'min_samples_split': 2, 'splitter': 'best'}",0.4704724409448819,0.5173076923076924,0.5023786869647955,0.46214355948869223,0.4735772357723577,0.4851759230956839,0.021021880913648525,599
0.09287118911743164,0.0042832709200439955,0.007946014404296875,0.0009387013438173104,entropy,10,sqrt,4,5,best,"{'criterion': 'entropy', 'max_depth': 10, 'max_features': 'sqrt', 'min_samples_leaf': 4, 'min_samples_split': 5, 'splitter': 'best'}",0.3971119133574007,0.6038426349496798,0.5692599620493358,0.36849507735583686,0.4861878453038674,0.4849794866032241,0.0922197752467729,600
0.08331484794616699,0.009056971292265232,0.011031579971313477,0.005266545281370687,entropy,10,sqrt,4,2,best,"{'criterion': 'entropy', 'max_depth': 10, 'max_features': 'sqrt', 'min_samples_leaf': 4, 'min_samples_split': 2, 'splitter': 'best'}",0.3971119133574007,0.6038426349496798,0.5692599620493358,0.36849507735583686,0.4861878453038674,0.4849794866032241,0.0922197752467729,600
0.10789475440979004,0.0031085744790104166,0.008983993530273437,0.0007405054251052156,gini,,sqrt,1,5,best,"{'criterion': 'gini', 'max_depth': None, 'max_features': 'sqrt', 'min_samples_leaf': 1, 'min_samples_split': 5, 'splitter': 'best'}",0.4881291547958215,0.5070422535211268,0.4991055456171735,0.4846225535880708,0.4448780487804878,0.4847555112605361,0.02146734044505826,602
0.025133037567138673,0.003199493036851061,0.0074351787567138675,0.0010319124588054447,entropy,20,sqrt,4,2,random,"{'criterion': 'entropy', 'max_depth': 20, 'max_features': 'sqrt', 'min_samples_leaf': 4, 'min_samples_split': 2, 'splitter': 'random'}",0.47288503253796094,0.4978813559322034,0.5214723926380368,0.45188284518828453,0.47914438502673795,0.4846532022646447,0.023551518075034906,603
0.022050809860229493,0.0013387830087756097,0.006279611587524414,0.0004676420461635114,entropy,20,sqrt,4,5,random,"{'criterion': 'entropy', 'max_depth': 20, 'max_features': 'sqrt', 'min_samples_leaf': 4, 'min_samples_split': 5, 'splitter': 'random'}",0.47288503253796094,0.4978813559322034,0.5214723926380368,0.45188284518828453,0.47914438502673795,0.4846532022646447,0.023551518075034906,603
0.08664045333862305,0.0030077074482447257,0.0064105987548828125,0.0005776489451493269,gini,25,sqrt,2,2,best,"{'criterion': 'gini', 'max_depth': 25, 'max_features': 'sqrt', 'min_samples_leaf': 2, 'min_samples_split': 2, 'splitter': 'best'}",0.47878787878787876,0.48971596474045054,0.49848637739656915,0.4634615384615385,0.49278152069297404,0.4846466560158822,0.012381811487446888,605
0.08631882667541504,0.009470626201720995,0.006506013870239258,0.0011872634852855685,gini,25,log2,2,2,best,"{'criterion': 'gini', 'max_depth': 25, 'max_features': 'log2', 'min_samples_leaf': 2, 'min_samples_split': 2, 'splitter': 'best'}",0.4824120603015075,0.508682328907048,0.5159420289855072,0.4703595724003887,0.4455159112825458,0.4845823803753994,0.02568043085104921,606
0.10107865333557128,0.005076142669092981,0.008101224899291992,0.001072342280411796,gini,25,sqrt,2,10,best,"{'criterion': 'gini', 'max_depth': 25, 'max_features': 'sqrt', 'min_samples_leaf': 2, 'min_samples_split': 10, 'splitter': 'best'}",0.47628657921291623,0.48927875243664715,0.5101449275362319,0.47804878048780486,0.46875,0.48450180793472003,0.014405830632535088,607
0.09747557640075684,0.015022003635600191,0.00861811637878418,0.001513489215098559,gini,,sqrt,2,2,best,"{'criterion': 'gini', 'max_depth': None, 'max_features': 'sqrt', 'min_samples_leaf': 2, 'min_samples_split': 2, 'splitter': 'best'}",0.4968814968814969,0.48249027237354086,0.4844844844844845,0.4826904055390702,0.4747378455672069,0.48425690096915985,0.007150098131900644,608
0.060109853744506836,0.0013132573290807147,0.005470371246337891,0.00020870147599354015,entropy,10,log2,4,10,best,"{'criterion': 'entropy', 'max_depth': 10, 'max_features': 'log2', 'min_samples_leaf': 4, 'min_samples_split': 10, 'splitter': 'best'}",0.44171779141104295,0.5460385438972163,0.5225806451612903,0.5347150259067357,0.37516869095816463,0.48404413946689007,0.06563732202356516,609
0.18985338211059571,0.01350930877331674,0.01620311737060547,0.0075330144654364535,gini,20,sqrt,1,2,best,"{'criterion': 'gini', 'max_depth': 20, 'max_features': 'sqrt', 'min_samples_leaf': 1, 'min_samples_split': 2, 'splitter': 'best'}",0.4722753346080306,0.4966824644549763,0.503155996393147,0.4763670064874884,0.46862745098039216,0.48342165058480696,0.013843195397823891,610
0.023403358459472657,0.001535673463394215,0.006573820114135742,0.0005529389088609104,gini,,sqrt,1,20,random,"{'criterion': 'gini', 'max_depth': None, 'max_features': 'sqrt', 'min_samples_leaf': 1, 'min_samples_split': 20, 'splitter': 'random'}",0.48120300751879697,0.46203208556149733,0.49295774647887325,0.5010438413361169,0.4797570850202429,0.48339875318310555,0.013246441182741061,611
0.1469853401184082,0.015338208931632078,0.011501550674438477,0.0021241101953841258,gini,25,sqrt,1,2,best,"{'criterion': 'gini', 'max_depth': 25, 'max_features': 'sqrt', 'min_samples_leaf': 1, 'min_samples_split': 2, 'splitter': 'best'}",0.4681647940074906,0.49458483754512633,0.5079365079365079,0.49207828518173347,0.45125348189415043,0.4828035813130017,0.020328231590758614,612
0.08605351448059081,0.006475902779162196,0.00678558349609375,0.0007877967437337473,entropy,25,log2,4,10,best,"{'criterion': 'entropy', 'max_depth': 25, 'max_features': 'log2', 'min_samples_leaf': 4, 'min_samples_split': 10, 'splitter': 'best'}",0.4793388429752066,0.49709864603481624,0.48799231508165225,0.47954329210275926,0.4631992149165849,0.4814344622222039,0.01121485155842584,613
0.026752233505249023,0.0029308357548132984,0.007838153839111328,0.0011148177788821221,entropy,25,sqrt,2,20,random,"{'criterion': 'entropy', 'max_depth': 25, 'max_features': 'sqrt', 'min_samples_leaf': 2, 'min_samples_split': 20, 'splitter': 'random'}",0.4451754385964912,0.5015806111696522,0.5087179487179487,0.46496815286624205,0.4814422057264051,0.4803768714153479,0.023368866721604695,614
0.02061038017272949,0.0028682520547800667,0.006224775314331054,0.000889619351086498,entropy,,sqrt,8,20,random,"{'criterion': 'entropy', 'max_depth': None, 'max_features': 'sqrt', 'min_samples_leaf': 8, 'min_samples_split': 20, 'splitter': 'random'}",0.474090407938258,0.5026511134676565,0.4951974386339381,0.5068349106203995,0.4198895027624309,0.4797326746845366,0.03197494441816705,615
0.057840728759765626,0.00232922065889931,0.006669807434082031,0.0009301997388602655,gini,10,log2,1,20,best,"{'criterion': 'gini', 'max_depth': 10, 'max_features': 'log2', 'min_samples_leaf': 1, 'min_samples_split': 20, 'splitter': 'best'}",0.5380493033226152,0.5527831094049904,0.5052410901467506,0.4344660194174757,0.3676092544987147,0.47962975535810937,0.06929437627866539,616
0.06236042976379395,0.002892967421864389,0.005179643630981445,0.00015253416247971307,entropy,15,log2,8,5,best,"{'criterion': 'entropy', 'max_depth': 15, 'max_features': 'log2', 'min_samples_leaf': 8, 'min_samples_split': 5, 'splitter': 'best'}",0.45261984392419174,0.5346534653465347,0.4610318331503842,0.4837310195227766,0.4636752136752137,0.47914227512382024,0.02957433438023089,617
0.062499618530273436,0.00285799341179142,0.0053331851959228516,0.00036737692874523137,entropy,15,log2,8,2,best,"{'criterion': 'entropy', 'max_depth': 15, 'max_features': 'log2', 'min_samples_leaf': 8, 'min_samples_split': 2, 'splitter': 'best'}",0.45261984392419174,0.5346534653465347,0.4610318331503842,0.4837310195227766,0.4636752136752137,0.47914227512382024,0.02957433438023089,617
0.06504607200622559,0.004151822908115678,0.005551624298095703,0.0002295286952152458,entropy,15,log2,8,10,best,"{'criterion': 'entropy', 'max_depth': 15, 'max_features': 'log2', 'min_samples_leaf': 8, 'min_samples_split': 10, 'splitter': 'best'}",0.45261984392419174,0.5346534653465347,0.4610318331503842,0.4837310195227766,0.4636752136752137,0.47914227512382024,0.02957433438023089,617
0.018343591690063478,0.0009676175145595469,0.005613994598388672,0.00040493376456658366,entropy,20,sqrt,8,20,random,"{'criterion': 'entropy', 'max_depth': 20, 'max_features': 'sqrt', 'min_samples_leaf': 8, 'min_samples_split': 20, 'splitter': 'random'}",0.4837310195227766,0.47316538882803943,0.477124183006536,0.5053995680345572,0.45610278372591007,0.4791045886235638,0.016006929338624555,620
0.02558412551879883,0.0033461874274092838,0.007811212539672851,0.001284441787830022,gini,25,sqrt,1,10,random,"{'criterion': 'gini', 'max_depth': 25, 'max_features': 'sqrt', 'min_samples_leaf': 1, 'min_samples_split': 10, 'splitter': 'random'}",0.48440748440748443,0.47352647352647353,0.4742268041237113,0.4881422924901186,0.4713114754098361,0.4783229059915248,0.006669129169747282,621
0.09763774871826172,0.004381482134033977,0.009620237350463866,0.0016856579553589767,gini,,log2,2,2,best,"{'criterion': 'gini', 'max_depth': None, 'max_features': 'log2', 'min_samples_leaf': 2, 'min_samples_split': 2, 'splitter': 'best'}",0.4729064039408867,0.48919449901768175,0.4726166328600406,0.47713717693836977,0.47873392680514343,0.4781177279124244,0.006024217521272903,622
0.03107938766479492,0.0026465400283961146,0.009361171722412109,0.0010067399310282018,gini,,sqrt,2,20,random,"{'criterion': 'gini', 'max_depth': None, 'max_features': 'sqrt', 'min_samples_leaf': 2, 'min_samples_split': 20, 'splitter': 'random'}",0.4808510638297872,0.4878048780487805,0.48822269807280516,0.47844827586206895,0.45454545454545453,0.4779744740717793,0.012321372896422768,623
0.06449203491210938,0.002722142526401845,0.005872392654418945,0.0008681435852638174,entropy,10,log2,1,10,best,"{'criterion': 'entropy', 'max_depth': 10, 'max_features': 'log2', 'min_samples_leaf': 1, 'min_samples_split': 10, 'splitter': 'best'}",0.45422116527942924,0.5491803278688525,0.5526881720430108,0.44042553191489364,0.39271781534460337,0.4778466024901579,0.06307958325291577,624
0.11863288879394532,0.025215846562617678,0.005759906768798828,0.0004116712622926247,entropy,20,log2,4,10,best,"{'criterion': 'entropy', 'max_depth': 20, 'max_features': 'log2', 'min_samples_leaf': 4, 'min_samples_split': 10, 'splitter': 'best'}",0.4935323383084577,0.49466537342386036,0.4925521350546177,0.4386839481555334,0.4694736842105263,0.47778149583059915,0.021674704669505017,625
0.09108257293701172,0.003976799118081941,0.006366348266601563,0.0006773694738649779,entropy,,log2,2,2,best,"{'criterion': 'entropy', 'max_depth': None, 'max_features': 'log2', 'min_samples_leaf': 2, 'min_samples_split': 2, 'splitter': 'best'}",0.46199407699901285,0.5067961165048543,0.48322147651006714,0.4648148148148148,0.4697986577181208,0.47732502850937397,0.016440820568610525,626
0.01996464729309082,0.0016955245257437748,0.0060750007629394535,0.000638775168394548,entropy,25,sqrt,8,20,random,"{'criterion': 'entropy', 'max_depth': 25, 'max_features': 'sqrt', 'min_samples_leaf': 8, 'min_samples_split': 20, 'splitter': 'random'}",0.45714285714285713,0.5026511134676565,0.4781144781144781,0.5068349106203995,0.4407894736842105,0.4771065666059203,0.02551389868927696,627
0.05811839103698731,0.0020062687640694334,0.005583477020263672,0.0003601676213228588,entropy,10,log2,4,20,best,"{'criterion': 'entropy', 'max_depth': 10, 'max_features': 'log2', 'min_samples_leaf': 4, 'min_samples_split': 20, 'splitter': 'best'}",0.4238258877434135,0.5011037527593819,0.5514485514485514,0.3743455497382199,0.528835690968444,0.47591188653160205,0.06658831577127154,628
0.0333895206451416,0.003191110838415483,0.00856466293334961,0.0013997813776147985,entropy,20,sqrt,1,2,random,"{'criterion': 'entropy', 'max_depth': 20, 'max_features': 'sqrt', 'min_samples_leaf': 1, 'min_samples_split': 2, 'splitter': 'random'}",0.478134110787172,0.4455852156057495,0.5241779497098646,0.5,0.43141153081510936,0.4758617613835791,0.034102094984101806,629
0.02452859878540039,0.00237582505838451,0.007045316696166992,0.0008266857395239966,gini,20,sqrt,1,10,random,"{'criterion': 'gini', 'max_depth': 20, 'max_features': 'sqrt', 'min_samples_leaf': 1, 'min_samples_split': 10, 'splitter': 'random'}",0.4826862539349423,0.4579646017699115,0.48065173116089616,0.48484848484848486,0.47200878155872666,0.47563197065459234,0.00985056815171677,630
0.020385932922363282,0.0011595339034881772,0.008478689193725585,0.003594553829089808,entropy,25,log2,1,20,random,"{'criterion': 'entropy', 'max_depth': 25, 'max_features': 'log2', 'min_samples_leaf': 1, 'min_samples_split': 20, 'splitter': 'random'}",0.4782146652497343,0.5015045135406219,0.47468354430379744,0.4674022066198596,0.4551282051282051,0.4753866269684437,0.015262966608827231,631
0.09155130386352539,0.0031885416988493127,0.00713505744934082,0.0008368825308098384,gini,25,sqrt,4,10,best,"{'criterion': 'gini', 'max_depth': 25, 'max_features': 'sqrt', 'min_samples_leaf': 4, 'min_samples_split': 10, 'splitter': 'best'}",0.4685598377281947,0.5169660678642715,0.46646646646646645,0.49643947100712105,0.4263261296660118,0.47495159454641306,0.030673221518318416,632
0.0859649658203125,0.00487956097680329,0.00645599365234375,0.0006647248964485015,gini,25,sqrt,2,5,best,"{'criterion': 'gini', 'max_depth': 25, 'max_features': 'sqrt', 'min_samples_leaf': 2, 'min_samples_split': 5, 'splitter': 'best'}",0.43478260869565216,0.518664047151277,0.5091965150048403,0.4502923976608187,0.4549950544015826,0.47358612458283417,0.03374628115423289,633
0.07926521301269532,0.008569937241937787,0.007011699676513672,0.0008465227956699227,entropy,15,log2,4,2,best,"{'criterion': 'entropy', 'max_depth': 15, 'max_features': 'log2', 'min_samples_leaf': 4, 'min_samples_split': 2, 'splitter': 'best'}",0.4830508474576271,0.4569672131147541,0.5348133198789102,0.5058448459086079,0.3849056603773585,0.4731163773474515,0.051026042688515794,634
0.07730059623718262,0.005096135704384221,0.006281518936157226,0.0007649011812594175,entropy,15,log2,4,5,best,"{'criterion': 'entropy', 'max_depth': 15, 'max_features': 'log2', 'min_samples_leaf': 4, 'min_samples_split': 5, 'splitter': 'best'}",0.4830508474576271,0.4569672131147541,0.5348133198789102,0.5058448459086079,0.3849056603773585,0.4731163773474515,0.051026042688515794,634
0.08202133178710938,0.007210793039899126,0.006990385055541992,0.0010207419435764018,entropy,20,log2,8,10,best,"{'criterion': 'entropy', 'max_depth': 20, 'max_features': 'log2', 'min_samples_leaf': 8, 'min_samples_split': 10, 'splitter': 'best'}",0.4978902953586498,0.48370136698212407,0.482897384305835,0.453416149068323,0.44352331606217615,0.47228570235542167,0.020405172295688,636
0.0766223430633545,0.0030908654244358267,0.0057256221771240234,0.00031488197273199026,entropy,20,log2,8,5,best,"{'criterion': 'entropy', 'max_depth': 20, 'max_features': 'log2', 'min_samples_leaf': 8, 'min_samples_split': 5, 'splitter': 'best'}",0.4978902953586498,0.48370136698212407,0.482897384305835,0.453416149068323,0.44352331606217615,0.47228570235542167,0.020405172295688,636
0.07742271423339844,0.004336277716345776,0.00662379264831543,0.00046382927131819645,entropy,20,log2,8,2,best,"{'criterion': 'entropy', 'max_depth': 20, 'max_features': 'log2', 'min_samples_leaf': 8, 'min_samples_split': 2, 'splitter': 'best'}",0.4978902953586498,0.48370136698212407,0.482897384305835,0.453416149068323,0.44352331606217615,0.47228570235542167,0.020405172295688,636
0.05699343681335449,0.0028333416669351448,0.00526280403137207,0.0003661259102957233,entropy,10,log2,8,20,best,"{'criterion': 'entropy', 'max_depth': 10, 'max_features': 'log2', 'min_samples_leaf': 8, 'min_samples_split': 20, 'splitter': 'best'}",0.448512585812357,0.417462482946794,0.5044444444444445,0.5218390804597701,0.45985401459854014,0.47042252165238113,0.03794115991801294,639
0.0863563060760498,0.0019961063018249956,0.006664276123046875,0.0010640369622147768,gini,20,sqrt,2,5,best,"{'criterion': 'gini', 'max_depth': 20, 'max_features': 'sqrt', 'min_samples_leaf': 2, 'min_samples_split': 5, 'splitter': 'best'}",0.4473684210526316,0.485024154589372,0.48688352570828963,0.48549323017408125,0.44729064039408867,0.47041199438369263,0.018856688602167035,640
0.09230103492736816,0.00409471721856482,0.007676315307617187,0.0015584138854140108,gini,,sqrt,4,10,best,"{'criterion': 'gini', 'max_depth': None, 'max_features': 'sqrt', 'min_samples_leaf': 4, 'min_samples_split': 10, 'splitter': 'best'}",0.4685598377281947,0.5122448979591837,0.46646646646646645,0.47731755424063116,0.4247787610619469,0.46987350349128454,0.027919951198048555,641
0.0432642936706543,0.00835180395656124,0.012104415893554687,0.003689856371605526,gini,15,sqrt,2,5,random,"{'criterion': 'gini', 'max_depth': 15, 'max_features': 'sqrt', 'min_samples_leaf': 2, 'min_samples_split': 5, 'splitter': 'random'}",0.4720758693361433,0.39069767441860465,0.4946025515210991,0.5115810674723061,0.48023715415019763,0.4698388633796702,0.041790210072805416,642
0.060988426208496094,0.0025737475442650106,0.006312847137451172,0.0009243588241635215,entropy,10,log2,8,2,best,"{'criterion': 'entropy', 'max_depth': 10, 'max_features': 'log2', 'min_samples_leaf': 8, 'min_samples_split': 2, 'splitter': 'best'}",0.4083769633507853,0.5258620689655172,0.5067650676506765,0.4675642594859241,0.43393939393939396,0.46850155067845944,0.04373719923315045,643
0.0683095932006836,0.004157059842984321,0.0073321819305419925,0.0013095714556941415,entropy,10,log2,8,5,best,"{'criterion': 'entropy', 'max_depth': 10, 'max_features': 'log2', 'min_samples_leaf': 8, 'min_samples_split': 5, 'splitter': 'best'}",0.4083769633507853,0.5258620689655172,0.5067650676506765,0.4675642594859241,0.43393939393939396,0.46850155067845944,0.04373719923315045,643
0.05914959907531738,0.001449947206823385,0.005330467224121093,0.00011874878629299286,entropy,10,log2,8,10,best,"{'criterion': 'entropy', 'max_depth': 10, 'max_features': 'log2', 'min_samples_leaf': 8, 'min_samples_split': 10, 'splitter': 'best'}",0.4083769633507853,0.5258620689655172,0.5067650676506765,0.4675642594859241,0.43393939393939396,0.46850155067845944,0.04373719923315045,643
0.019710397720336913,0.001401192432386804,0.005742549896240234,0.00036728457559435647,entropy,20,log2,1,2,random,"{'criterion': 'entropy', 'max_depth': 20, 'max_features': 'log2', 'min_samples_leaf': 1, 'min_samples_split': 2, 'splitter': 'random'}",0.46233230134158926,0.45746691871455575,0.4887585532746823,0.44682926829268294,0.48674242424242425,0.46842589317318695,0.016568388974414667,646
0.025986433029174805,0.0017439996158377126,0.00737152099609375,0.001056817041233273,entropy,25,sqrt,2,10,random,"{'criterion': 'entropy', 'max_depth': 25, 'max_features': 'sqrt', 'min_samples_leaf': 2, 'min_samples_split': 10, 'splitter': 'random'}",0.46903553299492384,0.4925373134328358,0.4821246169560776,0.4589515331355094,0.43829787234042555,0.46818937377195446,0.018796641781002453,647
0.020387887954711914,0.002324231683921489,0.006229925155639649,0.0006460384275023068,gini,20,sqrt,2,10,random,"{'criterion': 'gini', 'max_depth': 20, 'max_features': 'sqrt', 'min_samples_leaf': 2, 'min_samples_split': 10, 'splitter': 'random'}",0.44561774023231254,0.50625,0.47658688865764826,0.42731277533039647,0.48434237995824636,0.4680219568357208,0.028143503451519322,648
0.04108967781066895,0.014377720527017492,0.017766237258911133,0.015842540856396,entropy,20,sqrt,2,20,random,"{'criterion': 'entropy', 'max_depth': 20, 'max_features': 'sqrt', 'min_samples_leaf': 2, 'min_samples_split': 20, 'splitter': 'random'}",0.44673539518900346,0.5337423312883436,0.43891891891891893,0.4246575342465753,0.4918032786885246,0.46717149166627314,0.04015390417245544,649
0.056806325912475586,0.0025452621629262037,0.0052414417266845705,0.0001245302393698401,entropy,10,log2,1,2,best,"{'criterion': 'entropy', 'max_depth': 10, 'max_features': 'log2', 'min_samples_leaf': 1, 'min_samples_split': 2, 'splitter': 'best'}",0.3974522292993631,0.457002457002457,0.5717035611164581,0.45495495495495497,0.45420326223337515,0.4670632929213217,0.0569359263796058,650
0.0318143367767334,0.0034414574838860096,0.008255815505981446,0.0008986457396384975,entropy,,sqrt,2,20,random,"{'criterion': 'entropy', 'max_depth': None, 'max_features': 'sqrt', 'min_samples_leaf': 2, 'min_samples_split': 20, 'splitter': 'random'}",0.4472049689440994,0.4774193548387097,0.4592274678111588,0.4618556701030928,0.48834853090172237,0.4668111985197566,0.014442050672538733,651
0.042969369888305665,0.0025381208487097132,0.013533592224121094,0.0022133935719502295,entropy,,sqrt,1,10,random,"{'criterion': 'entropy', 'max_depth': None, 'max_features': 'sqrt', 'min_samples_leaf': 1, 'min_samples_split': 10, 'splitter': 'random'}",0.4602683178534572,0.4835820895522388,0.489058039961941,0.4588477366255144,0.4418377321603128,0.4667187832306928,0.01735535693674766,652
0.06874384880065917,0.02640583342073139,0.016026639938354494,0.004846861382487911,entropy,,sqrt,1,2,random,"{'criterion': 'entropy', 'max_depth': None, 'max_features': 'sqrt', 'min_samples_leaf': 1, 'min_samples_split': 2, 'splitter': 'random'}",0.44508670520231214,0.4783427495291902,0.4948837209302326,0.4604051565377532,0.451552210724365,0.4660541085847706,0.018242833933555105,653
0.034372377395629886,0.0011388397833327786,0.009701347351074219,0.0006792028811852319,entropy,,sqrt,4,5,random,"{'criterion': 'entropy', 'max_depth': None, 'max_features': 'sqrt', 'min_samples_leaf': 4, 'min_samples_split': 5, 'splitter': 'random'}",0.4685835995740149,0.49738766980146293,0.4539614561027837,0.45617740232312565,0.4520990312163617,0.4656418318035498,0.016887073621266672,654
0.0298947811126709,0.001422806456872681,0.008503532409667969,0.0009758825095370805,entropy,,sqrt,4,2,random,"{'criterion': 'entropy', 'max_depth': None, 'max_features': 'sqrt', 'min_samples_leaf': 4, 'min_samples_split': 2, 'splitter': 'random'}",0.4685835995740149,0.49738766980146293,0.4539614561027837,0.45617740232312565,0.4520990312163617,0.4656418318035498,0.016887073621266672,654
0.03230938911437988,0.003282007981364934,0.008250093460083008,0.0010473322768237883,entropy,,sqrt,2,10,random,"{'criterion': 'entropy', 'max_depth': None, 'max_features': 'sqrt', 'min_samples_leaf': 2, 'min_samples_split': 10, 'splitter': 'random'}",0.47058823529411764,0.45965270684371806,0.46091370558375633,0.48111332007952284,0.4557752341311134,0.46560864038644567,0.009158634107537336,656
0.024428129196166992,0.001833164792353351,0.007521963119506836,0.0013886573557937815,gini,20,sqrt,4,5,random,"{'criterion': 'gini', 'max_depth': 20, 'max_features': 'sqrt', 'min_samples_leaf': 4, 'min_samples_split': 5, 'splitter': 'random'}",0.4149286498353458,0.5086206896551724,0.4863157894736842,0.4879074658254469,0.4298245614035088,0.4655194312386316,0.0364004999447313,657
0.024217557907104493,0.0025281946571818507,0.006920242309570312,0.0009723501654934913,gini,20,sqrt,4,2,random,"{'criterion': 'gini', 'max_depth': 20, 'max_features': 'sqrt', 'min_samples_leaf': 4, 'min_samples_split': 2, 'splitter': 'random'}",0.4149286498353458,0.5086206896551724,0.4863157894736842,0.4879074658254469,0.4298245614035088,0.4655194312386316,0.0364004999447313,657
0.07132596969604492,0.0031050011927150614,0.006397819519042969,0.00041916361102456884,entropy,10,sqrt,2,5,best,"{'criterion': 'entropy', 'max_depth': 10, 'max_features': 'sqrt', 'min_samples_leaf': 2, 'min_samples_split': 5, 'splitter': 'best'}",0.5195652173913043,0.3445378151260504,0.5005793742757821,0.49309245483528164,0.4681344148319815,0.46518185529207995,0.06253517094515229,659
0.022105979919433593,0.0029344348128774703,0.006401205062866211,0.0011224895142486909,gini,20,sqrt,1,20,random,"{'criterion': 'gini', 'max_depth': 20, 'max_features': 'sqrt', 'min_samples_leaf': 1, 'min_samples_split': 20, 'splitter': 'random'}",0.4157706093189964,0.5066394279877426,0.48232848232848236,0.459915611814346,0.4575569358178054,0.4644422134534746,0.030124228615063583,660
0.025264692306518555,0.0009000606140129952,0.006802225112915039,0.0008102607562047456,entropy,25,sqrt,1,10,random,"{'criterion': 'entropy', 'max_depth': 25, 'max_features': 'sqrt', 'min_samples_leaf': 1, 'min_samples_split': 10, 'splitter': 'random'}",0.48148148148148145,0.4612286002014099,0.4411452810180276,0.4682139253279516,0.46936656282450673,0.46428717017067545,0.01327980316917563,661
0.022544384002685547,0.001275224334808438,0.006204748153686523,0.00060727202349527,entropy,20,sqrt,2,10,random,"{'criterion': 'entropy', 'max_depth': 20, 'max_features': 'sqrt', 'min_samples_leaf': 2, 'min_samples_split': 10, 'splitter': 'random'}",0.4437299035369775,0.5274725274725275,0.43364928909952605,0.4551422319474836,0.46092184368737477,0.46418315914877784,0.03301082116919654,662
0.026866722106933593,0.003589917086827723,0.006928539276123047,0.000559841115151461,entropy,25,sqrt,1,5,random,"{'criterion': 'entropy', 'max_depth': 25, 'max_features': 'sqrt', 'min_samples_leaf': 1, 'min_samples_split': 5, 'splitter': 'random'}",0.4485798237022527,0.45129224652087474,0.47834645669291337,0.47935548841893255,0.46184738955823296,0.46388428097864126,0.013003441521535151,663
0.02214226722717285,0.003189781427191238,0.008490180969238282,0.0015015394400779928,gini,15,sqrt,4,20,random,"{'criterion': 'gini', 'max_depth': 15, 'max_features': 'sqrt', 'min_samples_leaf': 4, 'min_samples_split': 20, 'splitter': 'random'}",0.4230769230769231,0.5083240843507214,0.4585698070374574,0.4576877234803337,0.4699205448354143,0.46351581655617,0.027358856671889163,664
0.03008103370666504,0.0019986159668262398,0.009255504608154297,0.0017586300175838525,gini,20,sqrt,1,5,random,"{'criterion': 'gini', 'max_depth': 20, 'max_features': 'sqrt', 'min_samples_leaf': 1, 'min_samples_split': 5, 'splitter': 'random'}",0.48315688161693937,0.4951267056530214,0.4265809217577706,0.43415637860082307,0.46852425180598556,0.461509027886908,0.026892866031249678,665
0.02738165855407715,0.0037697507866662557,0.008313751220703125,0.001471761234297566,gini,25,sqrt,2,10,random,"{'criterion': 'gini', 'max_depth': 25, 'max_features': 'sqrt', 'min_samples_leaf': 2, 'min_samples_split': 10, 'splitter': 'random'}",0.4624624624624625,0.4843243243243243,0.4258474576271186,0.4410810810810811,0.48963474827245806,0.46067001475348884,0.024486861069269502,666
0.03589644432067871,0.006552577507962792,0.010701513290405274,0.001358101629040207,entropy,,sqrt,1,20,random,"{'criterion': 'entropy', 'max_depth': None, 'max_features': 'sqrt', 'min_samples_leaf': 1, 'min_samples_split': 20, 'splitter': 'random'}",0.44468546637744033,0.45416666666666666,0.48151848151848153,0.46659815005138744,0.4546402502606882,0.46032180297493286,0.01267558661609646,667
0.025760889053344727,0.0018589501657958628,0.007474708557128906,0.0013575976240919564,entropy,,sqrt,4,20,random,"{'criterion': 'entropy', 'max_depth': None, 'max_features': 'sqrt', 'min_samples_leaf': 4, 'min_samples_split': 20, 'splitter': 'random'}",0.4809575625680087,0.5005235602094241,0.44678609062170704,0.4160346695557963,0.45654450261780105,0.46016927711454747,0.028985283270706257,668
0.08006515502929687,0.04267151068922107,0.03479447364807129,0.029134641805796176,gini,25,sqrt,2,20,random,"{'criterion': 'gini', 'max_depth': 25, 'max_features': 'sqrt', 'min_samples_leaf': 2, 'min_samples_split': 20, 'splitter': 'random'}",0.4605263157894737,0.4994797086368366,0.41019955654101997,0.4792332268370607,0.45087900723888313,0.4600635630086548,0.02997364807061249,669
0.037450647354125975,0.0019221683882693866,0.009297561645507813,0.000645181616071823,gini,,sqrt,1,2,random,"{'criterion': 'gini', 'max_depth': None, 'max_features': 'sqrt', 'min_samples_leaf': 1, 'min_samples_split': 2, 'splitter': 'random'}",0.4767123287671233,0.48495897903372837,0.4420091324200913,0.4598337950138504,0.43422263109475623,0.4595473732659099,0.019439135271285612,670
0.02044367790222168,0.000195936792240146,0.005681467056274414,0.00017895619137854861,entropy,,log2,1,10,random,"{'criterion': 'entropy', 'max_depth': None, 'max_features': 'log2', 'min_samples_leaf': 1, 'min_samples_split': 10, 'splitter': 'random'}",0.4383838383838384,0.45454545454545453,0.49853372434017595,0.48234106962663975,0.41967871485943775,0.4586965603511093,0.02862968066016029,671
0.023711538314819335,0.001175363479997528,0.005908823013305664,0.000192584994760872,entropy,25,log2,1,2,random,"{'criterion': 'entropy', 'max_depth': 25, 'max_features': 'log2', 'min_samples_leaf': 1, 'min_samples_split': 2, 'splitter': 'random'}",0.4504331087584216,0.4475920679886686,0.47601476014760147,0.44756554307116103,0.47113594040968343,0.4585482840751072,0.012410013857377052,672
0.022853326797485352,0.0025220290334708306,0.006335210800170898,0.0006609273740831735,entropy,25,log2,1,10,random,"{'criterion': 'entropy', 'max_depth': 25, 'max_features': 'log2', 'min_samples_leaf': 1, 'min_samples_split': 10, 'splitter': 'random'}",0.4148148148148148,0.4610526315789474,0.47580645161290325,0.50682261208577,0.4334677419354839,0.4583928504055838,0.03217469806383252,673
0.04792652130126953,0.010564500822570924,0.015448617935180663,0.006320136818017763,gini,,sqrt,2,10,random,"{'criterion': 'gini', 'max_depth': None, 'max_features': 'sqrt', 'min_samples_leaf': 2, 'min_samples_split': 10, 'splitter': 'random'}",0.4512820512820513,0.45908607863974493,0.43540183112919634,0.4790174002047083,0.466403162055336,0.4582381046622074,0.014622232475544525,674
0.03633594512939453,0.020521533817184738,0.006459236145019531,0.0010442368836319068,entropy,20,sqrt,1,10,random,"{'criterion': 'entropy', 'max_depth': 20, 'max_features': 'sqrt', 'min_samples_leaf': 1, 'min_samples_split': 10, 'splitter': 'random'}",0.4177215189873418,0.499496475327291,0.4320337197049526,0.4517497348886532,0.4880174291938998,0.45780377562042773,0.03149120689644563,675
0.02994532585144043,0.0043417989957571426,0.007484817504882812,0.0011572369588425675,gini,25,sqrt,1,5,random,"{'criterion': 'gini', 'max_depth': 25, 'max_features': 'sqrt', 'min_samples_leaf': 1, 'min_samples_split': 5, 'splitter': 'random'}",0.4616977225672878,0.463855421686747,0.45792563600782776,0.4522417153996101,0.44921875,0.4569878491322945,0.005533725535734328,676
0.023499059677124023,0.0010574040406055199,0.006332206726074219,0.0002762229375747171,entropy,25,sqrt,4,10,random,"{'criterion': 'entropy', 'max_depth': 25, 'max_features': 'sqrt', 'min_samples_leaf': 4, 'min_samples_split': 10, 'splitter': 'random'}",0.4717391304347826,0.4911550468262227,0.440463645943098,0.46511627906976744,0.4153686396677051,0.45676854838831515,0.026290821573253215,677
0.02323741912841797,0.004145213782833773,0.006754398345947266,0.0012910040281558482,entropy,,log2,1,20,random,"{'criterion': 'entropy', 'max_depth': None, 'max_features': 'log2', 'min_samples_leaf': 1, 'min_samples_split': 20, 'splitter': 'random'}",0.4250269687162891,0.5091277890466531,0.4402116402116402,0.43724696356275305,0.47157894736842104,0.4566384617811513,0.030408895902971866,678
0.017041349411010744,0.001451966865111815,0.005698060989379883,0.0004727221937598875,entropy,15,sqrt,8,20,random,"{'criterion': 'entropy', 'max_depth': 15, 'max_features': 'sqrt', 'min_samples_leaf': 8, 'min_samples_split': 20, 'splitter': 'random'}",0.47150837988826816,0.4808510638297872,0.44740024183796856,0.4960362400906002,0.3851508120649652,0.4561893475423179,0.03886996205262768,679
0.03388524055480957,0.0057399086828118315,0.012738656997680665,0.00544377000182574,gini,15,sqrt,1,20,random,"{'criterion': 'gini', 'max_depth': 15, 'max_features': 'sqrt', 'min_samples_leaf': 1, 'min_samples_split': 20, 'splitter': 'random'}",0.39,0.48156182212581344,0.509090909090909,0.42201834862385323,0.4774951076320939,0.45603323749453395,0.04346225520425961,680
0.02080836296081543,0.0014360274192964776,0.0064011096954345705,0.00040115472684403795,gini,25,log2,2,20,random,"{'criterion': 'gini', 'max_depth': 25, 'max_features': 'log2', 'min_samples_leaf': 2, 'min_samples_split': 20, 'splitter': 'random'}",0.477124183006536,0.42953020134228187,0.47928331466965285,0.47340980187695514,0.4202247191011236,0.45591444399930986,0.025580967207366898,681
0.01868925094604492,0.000991557854274702,0.0057281494140625,0.0004769359629308281,gini,20,sqrt,2,20,random,"{'criterion': 'gini', 'max_depth': 20, 'max_features': 'sqrt', 'min_samples_leaf': 2, 'min_samples_split': 20, 'splitter': 'random'}",0.4611973392461197,0.4777415852334419,0.4424972617743702,0.4557522123893805,0.4398766700924974,0.45541301374716187,0.013713739132659613,682
0.020337247848510744,0.0020439938991449426,0.005335235595703125,0.0001959203480585824,entropy,20,sqrt,2,2,random,"{'criterion': 'entropy', 'max_depth': 20, 'max_features': 'sqrt', 'min_samples_leaf': 2, 'min_samples_split': 2, 'splitter': 'random'}",0.4298056155507559,0.47484909456740443,0.46,0.4708249496981891,0.44038668098818473,0.4551732681609068,0.01742166225786422,683
0.02603750228881836,0.0035918645531302557,0.006769418716430664,0.0010862469567842399,entropy,25,log2,2,10,random,"{'criterion': 'entropy', 'max_depth': 25, 'max_features': 'log2', 'min_samples_leaf': 2, 'min_samples_split': 10, 'splitter': 'random'}",0.4522096608427544,0.4367816091954023,0.48074921956295524,0.4737384140061792,0.43121149897330596,0.4549380805161194,0.01959448817741541,684
0.0258056640625,0.00626688070262262,0.00688934326171875,0.0012091691904357732,gini,25,sqrt,4,2,random,"{'criterion': 'gini', 'max_depth': 25, 'max_features': 'sqrt', 'min_samples_leaf': 4, 'min_samples_split': 2, 'splitter': 'random'}",0.44612068965517243,0.4925053533190578,0.4414784394250513,0.4495798319327731,0.4439608269858542,0.4547290282635818,0.019074594173783474,685
0.02226872444152832,0.0008727849387683874,0.006358623504638672,0.001152499875100863,gini,25,sqrt,4,5,random,"{'criterion': 'gini', 'max_depth': 25, 'max_features': 'sqrt', 'min_samples_leaf': 4, 'min_samples_split': 5, 'splitter': 'random'}",0.44612068965517243,0.4925053533190578,0.4414784394250513,0.4495798319327731,0.4439608269858542,0.4547290282635818,0.019074594173783474,685
0.038336181640625,0.006101371419419797,0.009101200103759765,0.0014161482343080347,entropy,,sqrt,2,5,random,"{'criterion': 'entropy', 'max_depth': None, 'max_features': 'sqrt', 'min_samples_leaf': 2, 'min_samples_split': 5, 'splitter': 'random'}",0.4297872340425532,0.4786494538232373,0.46974358974358976,0.48249027237354086,0.4083769633507853,0.45380950266674136,0.029443810466557162,687
0.02150754928588867,0.0004857804707883835,0.006386899948120117,0.0005914462065844274,entropy,25,sqrt,4,20,random,"{'criterion': 'entropy', 'max_depth': 25, 'max_features': 'sqrt', 'min_samples_leaf': 4, 'min_samples_split': 20, 'splitter': 'random'}",0.4731182795698925,0.45535714285714285,0.47720042417815484,0.413716814159292,0.4460580912863071,0.4530901504101578,0.0227476591173973,688
0.022643136978149413,0.0024950466525053318,0.006165599822998047,0.0005711223102490197,entropy,15,sqrt,4,5,random,"{'criterion': 'entropy', 'max_depth': 15, 'max_features': 'sqrt', 'min_samples_leaf': 4, 'min_samples_split': 5, 'splitter': 'random'}",0.48497854077253216,0.4580152671755725,0.45708376421923474,0.4750795334040297,0.3894230769230769,0.4529160364988892,0.03344832671121903,689
0.021331787109375,0.0023119023251169596,0.005579757690429688,0.0003300456007536238,entropy,15,sqrt,4,2,random,"{'criterion': 'entropy', 'max_depth': 15, 'max_features': 'sqrt', 'min_samples_leaf': 4, 'min_samples_split': 2, 'splitter': 'random'}",0.48497854077253216,0.4580152671755725,0.45708376421923474,0.4750795334040297,0.3894230769230769,0.4529160364988892,0.03344832671121903,689
0.02289886474609375,0.0019621099397468824,0.006519126892089844,0.0012409751985363504,gini,20,log2,2,5,random,"{'criterion': 'gini', 'max_depth': 20, 'max_features': 'log2', 'min_samples_leaf': 2, 'min_samples_split': 5, 'splitter': 'random'}",0.49848024316109424,0.4184008762322015,0.4544502617801047,0.4376321353065539,0.45556690500510727,0.45290608429701235,0.02649668397542418,691
0.037354135513305665,0.003208864251908775,0.014283514022827149,0.009174060257687881,gini,25,sqrt,1,2,random,"{'criterion': 'gini', 'max_depth': 25, 'max_features': 'sqrt', 'min_samples_leaf': 1, 'min_samples_split': 2, 'splitter': 'random'}",0.4757185332011893,0.44401168451801365,0.4689265536723164,0.43302752293577984,0.44176706827309237,0.45269027252007826,0.01658418293192345,692
0.03544416427612305,0.005002268315104997,0.00958561897277832,0.002006650936268341,entropy,25,sqrt,1,2,random,"{'criterion': 'entropy', 'max_depth': 25, 'max_features': 'sqrt', 'min_samples_leaf': 1, 'min_samples_split': 2, 'splitter': 'random'}",0.4588235294117647,0.4763705103969754,0.4601593625498008,0.4187380497131931,0.4481409001956947,0.4524464704534858,0.01911706482027939,693
0.031197786331176758,0.0030928284484055364,0.007222223281860352,0.0010511251200922022,gini,,sqrt,1,5,random,"{'criterion': 'gini', 'max_depth': None, 'max_features': 'sqrt', 'min_samples_leaf': 1, 'min_samples_split': 5, 'splitter': 'random'}",0.4495049504950495,0.4745098039215686,0.47746883988494726,0.4360753221010902,0.4235294117647059,0.4522176656334723,0.02109744637965657,694
0.034690237045288085,0.010870189012944027,0.012672138214111329,0.006899236638746746,gini,15,sqrt,4,5,random,"{'criterion': 'gini', 'max_depth': 15, 'max_features': 'sqrt', 'min_samples_leaf': 4, 'min_samples_split': 5, 'splitter': 'random'}",0.42431466030989273,0.47704367301231804,0.44340723453908987,0.48434237995824636,0.43018018018018017,0.4518576255999454,0.024452124390141522,695
0.02719569206237793,0.002077767888034256,0.008126592636108399,0.0012202846621957753,gini,15,sqrt,4,2,random,"{'criterion': 'gini', 'max_depth': 15, 'max_features': 'sqrt', 'min_samples_leaf': 4, 'min_samples_split': 2, 'splitter': 'random'}",0.42431466030989273,0.47704367301231804,0.44340723453908987,0.48434237995824636,0.43018018018018017,0.4518576255999454,0.024452124390141522,695
0.02818927764892578,0.0030991030823715967,0.00661625862121582,0.001153592088929032,entropy,,log2,1,2,random,"{'criterion': 'entropy', 'max_depth': None, 'max_features': 'log2', 'min_samples_leaf': 1, 'min_samples_split': 2, 'splitter': 'random'}",0.4469483568075117,0.43874643874643876,0.49953746530989823,0.41697416974169743,0.4563017479300828,0.4517016357071258,0.027224457045887895,697
0.036483049392700195,0.006511499748773207,0.008747434616088868,0.001164772016940935,gini,,sqrt,2,5,random,"{'criterion': 'gini', 'max_depth': None, 'max_features': 'sqrt', 'min_samples_leaf': 2, 'min_samples_split': 5, 'splitter': 'random'}",0.41735537190082644,0.4576098059244127,0.47047047047047047,0.4608967674661105,0.4504692387904067,0.45136033091044536,0.018178714346984627,698
0.037308454513549805,0.017956988462991767,0.008242368698120117,0.0015476122450412072,gini,15,sqrt,2,10,random,"{'criterion': 'gini', 'max_depth': 15, 'max_features': 'sqrt', 'min_samples_leaf': 2, 'min_samples_split': 10, 'splitter': 'random'}",0.5304878048780488,0.379874213836478,0.44831591173054586,0.4240437158469945,0.4727646454265159,0.4510972583437166,0.05016908741745351,699
0.06101479530334473,0.0017381427865370825,0.006966161727905274,0.000624485982621105,gini,10,log2,1,10,best,"{'criterion': 'gini', 'max_depth': 10, 'max_features': 'log2', 'min_samples_leaf': 1, 'min_samples_split': 10, 'splitter': 'best'}",0.45246690734055356,0.5525210084033614,0.47244094488188976,0.4908108108108108,0.2861271676300578,0.4508733678133347,0.08892272197178526,700
0.03386745452880859,0.005376276793194526,0.008449172973632813,0.0015869608328304779,entropy,25,sqrt,2,2,random,"{'criterion': 'entropy', 'max_depth': 25, 'max_features': 'sqrt', 'min_samples_leaf': 2, 'min_samples_split': 2, 'splitter': 'random'}",0.4594594594594595,0.469601677148847,0.463265306122449,0.41286307053941906,0.4481675392670157,0.450671410507438,0.020149098980280347,701
0.021436595916748048,0.0022385924642061208,0.006964731216430664,0.001089039379772285,entropy,25,log2,2,20,random,"{'criterion': 'entropy', 'max_depth': 25, 'max_features': 'log2', 'min_samples_leaf': 2, 'min_samples_split': 20, 'splitter': 'random'}",0.4175365344467641,0.5109034267912772,0.42731277533039647,0.44683136412459723,0.4497816593886463,0.4504731520163362,0.03251701928417273,702
0.02354593276977539,0.002060121810491956,0.006678724288940429,0.0016822268732333858,gini,20,log2,1,2,random,"{'criterion': 'gini', 'max_depth': 20, 'max_features': 'log2', 'min_samples_leaf': 1, 'min_samples_split': 2, 'splitter': 'random'}",0.43141153081510936,0.4583333333333333,0.42648490749756574,0.47378640776699027,0.4600577478344562,0.450014785449491,0.018082508672148195,703
0.029680156707763673,0.004613430574100573,0.00740962028503418,0.0013310254075906002,gini,,sqrt,1,10,random,"{'criterion': 'gini', 'max_depth': None, 'max_features': 'sqrt', 'min_samples_leaf': 1, 'min_samples_split': 10, 'splitter': 'random'}",0.4666001994017946,0.46680080482897385,0.4492753623188406,0.45875251509054327,0.40721102863202546,0.4497279820544355,0.022205816288421176,704
0.03812761306762695,0.02394434763872194,0.006786870956420899,0.0005222023613445099,gini,,log2,1,10,random,"{'criterion': 'gini', 'max_depth': None, 'max_features': 'log2', 'min_samples_leaf': 1, 'min_samples_split': 10, 'splitter': 'random'}",0.439918533604888,0.4682139253279516,0.42281219272369713,0.48226950354609927,0.433264887063655,0.44929580845325817,0.022322478986227214,705
0.027036333084106447,0.0012050755946316442,0.006968832015991211,0.0005519750163155196,entropy,25,sqrt,2,5,random,"{'criterion': 'entropy', 'max_depth': 25, 'max_features': 'sqrt', 'min_samples_leaf': 2, 'min_samples_split': 5, 'splitter': 'random'}",0.452431289640592,0.4759959141981614,0.4613778705636743,0.42531120331950206,0.43037974683544306,0.44909920491147454,0.018982036348574725,706
0.0287168025970459,0.0023593510890089994,0.008961772918701172,0.000615609524932345,gini,,sqrt,4,20,random,"{'criterion': 'gini', 'max_depth': None, 'max_features': 'sqrt', 'min_samples_leaf': 4, 'min_samples_split': 20, 'splitter': 'random'}",0.42996742671009774,0.4649610678531702,0.4721030042918455,0.4535637149028078,0.42320085929108486,0.4487592146098012,0.019167037368200024,707
0.016671228408813476,0.001070927281673825,0.005321407318115234,0.0001235524183925705,entropy,15,sqrt,8,5,random,"{'criterion': 'entropy', 'max_depth': 15, 'max_features': 'sqrt', 'min_samples_leaf': 8, 'min_samples_split': 5, 'splitter': 'random'}",0.45657015590200445,0.43614457831325304,0.5056433408577878,0.43897216274089934,0.4059633027522936,0.4486587081132477,0.032812100267987136,708
0.01618037223815918,0.000627385353057372,0.005549001693725586,0.0007430700390511967,entropy,15,sqrt,8,2,random,"{'criterion': 'entropy', 'max_depth': 15, 'max_features': 'sqrt', 'min_samples_leaf': 8, 'min_samples_split': 2, 'splitter': 'random'}",0.45657015590200445,0.43614457831325304,0.5056433408577878,0.43897216274089934,0.4059633027522936,0.4486587081132477,0.032812100267987136,708
0.023266935348510744,0.0020421326701045043,0.007595252990722656,0.0010626842097613861,entropy,15,sqrt,8,10,random,"{'criterion': 'entropy', 'max_depth': 15, 'max_features': 'sqrt', 'min_samples_leaf': 8, 'min_samples_split': 10, 'splitter': 'random'}",0.45657015590200445,0.43614457831325304,0.5056433408577878,0.43897216274089934,0.4059633027522936,0.4486587081132477,0.032812100267987136,708
0.018157243728637695,0.001221655933862241,0.005269336700439453,0.0003037285538150464,entropy,,log2,2,20,random,"{'criterion': 'entropy', 'max_depth': None, 'max_features': 'log2', 'min_samples_leaf': 2, 'min_samples_split': 20, 'splitter': 'random'}",0.3882476390346275,0.4756756756756757,0.4247020585048754,0.4484848484848485,0.5045408678102926,0.44833021790206395,0.040188658436010605,711
0.02572178840637207,0.004017448421331211,0.007220792770385742,0.0012521026446241348,gini,,log2,1,20,random,"{'criterion': 'gini', 'max_depth': None, 'max_features': 'log2', 'min_samples_leaf': 1, 'min_samples_split': 20, 'splitter': 'random'}",0.42598509052183176,0.48588709677419356,0.4451345755693582,0.43776824034334766,0.44515441959531415,0.447985884560809,0.02020437693055483,712
0.026290464401245116,0.0025259262518882225,0.0068130970001220705,0.0006979435757568962,entropy,20,sqrt,1,5,random,"{'criterion': 'entropy', 'max_depth': 20, 'max_features': 'sqrt', 'min_samples_leaf': 1, 'min_samples_split': 5, 'splitter': 'random'}",0.4726522187822497,0.5077821011673151,0.4596774193548387,0.40044493882091214,0.39914163090128757,0.44793966180532063,0.04234760797235162,713
0.019787025451660157,0.001203782308622543,0.005935001373291016,0.0004889264723846661,entropy,,sqrt,8,2,random,"{'criterion': 'entropy', 'max_depth': None, 'max_features': 'sqrt', 'min_samples_leaf': 8, 'min_samples_split': 2, 'splitter': 'random'}",0.4572697003329634,0.4184971098265896,0.4523281596452328,0.465016146393972,0.4459308807134894,0.44780839938244943,0.01592939281643557,714
0.02156825065612793,0.001996273517203105,0.006270599365234375,0.0003849869171959458,entropy,,sqrt,8,5,random,"{'criterion': 'entropy', 'max_depth': None, 'max_features': 'sqrt', 'min_samples_leaf': 8, 'min_samples_split': 5, 'splitter': 'random'}",0.4572697003329634,0.4184971098265896,0.4523281596452328,0.465016146393972,0.4459308807134894,0.44780839938244943,0.01592939281643557,714
0.025423765182495117,0.007912988354292189,0.0069258689880371095,0.000828831202110038,entropy,,sqrt,8,10,random,"{'criterion': 'entropy', 'max_depth': None, 'max_features': 'sqrt', 'min_samples_leaf': 8, 'min_samples_split': 10, 'splitter': 'random'}",0.4572697003329634,0.4184971098265896,0.4523281596452328,0.465016146393972,0.4459308807134894,0.44780839938244943,0.01592939281643557,714
0.0221710205078125,0.0010418782899229582,0.0065880298614501955,0.0012305340433672633,gini,25,sqrt,2,5,random,"{'criterion': 'gini', 'max_depth': 25, 'max_features': 'sqrt', 'min_samples_leaf': 2, 'min_samples_split': 5, 'splitter': 'random'}",0.43121149897330596,0.4610655737704918,0.47706422018348627,0.4527918781725888,0.41639697950377563,0.44770603012072974,0.02153403254853006,717
0.028655433654785158,0.002055338985220033,0.00778493881225586,0.0008560916154844813,entropy,25,sqrt,4,2,random,"{'criterion': 'entropy', 'max_depth': 25, 'max_features': 'sqrt', 'min_samples_leaf': 4, 'min_samples_split': 2, 'splitter': 'random'}",0.44756756756756755,0.48175182481751827,0.44251626898047725,0.42016806722689076,0.4454054054054054,0.4474818267995719,0.01974563175937655,718
0.024602699279785156,0.0011293356371364328,0.0067474365234375,0.0003863907853664105,entropy,25,sqrt,4,5,random,"{'criterion': 'entropy', 'max_depth': 25, 'max_features': 'sqrt', 'min_samples_leaf': 4, 'min_samples_split': 5, 'splitter': 'random'}",0.44756756756756755,0.48175182481751827,0.44251626898047725,0.42016806722689076,0.4454054054054054,0.4474818267995719,0.01974563175937655,718
0.021488761901855467,0.001955359208300337,0.006571817398071289,0.0009826229887369903,entropy,15,sqrt,1,5,random,"{'criterion': 'entropy', 'max_depth': 15, 'max_features': 'sqrt', 'min_samples_leaf': 1, 'min_samples_split': 5, 'splitter': 'random'}",0.4868995633187773,0.496468213925328,0.3944636678200692,0.4512338425381904,0.4061032863849765,0.44703371479746823,0.04120584051956898,720
0.08331999778747559,0.003880406270384149,0.008174562454223632,0.0022962251940316144,entropy,10,sqrt,8,5,best,"{'criterion': 'entropy', 'max_depth': 10, 'max_features': 'sqrt', 'min_samples_leaf': 8, 'min_samples_split': 5, 'splitter': 'best'}",0.4700352526439483,0.5127635960044395,0.48259303721488594,0.37383177570093457,0.3919716646989374,0.4462390652526292,0.053853782312149,721
0.07028870582580567,0.0033396184288632773,0.005712127685546875,0.000641614184260418,entropy,10,sqrt,8,10,best,"{'criterion': 'entropy', 'max_depth': 10, 'max_features': 'sqrt', 'min_samples_leaf': 8, 'min_samples_split': 10, 'splitter': 'best'}",0.4700352526439483,0.5127635960044395,0.48259303721488594,0.37383177570093457,0.3919716646989374,0.4462390652526292,0.053853782312149,721
0.07535829544067382,0.005289722691162767,0.005509185791015625,0.0003480265962543349,entropy,10,sqrt,8,2,best,"{'criterion': 'entropy', 'max_depth': 10, 'max_features': 'sqrt', 'min_samples_leaf': 8, 'min_samples_split': 2, 'splitter': 'best'}",0.4700352526439483,0.5127635960044395,0.48259303721488594,0.37383177570093457,0.3919716646989374,0.4462390652526292,0.053853782312149,721
0.02034926414489746,0.0015383710022281315,0.006011438369750976,0.0004186413657249211,entropy,25,sqrt,8,2,random,"{'criterion': 'entropy', 'max_depth': 25, 'max_features': 'sqrt', 'min_samples_leaf': 8, 'min_samples_split': 2, 'splitter': 'random'}",0.4572697003329634,0.4184971098265896,0.4523281596452328,0.4908896034297964,0.4110854503464203,0.4460140047162005,0.028835956758593295,724
0.024371528625488283,0.00404769364402679,0.00650181770324707,0.0010428605320170492,entropy,25,sqrt,8,5,random,"{'criterion': 'entropy', 'max_depth': 25, 'max_features': 'sqrt', 'min_samples_leaf': 8, 'min_samples_split': 5, 'splitter': 'random'}",0.4572697003329634,0.4184971098265896,0.4523281596452328,0.4908896034297964,0.4110854503464203,0.4460140047162005,0.028835956758593295,724
0.020425891876220702,0.0006034184347003766,0.006331539154052735,0.0003107779218990024,entropy,25,sqrt,8,10,random,"{'criterion': 'entropy', 'max_depth': 25, 'max_features': 'sqrt', 'min_samples_leaf': 8, 'min_samples_split': 10, 'splitter': 'random'}",0.4572697003329634,0.4184971098265896,0.4523281596452328,0.4908896034297964,0.4110854503464203,0.4460140047162005,0.028835956758593295,724
0.0440068244934082,0.00655347729466443,0.01888575553894043,0.012224988581060268,gini,20,sqrt,1,2,random,"{'criterion': 'gini', 'max_depth': 20, 'max_features': 'sqrt', 'min_samples_leaf': 1, 'min_samples_split': 2, 'splitter': 'random'}",0.4541577825159915,0.4780114722753346,0.42813455657492355,0.46404602109300097,0.40162271805273836,0.4451945101023978,0.02721108524857997,727
0.021170663833618163,0.0012260255080821557,0.005806398391723633,0.0002168134775300649,entropy,,log2,2,10,random,"{'criterion': 'entropy', 'max_depth': None, 'max_features': 'log2', 'min_samples_leaf': 2, 'min_samples_split': 10, 'splitter': 'random'}",0.44539614561027835,0.46511627906976744,0.4084656084656085,0.48879837067209775,0.4171907756813417,0.44499343589981877,0.029769895515585527,728
0.0317741870880127,0.0030880036237665295,0.00727081298828125,0.0009733824319311473,entropy,,sqrt,2,2,random,"{'criterion': 'entropy', 'max_depth': None, 'max_features': 'sqrt', 'min_samples_leaf': 2, 'min_samples_split': 2, 'splitter': 'random'}",0.4423676012461059,0.44214876033057854,0.4355179704016913,0.44919786096256686,0.45482866043613707,0.44481217067541595,0.006618401310123887,729
0.021427488327026366,0.0011307775184888267,0.006684446334838867,0.001130920978032774,entropy,25,log2,4,10,random,"{'criterion': 'entropy', 'max_depth': 25, 'max_features': 'log2', 'min_samples_leaf': 4, 'min_samples_split': 10, 'splitter': 'random'}",0.41065482796892344,0.4697286012526096,0.47071352502662406,0.4349680170575693,0.4357298474945534,0.444358963760056,0.022964327566800127,730
0.024822044372558593,0.002813035764329256,0.007109355926513672,0.0010589475825950841,gini,,sqrt,4,2,random,"{'criterion': 'gini', 'max_depth': None, 'max_features': 'sqrt', 'min_samples_leaf': 4, 'min_samples_split': 2, 'splitter': 'random'}",0.4013377926421405,0.5015940488841658,0.4520255863539446,0.4495798319327731,0.4150537634408602,0.4439182046507769,0.03484403570994958,731
0.02454066276550293,0.0023372973577513215,0.006303310394287109,0.0009072344423088909,gini,,sqrt,4,5,random,"{'criterion': 'gini', 'max_depth': None, 'max_features': 'sqrt', 'min_samples_leaf': 4, 'min_samples_split': 5, 'splitter': 'random'}",0.4013377926421405,0.5015940488841658,0.4520255863539446,0.4495798319327731,0.4150537634408602,0.4439182046507769,0.03484403570994958,731
0.022841453552246094,0.001131849259249348,0.006274080276489258,0.0006121467958575992,entropy,20,sqrt,2,5,random,"{'criterion': 'entropy', 'max_depth': 20, 'max_features': 'sqrt', 'min_samples_leaf': 2, 'min_samples_split': 5, 'splitter': 'random'}",0.39250275633958104,0.46458333333333335,0.4583333333333333,0.4326530612244898,0.4702194357366771,0.443658383993483,0.02862415931559036,733
0.026808643341064455,0.003513861487094841,0.006763982772827149,0.0011130978257769249,entropy,,sqrt,4,10,random,"{'criterion': 'entropy', 'max_depth': None, 'max_features': 'sqrt', 'min_samples_leaf': 4, 'min_samples_split': 10, 'splitter': 'random'}",0.4304635761589404,0.45610278372591007,0.4407484407484408,0.42643923240938164,0.45643153526970953,0.4420371136624765,0.012521531819637109,734
0.01622018814086914,0.0007456688643137751,0.005408430099487304,0.0003297126243853588,entropy,15,log2,1,10,random,"{'criterion': 'entropy', 'max_depth': 15, 'max_features': 'log2', 'min_samples_leaf': 1, 'min_samples_split': 10, 'splitter': 'random'}",0.41330166270783847,0.4206896551724138,0.47032474804031354,0.41579558652729387,0.4890738813735692,0.4418371067642858,0.03156740608140855,735
0.023340415954589844,0.004049363004424912,0.007742166519165039,0.0014457819879680517,gini,,sqrt,8,20,random,"{'criterion': 'gini', 'max_depth': None, 'max_features': 'sqrt', 'min_samples_leaf': 8, 'min_samples_split': 20, 'splitter': 'random'}",0.40835266821345706,0.5149171270718232,0.3836549375709421,0.4666666666666667,0.43526785714285715,0.4417718513331493,0.04584038088723801,736
0.01888561248779297,0.0012203938681047029,0.005879783630371093,0.0002773057388485639,entropy,20,sqrt,8,5,random,"{'criterion': 'entropy', 'max_depth': 20, 'max_features': 'sqrt', 'min_samples_leaf': 8, 'min_samples_split': 5, 'splitter': 'random'}",0.43364928909952605,0.40877598152424943,0.44372294372294374,0.49513513513513513,0.42709529276693453,0.4416757284497578,0.029056859550315218,737
0.02250518798828125,0.002756486948131958,0.006707525253295899,0.0011816919980225016,entropy,20,sqrt,8,2,random,"{'criterion': 'entropy', 'max_depth': 20, 'max_features': 'sqrt', 'min_samples_leaf': 8, 'min_samples_split': 2, 'splitter': 'random'}",0.43364928909952605,0.40877598152424943,0.44372294372294374,0.49513513513513513,0.42709529276693453,0.4416757284497578,0.029056859550315218,737
0.019319820404052734,0.000915288315306031,0.005665874481201172,0.0003348384885250402,entropy,20,sqrt,8,10,random,"{'criterion': 'entropy', 'max_depth': 20, 'max_features': 'sqrt', 'min_samples_leaf': 8, 'min_samples_split': 10, 'splitter': 'random'}",0.43364928909952605,0.40877598152424943,0.44372294372294374,0.49513513513513513,0.42709529276693453,0.4416757284497578,0.029056859550315218,737
0.02789764404296875,0.0023237925409592066,0.007723855972290039,0.0013597061473855847,entropy,25,log2,1,5,random,"{'criterion': 'entropy', 'max_depth': 25, 'max_features': 'log2', 'min_samples_leaf': 1, 'min_samples_split': 5, 'splitter': 'random'}",0.4355179704016913,0.46396841066140176,0.4714686623012161,0.4518664047151277,0.38461538461538464,0.4414873665389643,0.030925898182722244,740
0.022356557846069335,0.0021465623410236428,0.006756734848022461,0.001086564882637633,gini,15,sqrt,4,10,random,"{'criterion': 'gini', 'max_depth': 15, 'max_features': 'sqrt', 'min_samples_leaf': 4, 'min_samples_split': 10, 'splitter': 'random'}",0.43058823529411766,0.41061130334486734,0.43710021321961623,0.4994753410283316,0.42567567567567566,0.4406901537125217,0.030662049724009714,741
0.03605875968933105,0.00775359486363374,0.01034402847290039,0.003940946695070989,gini,,log2,1,5,random,"{'criterion': 'gini', 'max_depth': None, 'max_features': 'log2', 'min_samples_leaf': 1, 'min_samples_split': 5, 'splitter': 'random'}",0.43947100712105797,0.43859649122807015,0.445771144278607,0.44793713163064836,0.4310520939734423,0.4405655736463651,0.005950117472090546,742
0.05995030403137207,0.0016618668779829935,0.005696392059326172,0.0005244480559347917,entropy,10,log2,2,20,best,"{'criterion': 'entropy', 'max_depth': 10, 'max_features': 'log2', 'min_samples_leaf': 2, 'min_samples_split': 20, 'splitter': 'best'}",0.46115906288532676,0.43132530120481927,0.48,0.4954545454545455,0.3347517730496454,0.4405381365188674,0.05705068671728892,743
0.02537403106689453,0.0025424332585998882,0.01598834991455078,0.014124782442829671,gini,20,sqrt,4,20,random,"{'criterion': 'gini', 'max_depth': 20, 'max_features': 'sqrt', 'min_samples_leaf': 4, 'min_samples_split': 20, 'splitter': 'random'}",0.4514721919302072,0.4772727272727273,0.42045454545454547,0.4392935982339956,0.4127659574468085,0.44025180406765674,0.02299898793521431,744
0.0247344970703125,0.0012578684508717998,0.006624650955200195,0.0009747463433740103,entropy,,log2,1,5,random,"{'criterion': 'entropy', 'max_depth': None, 'max_features': 'log2', 'min_samples_leaf': 1, 'min_samples_split': 5, 'splitter': 'random'}",0.4301288404360753,0.4816247582205029,0.44701348747591524,0.41312741312741313,0.4289855072463768,0.44017600130125667,0.02333473543102955,745
0.020062828063964845,0.0007756197304421479,0.005610179901123047,0.00014853782864978057,entropy,20,log2,2,5,random,"{'criterion': 'entropy', 'max_depth': 20, 'max_features': 'log2', 'min_samples_leaf': 2, 'min_samples_split': 5, 'splitter': 'random'}",0.42328042328042326,0.4865403788634098,0.42643923240938164,0.40948275862068967,0.45406546990496305,0.4399616526157735,0.0274174310996469,746
0.023467874526977538,0.001179213043738014,0.007407617568969726,0.0008459057372411603,gini,25,log2,1,20,random,"{'criterion': 'gini', 'max_depth': 25, 'max_features': 'log2', 'min_samples_leaf': 1, 'min_samples_split': 20, 'splitter': 'random'}",0.4601412714429869,0.4836325237592397,0.41914893617021276,0.42779587404994573,0.4087431693989071,0.4398923549642584,0.027821240159044545,747
0.03862075805664063,0.0036942810161078475,0.010356473922729491,0.0029640028006756147,gini,,log2,1,2,random,"{'criterion': 'gini', 'max_depth': None, 'max_features': 'log2', 'min_samples_leaf': 1, 'min_samples_split': 2, 'splitter': 'random'}",0.4521072796934866,0.455535390199637,0.4446494464944649,0.4347048300536673,0.4111111111111111,0.43962161151047335,0.01594642756034257,748
0.039997100830078125,0.03828984748846056,0.0209503173828125,0.028587785038823824,gini,25,sqrt,8,20,random,"{'criterion': 'gini', 'max_depth': 25, 'max_features': 'sqrt', 'min_samples_leaf': 8, 'min_samples_split': 20, 'splitter': 'random'}",0.350920245398773,0.5056689342403629,0.4432314410480349,0.4666666666666667,0.43132803632236094,0.43956306473523965,0.05107526469502885,749
0.022144412994384764,0.0028936174774567423,0.006495046615600586,0.0013719939142805288,entropy,15,sqrt,2,20,random,"{'criterion': 'entropy', 'max_depth': 15, 'max_features': 'sqrt', 'min_samples_leaf': 2, 'min_samples_split': 20, 'splitter': 'random'}",0.44144144144144143,0.5084745762711864,0.4325581395348837,0.5,0.31483870967741934,0.4394625733849861,0.06929665373524264,750
0.02806096076965332,0.003201399944935157,0.007553768157958984,0.0011906740461487977,gini,25,log2,1,2,random,"{'criterion': 'gini', 'max_depth': 25, 'max_features': 'log2', 'min_samples_leaf': 1, 'min_samples_split': 2, 'splitter': 'random'}",0.4340344168260038,0.4317521781219748,0.4288389513108614,0.45604395604395603,0.4448669201520912,0.43910728449097747,0.010052805465001279,751
0.02612619400024414,0.002318132932202373,0.007262897491455078,0.0005283526218155657,entropy,25,log2,2,5,random,"{'criterion': 'entropy', 'max_depth': 25, 'max_features': 'log2', 'min_samples_leaf': 2, 'min_samples_split': 5, 'splitter': 'random'}",0.4713375796178344,0.41959531416400425,0.4332344213649852,0.4383282364933741,0.4329896907216495,0.4390970484723695,0.01727443646971053,752
0.01813473701477051,0.0013348513060901788,0.006444072723388672,0.001160656823476878,entropy,15,log2,1,5,random,"{'criterion': 'entropy', 'max_depth': 15, 'max_features': 'log2', 'min_samples_leaf': 1, 'min_samples_split': 5, 'splitter': 'random'}",0.4600219058050383,0.3852760736196319,0.4452054794520548,0.490134994807892,0.4143947655398037,0.4390066438448842,0.036295712696598176,753
0.02157564163208008,0.0010733531814390563,0.0066376209259033205,0.0005735023286215079,entropy,20,sqrt,4,10,random,"{'criterion': 'entropy', 'max_depth': 20, 'max_features': 'sqrt', 'min_samples_leaf': 4, 'min_samples_split': 10, 'splitter': 'random'}",0.44772727272727275,0.46779661016949153,0.42105263157894735,0.4419551934826884,0.41501103752759383,0.43870854909719875,0.019033112465541614,754
0.032223081588745116,0.005954295869956355,0.011673355102539062,0.0026254382237733986,gini,15,sqrt,2,20,random,"{'criterion': 'gini', 'max_depth': 15, 'max_features': 'sqrt', 'min_samples_leaf': 2, 'min_samples_split': 20, 'splitter': 'random'}",0.3380281690140845,0.5112107623318386,0.3364737550471063,0.48746238716148443,0.5136842105263157,0.4373718568161659,0.08226106706520121,755
0.020876502990722655,0.0030806225289193726,0.006222581863403321,0.0007343895782091937,entropy,15,sqrt,2,10,random,"{'criterion': 'entropy', 'max_depth': 15, 'max_features': 'sqrt', 'min_samples_leaf': 2, 'min_samples_split': 10, 'splitter': 'random'}",0.29085872576177285,0.5560704355885079,0.43205574912891986,0.4531914893617021,0.4517593643586833,0.43678715283991726,0.0848990729376247,756
0.04554300308227539,0.0071675376079186675,0.014593219757080078,0.008009844806778948,entropy,,sqrt,1,5,random,"{'criterion': 'entropy', 'max_depth': None, 'max_features': 'sqrt', 'min_samples_leaf': 1, 'min_samples_split': 5, 'splitter': 'random'}",0.44708209693372897,0.44984802431610943,0.4435946462715105,0.41141732283464566,0.43079922027290446,0.4365482621257798,0.014157065172488754,757
0.023569393157958984,0.0027553158814872534,0.006538867950439453,0.0007751127858984473,gini,25,log2,1,5,random,"{'criterion': 'gini', 'max_depth': 25, 'max_features': 'log2', 'min_samples_leaf': 1, 'min_samples_split': 5, 'splitter': 'random'}",0.4234326824254882,0.464354527938343,0.4421699078812692,0.43415637860082307,0.4171539961013645,0.4362534985894576,0.016481710979293723,758
0.019148635864257812,0.0016489014755163504,0.005705833435058594,0.0003067569080928112,entropy,20,sqrt,4,20,random,"{'criterion': 'entropy', 'max_depth': 20, 'max_features': 'sqrt', 'min_samples_leaf': 4, 'min_samples_split': 20, 'splitter': 'random'}",0.42857142857142855,0.4829106945975744,0.3981264637002342,0.44298245614035087,0.428246013667426,0.4361674113354027,0.027564254236120828,759
0.019710063934326172,0.0005138163660401243,0.006154394149780274,0.0004637023435242678,gini,25,log2,4,20,random,"{'criterion': 'gini', 'max_depth': 25, 'max_features': 'log2', 'min_samples_leaf': 4, 'min_samples_split': 20, 'splitter': 'random'}",0.36511627906976746,0.49294245385450597,0.45657015590200445,0.4503735325506937,0.4137142857142857,0.43574334141825144,0.043342815757153604,760
0.019983720779418946,0.002115767735174939,0.005714273452758789,0.0002369349379824316,gini,25,sqrt,4,20,random,"{'criterion': 'gini', 'max_depth': 25, 'max_features': 'sqrt', 'min_samples_leaf': 4, 'min_samples_split': 20, 'splitter': 'random'}",0.4461538461538462,0.45594713656387664,0.4456404736275565,0.44565217391304346,0.38063806380638066,0.43480633881294073,0.027367542402576415,761
0.032642698287963866,0.007499343205569182,0.009648942947387695,0.004496090964121216,gini,,sqrt,2,2,random,"{'criterion': 'gini', 'max_depth': None, 'max_features': 'sqrt', 'min_samples_leaf': 2, 'min_samples_split': 2, 'splitter': 'random'}",0.44260599793174765,0.4566768603465851,0.41386782231852653,0.45489443378119004,0.4059196617336152,0.4347929552223329,0.02105016220387003,762
0.020073843002319337,0.0009652166377841987,0.005576992034912109,0.00018309842781596378,entropy,20,log2,1,10,random,"{'criterion': 'entropy', 'max_depth': 20, 'max_features': 'log2', 'min_samples_leaf': 1, 'min_samples_split': 10, 'splitter': 'random'}",0.41517386722866173,0.4865403788634098,0.3971119133574007,0.4050056882821388,0.467005076142132,0.43416738477474864,0.03579248719274187,763
0.02194061279296875,0.0018641630303688301,0.006352567672729492,0.0011016941466403998,entropy,15,sqrt,2,2,random,"{'criterion': 'entropy', 'max_depth': 15, 'max_features': 'sqrt', 'min_samples_leaf': 2, 'min_samples_split': 2, 'splitter': 'random'}",0.4318936877076412,0.5182012847965739,0.38748495788206977,0.3858447488584475,0.44685466377440347,0.4340558686038272,0.048460493276181155,764
0.02325863838195801,0.004635492066964602,0.008359861373901368,0.0018168893795336366,gini,15,sqrt,8,20,random,"{'criterion': 'gini', 'max_depth': 15, 'max_features': 'sqrt', 'min_samples_leaf': 8, 'min_samples_split': 20, 'splitter': 'random'}",0.3977272727272727,0.4792626728110599,0.39412484700122397,0.4701834862385321,0.4287369640787949,0.4340070485713767,0.03547222038595458,765
0.023014259338378907,0.0038665055851544307,0.005930757522583008,0.0003770490321529681,gini,,log2,2,20,random,"{'criterion': 'gini', 'max_depth': None, 'max_features': 'log2', 'min_samples_leaf': 2, 'min_samples_split': 20, 'splitter': 'random'}",0.4201117318435754,0.4439511653718091,0.4009009009009009,0.44214876033057854,0.46236559139784944,0.43389562996894265,0.021252833460844122,766
0.019089460372924805,0.00304635312893999,0.0064143180847167965,0.0011154640400199687,entropy,10,sqrt,1,20,random,"{'criterion': 'entropy', 'max_depth': 10, 'max_features': 'sqrt', 'min_samples_leaf': 1, 'min_samples_split': 20, 'splitter': 'random'}",0.47918781725888326,0.3508322663252241,0.49159663865546216,0.45770065075921906,0.38948626045400236,0.4337607266905582,0.054440960928008784,767
0.02289862632751465,0.0016438758736818729,0.006113195419311523,0.0004731494546587721,gini,25,log2,2,5,random,"{'criterion': 'gini', 'max_depth': 25, 'max_features': 'log2', 'min_samples_leaf': 2, 'min_samples_split': 5, 'splitter': 'random'}",0.4154488517745303,0.43283582089552236,0.443010752688172,0.4523560209424084,0.4240506329113924,0.43354041584240505,0.01312685339135387,768
0.024998188018798828,0.0020195364599901004,0.006745433807373047,0.0005956315809311884,gini,,log2,2,5,random,"{'criterion': 'gini', 'max_depth': None, 'max_features': 'log2', 'min_samples_leaf': 2, 'min_samples_split': 5, 'splitter': 'random'}",0.426610348468849,0.4127659574468085,0.44562899786780386,0.47835051546391755,0.4043243243243243,0.43353602871434066,0.026409326785306265,769
0.02448434829711914,0.0036438536674799358,0.00687704086303711,0.0015292668103937949,gini,,sqrt,4,10,random,"{'criterion': 'gini', 'max_depth': None, 'max_features': 'sqrt', 'min_samples_leaf': 4, 'min_samples_split': 10, 'splitter': 'random'}",0.43595505617977526,0.42764578833693306,0.46354733405875953,0.38985005767012687,0.4504310344827586,0.43348585414567065,0.025040438385188744,770
0.02698063850402832,0.0036399614789000487,0.00713801383972168,0.0012473929547434984,gini,20,sqrt,8,2,random,"{'criterion': 'gini', 'max_depth': 20, 'max_features': 'sqrt', 'min_samples_leaf': 8, 'min_samples_split': 2, 'splitter': 'random'}",0.4469525959367946,0.4351747463359639,0.41497326203208557,0.4636363636363636,0.4041095890410959,0.4329693113964607,0.021436443968377905,771
0.021177148818969725,0.0018030260651380702,0.006917572021484375,0.0012302223156260888,gini,20,sqrt,8,10,random,"{'criterion': 'gini', 'max_depth': 20, 'max_features': 'sqrt', 'min_samples_leaf': 8, 'min_samples_split': 10, 'splitter': 'random'}",0.4469525959367946,0.4351747463359639,0.41497326203208557,0.4636363636363636,0.4041095890410959,0.4329693113964607,0.021436443968377905,771
0.021470403671264647,0.0017913986739166623,0.006613445281982422,0.000549388121685301,gini,20,sqrt,8,5,random,"{'criterion': 'gini', 'max_depth': 20, 'max_features': 'sqrt', 'min_samples_leaf': 8, 'min_samples_split': 5, 'splitter': 'random'}",0.4469525959367946,0.4351747463359639,0.41497326203208557,0.4636363636363636,0.4041095890410959,0.4329693113964607,0.021436443968377905,771
0.020711421966552734,0.002170385782364231,0.00619654655456543,0.0008540227305031107,entropy,15,sqrt,1,10,random,"{'criterion': 'entropy', 'max_depth': 15, 'max_features': 'sqrt', 'min_samples_leaf': 1, 'min_samples_split': 10, 'splitter': 'random'}",0.4446831364124597,0.33635187580853815,0.4419642857142857,0.46311010215664017,0.4745762711864407,0.4321371342556729,0.04937447902654937,774
0.01939082145690918,0.0012372224338168434,0.005831575393676758,0.0007374259533664239,entropy,20,log2,1,5,random,"{'criterion': 'entropy', 'max_depth': 20, 'max_features': 'log2', 'min_samples_leaf': 1, 'min_samples_split': 5, 'splitter': 'random'}",0.4296455424274973,0.44349680170575695,0.4530938123752495,0.4025974025974026,0.43172690763052207,0.4321120933472857,0.017012897044967997,775
0.02263636589050293,0.0012612520353658023,0.006375408172607422,0.0005147608652751277,gini,25,sqrt,2,2,random,"{'criterion': 'gini', 'max_depth': 25, 'max_features': 'sqrt', 'min_samples_leaf': 2, 'min_samples_split': 2, 'splitter': 'random'}",0.4392712550607287,0.46021505376344085,0.4172043010752688,0.42084168336673344,0.41256544502617803,0.43001954765847,0.017609498092999158,776
0.02141265869140625,0.0012651827720237382,0.0060711860656738285,0.0009437051731767137,gini,20,sqrt,2,2,random,"{'criterion': 'gini', 'max_depth': 20, 'max_features': 'sqrt', 'min_samples_leaf': 2, 'min_samples_split': 2, 'splitter': 'random'}",0.41163793103448276,0.4406047516198704,0.42392444910807975,0.45898234683281414,0.4149184149184149,0.43001357870273244,0.017629341263125233,777
0.040452766418457034,0.010799754021881202,0.015197658538818359,0.009002831407351392,gini,15,sqrt,1,5,random,"{'criterion': 'gini', 'max_depth': 15, 'max_features': 'sqrt', 'min_samples_leaf': 1, 'min_samples_split': 5, 'splitter': 'random'}",0.46217616580310883,0.42572062084257206,0.4598459845984598,0.365767878077374,0.4358407079646018,0.4298702714572233,0.03494051155077865,778
0.0217343807220459,0.0006779421560152532,0.006037330627441407,0.00036571528126469124,gini,25,log2,2,2,random,"{'criterion': 'gini', 'max_depth': 25, 'max_features': 'log2', 'min_samples_leaf': 2, 'min_samples_split': 2, 'splitter': 'random'}",0.48296593186372744,0.4212812160694897,0.4155844155844156,0.43137254901960786,0.39637599093997733,0.4295160206954436,0.029053409100160004,779
0.02416520118713379,0.00132102984208919,0.007238626480102539,0.0009245094253775436,gini,25,sqrt,4,10,random,"{'criterion': 'gini', 'max_depth': 25, 'max_features': 'sqrt', 'min_samples_leaf': 4, 'min_samples_split': 10, 'splitter': 'random'}",0.4059633027522936,0.40305010893246185,0.45310853530031614,0.4437299035369775,0.43918191603875134,0.4290067533121601,0.02052290907848538,780
0.019086790084838868,0.001202382232363119,0.005816364288330078,0.0005006743067565328,entropy,20,log2,1,20,random,"{'criterion': 'entropy', 'max_depth': 20, 'max_features': 'log2', 'min_samples_leaf': 1, 'min_samples_split': 20, 'splitter': 'random'}",0.3822843822843823,0.4172494172494173,0.44419391206313413,0.4103139013452915,0.49067713444553485,0.428943749477552,0.03661831091968056,781
0.027781867980957033,0.004153807250896267,0.00869755744934082,0.0015058006289420727,gini,15,sqrt,1,10,random,"{'criterion': 'gini', 'max_depth': 15, 'max_features': 'sqrt', 'min_samples_leaf': 1, 'min_samples_split': 10, 'splitter': 'random'}",0.488659793814433,0.49946178686759957,0.24858757062146894,0.4165781083953241,0.49134199134199136,0.4289258502081633,0.09498799804752624,782
0.02463245391845703,0.0025873385800153793,0.006798887252807617,0.0008904849043087903,gini,20,sqrt,4,10,random,"{'criterion': 'gini', 'max_depth': 20, 'max_features': 'sqrt', 'min_samples_leaf': 4, 'min_samples_split': 10, 'splitter': 'random'}",0.41705069124423966,0.41223103057757643,0.44096133751306166,0.44816053511705684,0.42616033755274263,0.42891278640093544,0.0137274154017358,783
0.02015843391418457,0.0007165806674153201,0.005861949920654297,0.00019039215054545187,gini,25,log2,2,10,random,"{'criterion': 'gini', 'max_depth': 25, 'max_features': 'log2', 'min_samples_leaf': 2, 'min_samples_split': 10, 'splitter': 'random'}",0.41964285714285715,0.45087900723888313,0.42724458204334365,0.41509433962264153,0.42936596218020023,0.42844534964558517,0.012339300678564756,784
0.03796939849853516,0.0046716617665666735,0.03721661567687988,0.04852706172803901,gini,15,sqrt,2,2,random,"{'criterion': 'gini', 'max_depth': 15, 'max_features': 'sqrt', 'min_samples_leaf': 2, 'min_samples_split': 2, 'splitter': 'random'}",0.38990825688073394,0.42276422764227645,0.3574051407588739,0.5259042033235581,0.44493882091212456,0.42818412990351346,0.057155954231431154,785
0.019561386108398436,0.0024531840337322143,0.006720876693725586,0.000929863618670939,gini,20,sqrt,8,20,random,"{'criterion': 'gini', 'max_depth': 20, 'max_features': 'sqrt', 'min_samples_leaf': 8, 'min_samples_split': 20, 'splitter': 'random'}",0.32061068702290074,0.4678492239467849,0.4224137931034483,0.4968944099378882,0.4323094425483504,0.42801551131187454,0.05986090662712822,786
0.09772257804870606,0.012330303724596727,0.01038498878479004,0.000692985481577566,gini,10,log2,2,5,best,"{'criterion': 'gini', 'max_depth': 10, 'max_features': 'log2', 'min_samples_leaf': 2, 'min_samples_split': 5, 'splitter': 'best'}",0.431924882629108,0.5490196078431373,0.4730473047304731,0.4041184041184041,0.28156748911465895,0.4279355376871563,0.08798090695000547,787
0.0940319538116455,0.01753322175271725,0.014218330383300781,0.009663200821485073,gini,10,log2,4,2,best,"{'criterion': 'gini', 'max_depth': 10, 'max_features': 'log2', 'min_samples_leaf': 4, 'min_samples_split': 2, 'splitter': 'best'}",0.2801664355062413,0.42063492063492064,0.5032119914346895,0.42857142857142855,0.5047518479408659,0.42746732481762917,0.0817992723919431,788
0.12932462692260743,0.03751401273952481,0.014125347137451172,0.005873961396642945,gini,10,log2,4,5,best,"{'criterion': 'gini', 'max_depth': 10, 'max_features': 'log2', 'min_samples_leaf': 4, 'min_samples_split': 5, 'splitter': 'best'}",0.2801664355062413,0.42063492063492064,0.5032119914346895,0.42857142857142855,0.5047518479408659,0.42746732481762917,0.0817992723919431,788
0.021426963806152343,0.001522508007674344,0.0061436653137207035,0.0007611307759004746,gini,20,log2,1,10,random,"{'criterion': 'gini', 'max_depth': 20, 'max_features': 'log2', 'min_samples_leaf': 1, 'min_samples_split': 10, 'splitter': 'random'}",0.4288747346072187,0.40816326530612246,0.44097995545657015,0.4574358974358974,0.4008958566629339,0.4272699418937485,0.020790296617909394,790
0.0184783935546875,0.0007543123614586934,0.006437969207763672,0.0006223644429813676,gini,15,log2,2,10,random,"{'criterion': 'gini', 'max_depth': 15, 'max_features': 'log2', 'min_samples_leaf': 2, 'min_samples_split': 10, 'splitter': 'random'}",0.4924731182795699,0.4948665297741273,0.35,0.39677047289504036,0.3879093198992443,0.4244038881695964,0.05870230264202991,791
0.0549415111541748,0.001468215003815481,0.005132913589477539,0.00016624064329401304,entropy,10,log2,2,10,best,"{'criterion': 'entropy', 'max_depth': 10, 'max_features': 'log2', 'min_samples_leaf': 2, 'min_samples_split': 10, 'splitter': 'best'}",0.4687116564417178,0.5176946410515673,0.38855780691299163,0.3385490753911807,0.40463917525773196,0.4236304710110378,0.06278532683230302,792
0.0259122371673584,0.0018780953945594704,0.008013057708740234,0.0018520637432957608,gini,15,log2,1,2,random,"{'criterion': 'gini', 'max_depth': 15, 'max_features': 'log2', 'min_samples_leaf': 1, 'min_samples_split': 2, 'splitter': 'random'}",0.42588726513569936,0.45228215767634855,0.4329896907216495,0.48132780082987553,0.32425742574257427,0.4233488680212295,0.05313604192073823,793
0.023512554168701173,0.00440232992673167,0.00663461685180664,0.0013879659625225117,entropy,25,log2,4,20,random,"{'criterion': 'entropy', 'max_depth': 25, 'max_features': 'log2', 'min_samples_leaf': 4, 'min_samples_split': 20, 'splitter': 'random'}",0.43333333333333335,0.4583333333333333,0.3981797497155859,0.4124860646599777,0.41183431952662725,0.4228333601137715,0.0210063964492361,794
0.016939353942871094,0.001036875820818822,0.005890035629272461,0.0002554802805767311,gini,15,log2,4,20,random,"{'criterion': 'gini', 'max_depth': 15, 'max_features': 'log2', 'min_samples_leaf': 4, 'min_samples_split': 20, 'splitter': 'random'}",0.41514041514041516,0.4654226125137212,0.3515151515151515,0.4223744292237443,0.4588364434687157,0.42265781037234956,0.04063395437348499,795
0.02520294189453125,0.004289460885003429,0.0068389892578125,0.0012431494737532645,gini,25,log2,1,10,random,"{'criterion': 'gini', 'max_depth': 25, 'max_features': 'log2', 'min_samples_leaf': 1, 'min_samples_split': 10, 'splitter': 'random'}",0.40860215053763443,0.4236559139784946,0.4087431693989071,0.4439701173959445,0.4266389177939646,0.42232205382098903,0.013127642608474172,796
0.024135828018188477,0.0026460124811639707,0.006924724578857422,0.0013338867773271955,gini,,log2,2,10,random,"{'criterion': 'gini', 'max_depth': None, 'max_features': 'log2', 'min_samples_leaf': 2, 'min_samples_split': 10, 'splitter': 'random'}",0.41983122362869196,0.4384694932781799,0.4178794178794179,0.40971488912354803,0.4243743199129489,0.42205386876455736,0.009481285059294312,797
0.023772192001342774,0.0019260235789648073,0.0065804004669189455,0.0007797518525072513,gini,,sqrt,8,2,random,"{'criterion': 'gini', 'max_depth': None, 'max_features': 'sqrt', 'min_samples_leaf': 8, 'min_samples_split': 2, 'splitter': 'random'}",0.4316702819956616,0.3835294117647059,0.37819025522041766,0.5064377682403434,0.41002277904328016,0.4219700992528817,0.04640254369682754,798
0.02626652717590332,0.004942975110284865,0.008029603958129882,0.0017022584632612069,gini,,sqrt,8,10,random,"{'criterion': 'gini', 'max_depth': None, 'max_features': 'sqrt', 'min_samples_leaf': 8, 'min_samples_split': 10, 'splitter': 'random'}",0.4316702819956616,0.3835294117647059,0.37819025522041766,0.5064377682403434,0.41002277904328016,0.4219700992528817,0.04640254369682754,798
0.025759363174438478,0.0035060313436983417,0.007658815383911133,0.0016681498515838582,gini,,sqrt,8,5,random,"{'criterion': 'gini', 'max_depth': None, 'max_features': 'sqrt', 'min_samples_leaf': 8, 'min_samples_split': 5, 'splitter': 'random'}",0.4316702819956616,0.3835294117647059,0.37819025522041766,0.5064377682403434,0.41002277904328016,0.4219700992528817,0.04640254369682754,798
0.021982383728027344,0.003160547315105286,0.006270170211791992,0.00045079535295434894,gini,15,log2,2,2,random,"{'criterion': 'gini', 'max_depth': 15, 'max_features': 'log2', 'min_samples_leaf': 2, 'min_samples_split': 2, 'splitter': 'random'}",0.44680851063829785,0.43757159221076747,0.38686131386861317,0.4065573770491803,0.4251101321585903,0.4205817851850898,0.02159052943513899,801
0.02164320945739746,0.001837865970958459,0.006841182708740234,0.0007620942082799549,entropy,20,log2,4,5,random,"{'criterion': 'entropy', 'max_depth': 20, 'max_features': 'log2', 'min_samples_leaf': 4, 'min_samples_split': 5, 'splitter': 'random'}",0.4212860310421286,0.380327868852459,0.432258064516129,0.43675675675675674,0.43112513144058884,0.42035077052161246,0.020638479876637823,802
0.019323158264160156,0.0007217141773088432,0.0055621623992919925,0.0005664916471270084,entropy,20,log2,4,2,random,"{'criterion': 'entropy', 'max_depth': 20, 'max_features': 'log2', 'min_samples_leaf': 4, 'min_samples_split': 2, 'splitter': 'random'}",0.4212860310421286,0.380327868852459,0.432258064516129,0.43675675675675674,0.43112513144058884,0.42035077052161246,0.020638479876637823,802
0.023003149032592773,0.0013913149617632407,0.006271076202392578,0.0007356980403614557,gini,20,log2,1,5,random,"{'criterion': 'gini', 'max_depth': 20, 'max_features': 'log2', 'min_samples_leaf': 1, 'min_samples_split': 5, 'splitter': 'random'}",0.4194214876033058,0.4389233954451346,0.44676409185803756,0.3852013057671382,0.4105820105820106,0.4201784582511253,0.02179098250655137,804
0.022229480743408202,0.0014519625727813178,0.0070155620574951175,0.0009799326545609915,gini,20,log2,2,10,random,"{'criterion': 'gini', 'max_depth': 20, 'max_features': 'log2', 'min_samples_leaf': 2, 'min_samples_split': 10, 'splitter': 'random'}",0.43487394957983194,0.4284199363732768,0.41372141372141374,0.40981856990394877,0.41333333333333333,0.4200334405823609,0.009794393520515123,805
0.02905135154724121,0.0039996130015816315,0.007788848876953125,0.0018868912661432053,entropy,25,log2,2,2,random,"{'criterion': 'entropy', 'max_depth': 25, 'max_features': 'log2', 'min_samples_leaf': 2, 'min_samples_split': 2, 'splitter': 'random'}",0.3964165733482643,0.42424242424242425,0.39826839826839827,0.44646464646464645,0.4314558979808714,0.41936958806092095,0.01937042438819373,806
0.022545814514160156,0.003948044283861559,0.006214523315429687,0.0010904346664184538,gini,,log2,4,5,random,"{'criterion': 'gini', 'max_depth': None, 'max_features': 'log2', 'min_samples_leaf': 4, 'min_samples_split': 5, 'splitter': 'random'}",0.44664466446644663,0.3986784140969163,0.4293193717277487,0.42071881606765327,0.4012806830309498,0.41932838987794296,0.017888952361156885,807
0.024529504776000976,0.004419375951025869,0.00753474235534668,0.001961272040085628,gini,,log2,4,2,random,"{'criterion': 'gini', 'max_depth': None, 'max_features': 'log2', 'min_samples_leaf': 4, 'min_samples_split': 2, 'splitter': 'random'}",0.44664466446644663,0.3986784140969163,0.4293193717277487,0.42071881606765327,0.4012806830309498,0.41932838987794296,0.017888952361156885,807
0.02491602897644043,0.0025264619619703955,0.00723109245300293,0.0008328034970959167,gini,25,sqrt,8,5,random,"{'criterion': 'gini', 'max_depth': 25, 'max_features': 'sqrt', 'min_samples_leaf': 8, 'min_samples_split': 5, 'splitter': 'random'}",0.4316702819956616,0.3835294117647059,0.37819025522041766,0.49294245385450597,0.41002277904328016,0.4192710363757143,0.04154959354585489,809
0.018384170532226563,0.0008858794813132959,0.005452203750610352,0.00015329245979473052,gini,25,sqrt,8,2,random,"{'criterion': 'gini', 'max_depth': 25, 'max_features': 'sqrt', 'min_samples_leaf': 8, 'min_samples_split': 2, 'splitter': 'random'}",0.4316702819956616,0.3835294117647059,0.37819025522041766,0.49294245385450597,0.41002277904328016,0.4192710363757143,0.04154959354585489,809
0.01887197494506836,0.0012613940218921703,0.006001186370849609,0.0006511787712407722,gini,25,sqrt,8,10,random,"{'criterion': 'gini', 'max_depth': 25, 'max_features': 'sqrt', 'min_samples_leaf': 8, 'min_samples_split': 10, 'splitter': 'random'}",0.4316702819956616,0.3835294117647059,0.37819025522041766,0.49294245385450597,0.41002277904328016,0.4192710363757143,0.04154959354585489,809
0.02268061637878418,0.001482418699228338,0.0060215950012207035,0.0008360036370972281,entropy,,log2,2,2,random,"{'criterion': 'entropy', 'max_depth': None, 'max_features': 'log2', 'min_samples_leaf': 2, 'min_samples_split': 2, 'splitter': 'random'}",0.4093816631130064,0.3987603305785124,0.4385593220338983,0.4370290635091496,0.4078674948240166,0.41831957481171667,0.016318018332595028,812
0.022449016571044922,0.0020335175667572057,0.006705951690673828,0.0008489151680733791,gini,25,log2,4,10,random,"{'criterion': 'gini', 'max_depth': 25, 'max_features': 'log2', 'min_samples_leaf': 4, 'min_samples_split': 10, 'splitter': 'random'}",0.3986175115207373,0.3833515881708653,0.4742489270386266,0.4434876210979548,0.39097744360902253,0.4181366182874413,0.03498536595572772,813
0.019070243835449217,0.0013305765738612784,0.005331277847290039,0.0002965452548754735,entropy,,log2,4,10,random,"{'criterion': 'entropy', 'max_depth': None, 'max_features': 'log2', 'min_samples_leaf': 4, 'min_samples_split': 10, 'splitter': 'random'}",0.43640350877192985,0.42028985507246375,0.41081081081081083,0.45,0.366412213740458,0.41678327767913254,0.02854300137581556,814
0.022298669815063475,0.008566760223523763,0.006156396865844726,0.0015073394764529829,entropy,15,sqrt,4,10,random,"{'criterion': 'entropy', 'max_depth': 15, 'max_features': 'sqrt', 'min_samples_leaf': 4, 'min_samples_split': 10, 'splitter': 'random'}",0.4607218683651805,0.40518256772673733,0.4,0.5053533190578159,0.30933333333333335,0.41611821769661345,0.0659314581643176,815
0.019780969619750975,0.0009497820892443915,0.005718374252319336,0.0006379255496540436,entropy,,log2,4,2,random,"{'criterion': 'entropy', 'max_depth': None, 'max_features': 'log2', 'min_samples_leaf': 4, 'min_samples_split': 2, 'splitter': 'random'}",0.44082519001085774,0.39608269858541895,0.42391304347826086,0.42348008385744235,0.3893048128342246,0.41472116575324086,0.019162530099024192,816
0.01971015930175781,0.0016021751832377405,0.00523991584777832,0.00017628466594909274,entropy,,log2,4,5,random,"{'criterion': 'entropy', 'max_depth': None, 'max_features': 'log2', 'min_samples_leaf': 4, 'min_samples_split': 5, 'splitter': 'random'}",0.44082519001085774,0.39608269858541895,0.42391304347826086,0.42348008385744235,0.3893048128342246,0.41472116575324086,0.019162530099024192,816
0.018997907638549805,0.0008846780370049832,0.0066833019256591795,0.001019443914189615,gini,20,log2,4,20,random,"{'criterion': 'gini', 'max_depth': 20, 'max_features': 'log2', 'min_samples_leaf': 4, 'min_samples_split': 20, 'splitter': 'random'}",0.38495575221238937,0.5202072538860104,0.4023952095808383,0.41522491349480967,0.34963325183374083,0.41448327620155767,0.057274132331030035,818
0.016033363342285157,0.0007285576417820658,0.005180215835571289,0.00013839886166500405,entropy,15,sqrt,4,20,random,"{'criterion': 'entropy', 'max_depth': 15, 'max_features': 'sqrt', 'min_samples_leaf': 4, 'min_samples_split': 20, 'splitter': 'random'}",0.3708609271523179,0.47443762781186094,0.37142857142857144,0.45132743362831856,0.40240963855421685,0.41409283971505706,0.04208002774702474,819
0.022498607635498047,0.0028987944824160044,0.005849599838256836,0.00038539762651557395,entropy,20,log2,2,2,random,"{'criterion': 'entropy', 'max_depth': 20, 'max_features': 'log2', 'min_samples_leaf': 2, 'min_samples_split': 2, 'splitter': 'random'}",0.41223103057757643,0.38636363636363635,0.44349680170575695,0.4092827004219409,0.41904761904761906,0.41408435762330587,0.018355680053016462,820
0.023631715774536134,0.000852424552644236,0.0059416770935058595,0.00048234904371933054,entropy,,log2,2,5,random,"{'criterion': 'entropy', 'max_depth': None, 'max_features': 'log2', 'min_samples_leaf': 2, 'min_samples_split': 5, 'splitter': 'random'}",0.38338658146964855,0.4098867147270855,0.4199796126401631,0.4164904862579281,0.44025157232704404,0.41399899348437386,0.018358670123703534,821
0.017920494079589844,0.0013238022971506923,0.005900430679321289,0.0004388955247298466,entropy,20,log2,2,20,random,"{'criterion': 'entropy', 'max_depth': 20, 'max_features': 'log2', 'min_samples_leaf': 2, 'min_samples_split': 20, 'splitter': 'random'}",0.38173302107728335,0.3592233009708738,0.41037204058624577,0.47426841574167505,0.4432314410480349,0.4137656438848225,0.04133108090202066,822
0.025618553161621094,0.006806809512080499,0.007088899612426758,0.001947532766472897,gini,25,log2,4,2,random,"{'criterion': 'gini', 'max_depth': 25, 'max_features': 'log2', 'min_samples_leaf': 4, 'min_samples_split': 2, 'splitter': 'random'}",0.43213897937024975,0.39911797133406834,0.4284176533907427,0.37610619469026546,0.43254817987152033,0.41366579573136936,0.02252901717357433,823
0.020378589630126953,0.0003975498084326824,0.006153249740600586,0.00038643565835601935,gini,25,log2,4,5,random,"{'criterion': 'gini', 'max_depth': 25, 'max_features': 'log2', 'min_samples_leaf': 4, 'min_samples_split': 5, 'splitter': 'random'}",0.43213897937024975,0.39911797133406834,0.4284176533907427,0.37610619469026546,0.43254817987152033,0.41366579573136936,0.02252901717357433,823
0.018512773513793945,0.0005591416062044075,0.005671453475952148,0.0003560438169909166,entropy,20,log2,2,10,random,"{'criterion': 'entropy', 'max_depth': 20, 'max_features': 'log2', 'min_samples_leaf': 2, 'min_samples_split': 10, 'splitter': 'random'}",0.43294614572333684,0.4563758389261745,0.38116100766703176,0.38083832335329343,0.41533546325878595,0.4133313557857245,0.02943573479504671,825
0.022913026809692382,0.0010403731793519552,0.007008171081542969,0.001087782666191267,gini,20,log2,2,2,random,"{'criterion': 'gini', 'max_depth': 20, 'max_features': 'log2', 'min_samples_leaf': 2, 'min_samples_split': 2, 'splitter': 'random'}",0.3716608594657375,0.448559670781893,0.3969298245614035,0.42483660130718953,0.41693121693121693,0.41178363460948814,0.025999335138056363,826
0.02012796401977539,0.0014843841736828262,0.005728530883789063,0.0002852007808630554,gini,20,log2,1,20,random,"{'criterion': 'gini', 'max_depth': 20, 'max_features': 'log2', 'min_samples_leaf': 1, 'min_samples_split': 20, 'splitter': 'random'}",0.4360086767895879,0.41876430205949655,0.416289592760181,0.4055619930475087,0.38095238095238093,0.411515389121831,0.01813726160762649,827
0.019910192489624022,0.0012821719611704886,0.006293630599975586,0.0009842994380752585,gini,15,log2,2,5,random,"{'criterion': 'gini', 'max_depth': 15, 'max_features': 'log2', 'min_samples_leaf': 2, 'min_samples_split': 5, 'splitter': 'random'}",0.4097452934662237,0.3704572098475967,0.36386449184441655,0.4688888888888889,0.4444444444444444,0.4114800656983141,0.04083025901589886,828
0.018080663681030274,0.0014979024809083244,0.005551910400390625,0.0004525577942102838,entropy,,log2,4,20,random,"{'criterion': 'entropy', 'max_depth': None, 'max_features': 'log2', 'min_samples_leaf': 4, 'min_samples_split': 20, 'splitter': 'random'}",0.42337375964718854,0.41216216216216217,0.4101433296582139,0.39050701186623515,0.4197802197802198,0.41119329662280385,0.011419828693020762,829
0.019140338897705077,0.0016195741304117052,0.006528282165527343,0.0016689211477314515,entropy,15,log2,2,2,random,"{'criterion': 'entropy', 'max_depth': 15, 'max_features': 'log2', 'min_samples_leaf': 2, 'min_samples_split': 2, 'splitter': 'random'}",0.4359255202628697,0.45089285714285715,0.3865921787709497,0.3164721141374838,0.46540880503144655,0.4110582950691214,0.05422967015860571,830
0.021265840530395506,0.002057109138565674,0.006905794143676758,0.0012547693524951038,gini,15,log2,1,5,random,"{'criterion': 'gini', 'max_depth': 15, 'max_features': 'log2', 'min_samples_leaf': 1, 'min_samples_split': 5, 'splitter': 'random'}",0.37657864523536166,0.38609112709832133,0.4090368608799049,0.4683136412459721,0.4119530416221985,0.41039466321635165,0.03191571752716008,831
0.0196352481842041,0.0021073258548222856,0.006533622741699219,0.0008287826935720769,entropy,15,log2,1,2,random,"{'criterion': 'entropy', 'max_depth': 15, 'max_features': 'log2', 'min_samples_leaf': 1, 'min_samples_split': 2, 'splitter': 'random'}",0.46473029045643155,0.34328358208955223,0.4353448275862069,0.4752688172043011,0.32684824902723736,0.4090951532727458,0.062062845324247135,832
0.02283964157104492,0.002903286615702925,0.006729316711425781,0.0009783261060630935,gini,,log2,4,20,random,"{'criterion': 'gini', 'max_depth': None, 'max_features': 'log2', 'min_samples_leaf': 4, 'min_samples_split': 20, 'splitter': 'random'}",0.39643652561247217,0.39260969976905313,0.3952225841476656,0.4175084175084175,0.44298245614035087,0.40895193663559193,0.019201504947832734,833
0.03369741439819336,0.00790201354285111,0.007929468154907226,0.0020938624956764475,gini,,log2,2,2,random,"{'criterion': 'gini', 'max_depth': None, 'max_features': 'log2', 'min_samples_leaf': 2, 'min_samples_split': 2, 'splitter': 'random'}",0.4306418219461698,0.43086816720257237,0.38074866310160427,0.39752832131822863,0.40169133192389006,0.40829566109849297,0.019632925430916864,834
0.02114415168762207,0.001027646571779186,0.005668258666992188,0.00010466142224004393,entropy,25,log2,4,2,random,"{'criterion': 'entropy', 'max_depth': 25, 'max_features': 'log2', 'min_samples_leaf': 4, 'min_samples_split': 2, 'splitter': 'random'}",0.43439911797133407,0.4,0.409534127843987,0.3861490031479538,0.4092339979013641,0.4078632493729278,0.01576174031307958,835
0.021909141540527345,0.002280992607928277,0.005976963043212891,0.00044272902172439875,entropy,25,log2,4,5,random,"{'criterion': 'entropy', 'max_depth': 25, 'max_features': 'log2', 'min_samples_leaf': 4, 'min_samples_split': 5, 'splitter': 'random'}",0.43439911797133407,0.4,0.409534127843987,0.3861490031479538,0.4092339979013641,0.4078632493729278,0.01576174031307958,835
0.023623180389404298,0.0026388447740755467,0.006701898574829101,0.0010963219791908408,gini,20,sqrt,2,5,random,"{'criterion': 'gini', 'max_depth': 20, 'max_features': 'sqrt', 'min_samples_leaf': 2, 'min_samples_split': 5, 'splitter': 'random'}",0.38028169014084506,0.41497326203208557,0.3745743473325766,0.4021857923497268,0.4641350210970464,0.4072300225904561,0.031988080965165075,837
0.01672186851501465,0.001299022122720324,0.005720758438110351,0.0003489673247106768,gini,15,log2,2,20,random,"{'criterion': 'gini', 'max_depth': 15, 'max_features': 'log2', 'min_samples_leaf': 2, 'min_samples_split': 20, 'splitter': 'random'}",0.38386308068459657,0.43548387096774194,0.41031652989449,0.3435114503816794,0.4604012671594509,0.40671523981759183,0.04059490888355604,838
0.020097970962524414,0.002896336979897899,0.006065273284912109,0.0006820871056547737,gini,20,log2,2,20,random,"{'criterion': 'gini', 'max_depth': 20, 'max_features': 'log2', 'min_samples_leaf': 2, 'min_samples_split': 20, 'splitter': 'random'}",0.3839080459770115,0.38907103825136613,0.3986013986013986,0.41294642857142855,0.4400871459694989,0.4049228114741408,0.02016813425053791,839
0.01990165710449219,0.0007262675840847858,0.006556987762451172,0.0007262530949916512,entropy,15,sqrt,2,5,random,"{'criterion': 'entropy', 'max_depth': 15, 'max_features': 'sqrt', 'min_samples_leaf': 2, 'min_samples_split': 5, 'splitter': 'random'}",0.3255208333333333,0.4343786295005807,0.36705882352941177,0.4604012671594509,0.43628509719222464,0.4047289301430002,0.050333418306718274,840
0.01976609230041504,0.0024418761967072186,0.007051229476928711,0.0012664302186544101,gini,15,log2,1,10,random,"{'criterion': 'gini', 'max_depth': 15, 'max_features': 'log2', 'min_samples_leaf': 1, 'min_samples_split': 10, 'splitter': 'random'}",0.3523573200992556,0.3835616438356164,0.4199029126213592,0.4540763673890609,0.40700218818380746,0.40338008642581985,0.03421207289964601,841
0.016080617904663086,0.0008989639472307451,0.0055392742156982425,0.00020950179028384136,entropy,10,sqrt,8,2,random,"{'criterion': 'entropy', 'max_depth': 10, 'max_features': 'sqrt', 'min_samples_leaf': 8, 'min_samples_split': 2, 'splitter': 'random'}",0.4260869565217391,0.3822784810126582,0.44772447724477243,0.37267080745341613,0.3839611178614824,0.4025443680188137,0.029134065032186393,842
0.01569223403930664,0.0005803061393417254,0.005529975891113282,0.0005549154317337757,entropy,10,sqrt,8,10,random,"{'criterion': 'entropy', 'max_depth': 10, 'max_features': 'sqrt', 'min_samples_leaf': 8, 'min_samples_split': 10, 'splitter': 'random'}",0.4260869565217391,0.3822784810126582,0.44772447724477243,0.37267080745341613,0.3839611178614824,0.4025443680188137,0.029134065032186393,842
0.020016574859619142,0.003350035059111138,0.006310844421386718,0.00047901226341208675,entropy,10,sqrt,8,5,random,"{'criterion': 'entropy', 'max_depth': 10, 'max_features': 'sqrt', 'min_samples_leaf': 8, 'min_samples_split': 5, 'splitter': 'random'}",0.4260869565217391,0.3822784810126582,0.44772447724477243,0.37267080745341613,0.3839611178614824,0.4025443680188137,0.029134065032186393,842
0.0288970947265625,0.002216779584867433,0.008132648468017579,0.00038819999217838523,gini,15,sqrt,1,2,random,"{'criterion': 'gini', 'max_depth': 15, 'max_features': 'sqrt', 'min_samples_leaf': 1, 'min_samples_split': 2, 'splitter': 'random'}",0.3380614657210402,0.5067218200620476,0.45134575569358176,0.3764705882352941,0.3393939393939394,0.40239871382118064,0.06642330042074977,845
0.021968555450439454,0.0005580958281695107,0.006626796722412109,0.0008888090806661458,gini,20,log2,4,10,random,"{'criterion': 'gini', 'max_depth': 20, 'max_features': 'log2', 'min_samples_leaf': 4, 'min_samples_split': 10, 'splitter': 'random'}",0.3962920046349942,0.3779527559055118,0.4572605561277034,0.43162393162393164,0.34663341645885287,0.40195253295019884,0.03900667854469026,846
0.02136397361755371,0.0018428961439380955,0.007314062118530274,0.000503204438871296,entropy,15,log2,2,5,random,"{'criterion': 'entropy', 'max_depth': 15, 'max_features': 'log2', 'min_samples_leaf': 2, 'min_samples_split': 5, 'splitter': 'random'}",0.3830275229357798,0.45146726862302483,0.3833515881708653,0.32977461447212336,0.45324532453245325,0.40017326374684925,0.04686285008216607,847
0.019082403182983397,0.00227358063485641,0.0061280250549316405,0.00022111784812080308,entropy,15,log2,2,10,random,"{'criterion': 'entropy', 'max_depth': 15, 'max_features': 'log2', 'min_samples_leaf': 2, 'min_samples_split': 10, 'splitter': 'random'}",0.4372093023255814,0.3602941176470588,0.3746898263027295,0.4449438202247191,0.38095238095238093,0.399617889490494,0.03459399627431282,848
0.016672515869140626,0.001277058780261374,0.005289649963378907,0.0001687994515130869,entropy,20,log2,4,20,random,"{'criterion': 'entropy', 'max_depth': 20, 'max_features': 'log2', 'min_samples_leaf': 4, 'min_samples_split': 20, 'splitter': 'random'}",0.3823870220162225,0.41294642857142855,0.44110854503464203,0.3439024390243902,0.417607223476298,0.39959033162459623,0.03353759384972289,849
0.01976122856140137,0.0014216377852300204,0.00652623176574707,0.0004980403533253191,gini,10,sqrt,2,20,random,"{'criterion': 'gini', 'max_depth': 10, 'max_features': 'sqrt', 'min_samples_leaf': 2, 'min_samples_split': 20, 'splitter': 'random'}",0.503370786516854,0.38018741633199465,0.48504273504273504,0.39712918660287083,0.2289855072463768,0.3989431263481663,0.09752839397019107,850
0.057541704177856444,0.0021475204118982763,0.004967784881591797,0.00021895574138492178,entropy,10,log2,1,20,best,"{'criterion': 'entropy', 'max_depth': 10, 'max_features': 'log2', 'min_samples_leaf': 1, 'min_samples_split': 20, 'splitter': 'best'}",0.363395225464191,0.4369747899159664,0.488135593220339,0.3651006711409396,0.3409090909090909,0.3989030741301054,0.05509738625494143,851
0.018624591827392577,0.0024153838744905274,0.006406641006469727,0.0005659601222115125,gini,15,log2,4,10,random,"{'criterion': 'gini', 'max_depth': 15, 'max_features': 'log2', 'min_samples_leaf': 4, 'min_samples_split': 10, 'splitter': 'random'}",0.41496598639455784,0.4721030042918455,0.41284403669724773,0.46203904555314534,0.2247191011235955,0.39733423481207836,0.08958180442392544,852
0.018193674087524415,0.0015723845551380727,0.005886888504028321,0.00042426961228314315,entropy,,log2,8,20,random,"{'criterion': 'entropy', 'max_depth': None, 'max_features': 'log2', 'min_samples_leaf': 8, 'min_samples_split': 20, 'splitter': 'random'}",0.40840140023337224,0.393681652490887,0.4351648351648352,0.3760092272202999,0.3733650416171225,0.3973244313453034,0.022787081962340378,853
0.019017934799194336,0.0008116015672559856,0.005723094940185547,0.0005342944633293929,entropy,20,log2,4,10,random,"{'criterion': 'entropy', 'max_depth': 20, 'max_features': 'log2', 'min_samples_leaf': 4, 'min_samples_split': 10, 'splitter': 'random'}",0.40704070407040704,0.3931818181818182,0.4269911504424779,0.4279749478079332,0.33116036505867014,0.3972697971122613,0.035521273411836946,854
0.021985960006713868,0.0017589079747790336,0.007867193222045899,0.0007913686160308147,entropy,10,sqrt,1,2,random,"{'criterion': 'entropy', 'max_depth': 10, 'max_features': 'sqrt', 'min_samples_leaf': 1, 'min_samples_split': 2, 'splitter': 'random'}",0.3252032520325203,0.46867749419953597,0.1791530944625407,0.5295887662988967,0.4803312629399586,0.39659077398669046,0.1282752925920336,855
0.018375682830810546,0.0009917670175485893,0.006327009201049805,0.0004902143787031984,gini,10,sqrt,4,10,random,"{'criterion': 'gini', 'max_depth': 10, 'max_features': 'sqrt', 'min_samples_leaf': 4, 'min_samples_split': 10, 'splitter': 'random'}",0.44779582366589327,0.30278884462151395,0.45689655172413796,0.27132867132867133,0.49803149606299213,0.39536827748064174,0.09058795489791201,856
0.01759481430053711,0.001432153260329565,0.006367540359497071,0.0009481486288865834,entropy,10,sqrt,4,20,random,"{'criterion': 'entropy', 'max_depth': 10, 'max_features': 'sqrt', 'min_samples_leaf': 4, 'min_samples_split': 20, 'splitter': 'random'}",0.2998624484181568,0.45558086560364464,0.36268068331143233,0.5338725985844287,0.3194444444444444,0.3942882080724214,0.08804253586040142,857
0.019724035263061525,0.0013379731058910964,0.006300449371337891,0.0005423219118226631,gini,15,log2,4,2,random,"{'criterion': 'gini', 'max_depth': 15, 'max_features': 'log2', 'min_samples_leaf': 4, 'min_samples_split': 2, 'splitter': 'random'}",0.4384180790960452,0.4074074074074074,0.31887755102040816,0.41824249165739713,0.3859250851305335,0.3937741228623583,0.04110657906993395,858
0.03275265693664551,0.02754351230730901,0.006695079803466797,0.000497829123807392,gini,15,log2,4,5,random,"{'criterion': 'gini', 'max_depth': 15, 'max_features': 'log2', 'min_samples_leaf': 4, 'min_samples_split': 5, 'splitter': 'random'}",0.4384180790960452,0.4074074074074074,0.31887755102040816,0.41824249165739713,0.3859250851305335,0.3937741228623583,0.04110657906993395,858
0.020796489715576173,0.001986136103730843,0.0062410831451416016,0.0009481266670108557,gini,20,log2,4,2,random,"{'criterion': 'gini', 'max_depth': 20, 'max_features': 'log2', 'min_samples_leaf': 4, 'min_samples_split': 2, 'splitter': 'random'}",0.41280353200883,0.3867141162514828,0.36403995560488345,0.41755888650963596,0.38688524590163936,0.39360034725529436,0.019540232475759596,860
0.02162446975708008,0.0011069241097414271,0.006481170654296875,0.0008423161106839956,gini,20,log2,4,5,random,"{'criterion': 'gini', 'max_depth': 20, 'max_features': 'log2', 'min_samples_leaf': 4, 'min_samples_split': 5, 'splitter': 'random'}",0.41280353200883,0.3867141162514828,0.36403995560488345,0.41755888650963596,0.38688524590163936,0.39360034725529436,0.019540232475759596,860
0.016564369201660156,0.0011413250233423746,0.00564265251159668,0.0004498721931714331,entropy,10,sqrt,8,20,random,"{'criterion': 'entropy', 'max_depth': 10, 'max_features': 'sqrt', 'min_samples_leaf': 8, 'min_samples_split': 20, 'splitter': 'random'}",0.3547619047619048,0.5487228003784295,0.4223463687150838,0.16910569105691056,0.45714285714285713,0.3904159244110372,0.1271082470244985,862
0.020545387268066408,0.0012221284885573422,0.006040763854980469,0.0006309535944419883,gini,,log2,4,10,random,"{'criterion': 'gini', 'max_depth': None, 'max_features': 'log2', 'min_samples_leaf': 4, 'min_samples_split': 10, 'splitter': 'random'}",0.3843575418994413,0.4117647058823529,0.40261153427638735,0.3931987247608927,0.3581757508342603,0.39002165153066687,0.01837173308907743,863
0.02993803024291992,0.0018193392456307628,0.008820629119873047,0.0011482558531126614,entropy,15,sqrt,1,2,random,"{'criterion': 'entropy', 'max_depth': 15, 'max_features': 'sqrt', 'min_samples_leaf': 1, 'min_samples_split': 2, 'splitter': 'random'}",0.4531590413943355,0.5215759849906192,0.45085470085470086,0.2726045883940621,0.2462787550744249,0.38889461414162857,0.10902840774020636,864
0.016829204559326173,0.00045432421358097553,0.005684995651245117,0.00036425729402511284,entropy,10,sqrt,2,20,random,"{'criterion': 'entropy', 'max_depth': 10, 'max_features': 'sqrt', 'min_samples_leaf': 2, 'min_samples_split': 20, 'splitter': 'random'}",0.2818991097922849,0.48398576512455516,0.4662983425414365,0.3686087990487515,0.34338138925294887,0.3888346811519954,0.07611130282731086,865
0.019656944274902343,0.0030316842217503453,0.006616020202636718,0.001117558402392641,entropy,15,log2,4,2,random,"{'criterion': 'entropy', 'max_depth': 15, 'max_features': 'log2', 'min_samples_leaf': 4, 'min_samples_split': 2, 'splitter': 'random'}",0.43919716646989376,0.3893591293833132,0.37272727272727274,0.37718277066356226,0.3629976580796253,0.38829279946473344,0.026825190325369102,866
0.017846155166625976,0.0014174545243307718,0.00583043098449707,0.0005437442004167952,entropy,15,log2,4,5,random,"{'criterion': 'entropy', 'max_depth': 15, 'max_features': 'log2', 'min_samples_leaf': 4, 'min_samples_split': 5, 'splitter': 'random'}",0.43919716646989376,0.3893591293833132,0.37272727272727274,0.37718277066356226,0.3629976580796253,0.38829279946473344,0.026825190325369102,866
0.01789226531982422,0.0013368227027782547,0.006010770797729492,0.0003889971662629004,gini,,log2,8,20,random,"{'criterion': 'gini', 'max_depth': None, 'max_features': 'log2', 'min_samples_leaf': 8, 'min_samples_split': 20, 'splitter': 'random'}",0.34993924665856624,0.387409200968523,0.3834080717488789,0.391304347826087,0.41865756541524457,0.3861436865234599,0.021925470697826962,868
0.018306207656860352,0.0017413108657892609,0.006548595428466797,0.001120650840244106,gini,15,log2,1,20,random,"{'criterion': 'gini', 'max_depth': 15, 'max_features': 'log2', 'min_samples_leaf': 1, 'min_samples_split': 20, 'splitter': 'random'}",0.4436936936936937,0.36683417085427134,0.3893591293833132,0.4,0.328042328042328,0.38558586439472126,0.03810881589956364,869
0.030002880096435546,0.005208754664717038,0.010413312911987304,0.0020171343803203562,entropy,25,log2,8,20,random,"{'criterion': 'entropy', 'max_depth': 25, 'max_features': 'log2', 'min_samples_leaf': 8, 'min_samples_split': 20, 'splitter': 'random'}",0.36428571428571427,0.38596491228070173,0.4351648351648352,0.3515439429928741,0.3733650416171225,0.38206488926824955,0.02883792297470385,870
0.017855405807495117,0.0013175547823896154,0.00597538948059082,0.000308841821149365,entropy,20,log2,8,2,random,"{'criterion': 'entropy', 'max_depth': 20, 'max_features': 'log2', 'min_samples_leaf': 8, 'min_samples_split': 2, 'splitter': 'random'}",0.32682926829268294,0.3799019607843137,0.3948896631823461,0.4600219058050383,0.34638196915776986,0.38160495344443024,0.04597746495893099,871
0.01804208755493164,0.0010864445791533637,0.0059779644012451175,0.0002519955401697379,entropy,20,log2,8,5,random,"{'criterion': 'entropy', 'max_depth': 20, 'max_features': 'log2', 'min_samples_leaf': 8, 'min_samples_split': 5, 'splitter': 'random'}",0.32682926829268294,0.3799019607843137,0.3948896631823461,0.4600219058050383,0.34638196915776986,0.38160495344443024,0.04597746495893099,871
0.021407938003540038,0.0028798619176423072,0.00700993537902832,0.0014623382463313276,entropy,20,log2,8,10,random,"{'criterion': 'entropy', 'max_depth': 20, 'max_features': 'log2', 'min_samples_leaf': 8, 'min_samples_split': 10, 'splitter': 'random'}",0.32682926829268294,0.3799019607843137,0.3948896631823461,0.4600219058050383,0.34638196915776986,0.38160495344443024,0.04597746495893099,871
0.019741010665893555,0.0013416164514609967,0.006827831268310547,0.000330757399621328,gini,25,log2,8,20,random,"{'criterion': 'gini', 'max_depth': 25, 'max_features': 'log2', 'min_samples_leaf': 8, 'min_samples_split': 20, 'splitter': 'random'}",0.3491271820448878,0.36015325670498083,0.38850574712643676,0.391304347826087,0.41865756541524457,0.3815496198235274,0.024615283373166756,874
0.016810131072998048,0.0004785950539512246,0.0056384563446044925,0.00048476656218937613,entropy,15,log2,1,20,random,"{'criterion': 'entropy', 'max_depth': 15, 'max_features': 'log2', 'min_samples_leaf': 1, 'min_samples_split': 20, 'splitter': 'random'}",0.35479951397326853,0.4218362282878412,0.35978835978835977,0.36787564766839376,0.400990099009901,0.38105796974555284,0.025983966476943003,875
0.017969560623168946,0.0008878773879554752,0.006217002868652344,0.00035437102309276113,gini,20,log2,8,2,random,"{'criterion': 'gini', 'max_depth': 20, 'max_features': 'log2', 'min_samples_leaf': 8, 'min_samples_split': 2, 'splitter': 'random'}",0.3429286608260325,0.44371584699453553,0.4,0.3850782190132371,0.3300970873786408,0.3803639628424892,0.04086421416856135,876
0.01808586120605469,0.0016410412879027238,0.005843591690063476,0.0002269858770157415,gini,20,log2,8,10,random,"{'criterion': 'gini', 'max_depth': 20, 'max_features': 'log2', 'min_samples_leaf': 8, 'min_samples_split': 10, 'splitter': 'random'}",0.3429286608260325,0.44371584699453553,0.4,0.3850782190132371,0.3300970873786408,0.3803639628424892,0.04086421416856135,876
0.017867279052734376,0.0014022611736634488,0.005753135681152344,0.00045919667398761684,gini,20,log2,8,5,random,"{'criterion': 'gini', 'max_depth': 20, 'max_features': 'log2', 'min_samples_leaf': 8, 'min_samples_split': 5, 'splitter': 'random'}",0.3429286608260325,0.44371584699453553,0.4,0.3850782190132371,0.3300970873786408,0.3803639628424892,0.04086421416856135,876
0.017829036712646483,0.0011326263704900408,0.006121969223022461,0.0008284097534930512,entropy,,log2,8,2,random,"{'criterion': 'entropy', 'max_depth': None, 'max_features': 'log2', 'min_samples_leaf': 8, 'min_samples_split': 2, 'splitter': 'random'}",0.32192648922686945,0.39855072463768115,0.3621867881548975,0.43897216274089934,0.37602820211515864,0.3795328733751012,0.03879786765969795,879
0.016350698471069337,0.00040411881359572353,0.005063152313232422,7.1339301107446e-05,entropy,,log2,8,5,random,"{'criterion': 'entropy', 'max_depth': None, 'max_features': 'log2', 'min_samples_leaf': 8, 'min_samples_split': 5, 'splitter': 'random'}",0.32192648922686945,0.39855072463768115,0.3621867881548975,0.43897216274089934,0.37602820211515864,0.3795328733751012,0.03879786765969795,879
0.020868587493896484,0.0018173198693435192,0.007135963439941407,0.0008267400063696811,entropy,,log2,8,10,random,"{'criterion': 'entropy', 'max_depth': None, 'max_features': 'log2', 'min_samples_leaf': 8, 'min_samples_split': 10, 'splitter': 'random'}",0.32192648922686945,0.39855072463768115,0.3621867881548975,0.43897216274089934,0.37602820211515864,0.3795328733751012,0.03879786765969795,879
0.022802019119262697,0.0050410707644666,0.006755256652832031,0.0005924902803166111,gini,25,log2,8,10,random,"{'criterion': 'gini', 'max_depth': 25, 'max_features': 'log2', 'min_samples_leaf': 8, 'min_samples_split': 10, 'splitter': 'random'}",0.36874236874236876,0.40625,0.3854875283446712,0.357396449704142,0.3741339491916859,0.3784020591965736,0.016604057894823145,882
0.018952703475952147,0.001826979562840146,0.005643892288208008,0.00018558520574844844,gini,25,log2,8,2,random,"{'criterion': 'gini', 'max_depth': 25, 'max_features': 'log2', 'min_samples_leaf': 8, 'min_samples_split': 2, 'splitter': 'random'}",0.36874236874236876,0.40625,0.3854875283446712,0.357396449704142,0.3741339491916859,0.3784020591965736,0.016604057894823145,882
0.03987932205200195,0.009672922412880411,0.010860633850097657,0.0024661736872120823,gini,25,log2,8,5,random,"{'criterion': 'gini', 'max_depth': 25, 'max_features': 'log2', 'min_samples_leaf': 8, 'min_samples_split': 5, 'splitter': 'random'}",0.36874236874236876,0.40625,0.3854875283446712,0.357396449704142,0.3741339491916859,0.3784020591965736,0.016604057894823145,882
0.026363229751586913,0.00632651502781444,0.008374691009521484,0.0018586674240294468,gini,,log2,8,2,random,"{'criterion': 'gini', 'max_depth': None, 'max_features': 'log2', 'min_samples_leaf': 8, 'min_samples_split': 2, 'splitter': 'random'}",0.35336538461538464,0.3995243757431629,0.4022099447513812,0.357396449704142,0.37819025522041766,0.37813728200689767,0.020399670101457403,885
0.019434452056884766,0.0007401476906610535,0.0060141563415527345,0.0005338314846374734,gini,,log2,8,10,random,"{'criterion': 'gini', 'max_depth': None, 'max_features': 'log2', 'min_samples_leaf': 8, 'min_samples_split': 10, 'splitter': 'random'}",0.35336538461538464,0.3995243757431629,0.4022099447513812,0.357396449704142,0.37819025522041766,0.37813728200689767,0.020399670101457403,885
0.020279407501220703,0.0022183879024499044,0.0060597419738769535,0.0003458102039144573,gini,,log2,8,5,random,"{'criterion': 'gini', 'max_depth': None, 'max_features': 'log2', 'min_samples_leaf': 8, 'min_samples_split': 5, 'splitter': 'random'}",0.35336538461538464,0.3995243757431629,0.4022099447513812,0.357396449704142,0.37819025522041766,0.37813728200689767,0.020399670101457403,885
0.0190673828125,0.0008725473322644282,0.00717005729675293,0.0007500665868361939,gini,20,log2,8,20,random,"{'criterion': 'gini', 'max_depth': 20, 'max_features': 'log2', 'min_samples_leaf': 8, 'min_samples_split': 20, 'splitter': 'random'}",0.3572327044025157,0.37530864197530867,0.38173302107728335,0.3829787234042553,0.3870192307692308,0.37685446432571873,0.0105074485134429,888
0.01948552131652832,0.0019162503027909366,0.005678367614746094,0.0001515311214572603,entropy,25,log2,8,5,random,"{'criterion': 'entropy', 'max_depth': 25, 'max_features': 'log2', 'min_samples_leaf': 8, 'min_samples_split': 5, 'splitter': 'random'}",0.3185840707964602,0.36729857819905215,0.3621867881548975,0.43897216274089934,0.39344262295081966,0.37609684456842574,0.03957979274948314,889
0.018904924392700195,0.002149295581552379,0.005927133560180664,0.0005660530149297759,entropy,25,log2,8,2,random,"{'criterion': 'entropy', 'max_depth': 25, 'max_features': 'log2', 'min_samples_leaf': 8, 'min_samples_split': 2, 'splitter': 'random'}",0.3185840707964602,0.36729857819905215,0.3621867881548975,0.43897216274089934,0.39344262295081966,0.37609684456842574,0.03957979274948314,889
0.020013999938964844,0.0023399216744725984,0.006252479553222656,0.00047582656103274624,entropy,25,log2,8,10,random,"{'criterion': 'entropy', 'max_depth': 25, 'max_features': 'log2', 'min_samples_leaf': 8, 'min_samples_split': 10, 'splitter': 'random'}",0.3185840707964602,0.36729857819905215,0.3621867881548975,0.43897216274089934,0.39344262295081966,0.37609684456842574,0.03957979274948314,889
0.017854738235473632,0.000568311108979195,0.005784749984741211,0.00020229942178644499,entropy,20,log2,8,20,random,"{'criterion': 'entropy', 'max_depth': 20, 'max_features': 'log2', 'min_samples_leaf': 8, 'min_samples_split': 20, 'splitter': 'random'}",0.36185819070904646,0.3465982028241335,0.42761692650334077,0.37132784958871917,0.3674418604651163,0.37496860601807125,0.027635178388706487,892
0.014922571182250977,0.00019799065482399618,0.0054204463958740234,0.00017137118819198817,entropy,10,log2,2,5,random,"{'criterion': 'entropy', 'max_depth': 10, 'max_features': 'log2', 'min_samples_leaf': 2, 'min_samples_split': 5, 'splitter': 'random'}",0.43137254901960786,0.22255639097744362,0.2896551724137931,0.44493392070484583,0.4652777777777778,0.37075916217869365,0.09659354503176895,893
0.029462814331054688,0.004346108959685181,0.009177398681640626,0.0012628604342629418,gini,10,log2,2,5,random,"{'criterion': 'gini', 'max_depth': 10, 'max_features': 'log2', 'min_samples_leaf': 2, 'min_samples_split': 5, 'splitter': 'random'}",0.4608501118568233,0.3085553997194951,0.1724137931034483,0.44048943270300334,0.47058823529411764,0.3705793945353776,0.11502570634082901,894
0.07608156204223633,0.05210795734251925,0.02257528305053711,0.01775259537270397,gini,15,sqrt,8,5,random,"{'criterion': 'gini', 'max_depth': 15, 'max_features': 'sqrt', 'min_samples_leaf': 8, 'min_samples_split': 5, 'splitter': 'random'}",0.25237449118046135,0.3404255319148936,0.4908108108108108,0.43389830508474575,0.33080808080808083,0.36966344395979844,0.08357522966662556,895
0.02682356834411621,0.006706040230836558,0.010101556777954102,0.0030927584268985904,gini,15,sqrt,8,2,random,"{'criterion': 'gini', 'max_depth': 15, 'max_features': 'sqrt', 'min_samples_leaf': 8, 'min_samples_split': 2, 'splitter': 'random'}",0.25237449118046135,0.3404255319148936,0.4908108108108108,0.43389830508474575,0.33080808080808083,0.36966344395979844,0.08357522966662556,895
0.033829450607299805,0.002830530309342341,0.010513782501220703,0.000866734403665022,gini,15,sqrt,8,10,random,"{'criterion': 'gini', 'max_depth': 15, 'max_features': 'sqrt', 'min_samples_leaf': 8, 'min_samples_split': 10, 'splitter': 'random'}",0.25237449118046135,0.3404255319148936,0.4908108108108108,0.43389830508474575,0.33080808080808083,0.36966344395979844,0.08357522966662556,895
0.026673221588134767,0.008531197512418445,0.01462860107421875,0.013784637309561441,gini,10,sqrt,4,5,random,"{'criterion': 'gini', 'max_depth': 10, 'max_features': 'sqrt', 'min_samples_leaf': 4, 'min_samples_split': 5, 'splitter': 'random'}",0.424090338770389,0.2392638036809816,0.3979974968710889,0.39195979899497485,0.3932038834951456,0.36930306436251603,0.0660602785220423,898
0.01848878860473633,0.0011829673682774977,0.006371355056762696,0.00040744686336422283,gini,10,sqrt,4,2,random,"{'criterion': 'gini', 'max_depth': 10, 'max_features': 'sqrt', 'min_samples_leaf': 4, 'min_samples_split': 2, 'splitter': 'random'}",0.424090338770389,0.2392638036809816,0.3979974968710889,0.39195979899497485,0.3932038834951456,0.36930306436251603,0.0660602785220423,898
0.022031545639038086,0.0029510122148435876,0.0075838565826416016,0.0014756982541499558,entropy,10,sqrt,1,10,random,"{'criterion': 'entropy', 'max_depth': 10, 'max_features': 'sqrt', 'min_samples_leaf': 1, 'min_samples_split': 10, 'splitter': 'random'}",0.21770682148040638,0.41051314142678347,0.41978287092882993,0.4004914004914005,0.39383155397390274,0.36846515766026455,0.07589301793114134,900
0.01582627296447754,0.0005583295305756119,0.005680084228515625,0.0002996409568969165,entropy,15,log2,4,20,random,"{'criterion': 'entropy', 'max_depth': 15, 'max_features': 'log2', 'min_samples_leaf': 4, 'min_samples_split': 20, 'splitter': 'random'}",0.31633986928104574,0.36429433051869725,0.3699421965317919,0.33589743589743587,0.45494505494505494,0.3682837774348051,0.047488709758778544,901
0.014872312545776367,0.0005827204289798682,0.005374336242675781,0.00010863901434502082,entropy,15,log2,8,20,random,"{'criterion': 'entropy', 'max_depth': 15, 'max_features': 'log2', 'min_samples_leaf': 8, 'min_samples_split': 20, 'splitter': 'random'}",0.33509234828496043,0.3290155440414508,0.378698224852071,0.40589569160997735,0.3880952380952381,0.3673594093767395,0.030182788531670335,902
0.015484237670898437,0.0003933609344352426,0.0053136348724365234,0.00024390171699810426,entropy,15,log2,4,10,random,"{'criterion': 'entropy', 'max_depth': 15, 'max_features': 'log2', 'min_samples_leaf': 4, 'min_samples_split': 10, 'splitter': 'random'}",0.39119804400978,0.4156479217603912,0.3230769230769231,0.4454865181711606,0.2590529247910863,0.36689246636186823,0.06737068958422358,903
0.015254545211791991,0.00037681503632764924,0.005495452880859375,0.00040006119243915083,entropy,10,log2,2,2,random,"{'criterion': 'entropy', 'max_depth': 10, 'max_features': 'log2', 'min_samples_leaf': 2, 'min_samples_split': 2, 'splitter': 'random'}",0.33080808080808083,0.2503725782414307,0.30578512396694213,0.4518918918918919,0.48290155440414506,0.36435184586249814,0.0886158130236247,904
0.016504573822021484,0.001185337211262653,0.005446004867553711,0.00039299677579522266,entropy,15,log2,2,20,random,"{'criterion': 'entropy', 'max_depth': 15, 'max_features': 'log2', 'min_samples_leaf': 2, 'min_samples_split': 20, 'splitter': 'random'}",0.39177750906892383,0.37831021437578816,0.3857988165680473,0.3240371845949535,0.3412204234122042,0.3642288296039834,0.026710427023921998,905
0.02827000617980957,0.008401312809539966,0.011011362075805664,0.0041474522208220475,entropy,10,sqrt,4,2,random,"{'criterion': 'entropy', 'max_depth': 10, 'max_features': 'sqrt', 'min_samples_leaf': 4, 'min_samples_split': 2, 'splitter': 'random'}",0.4243845252051583,0.5696335078534032,0.4049079754601227,0.25834542815674894,0.16198347107438016,0.3638509815499627,0.14112288855507335,906
0.020312738418579102,0.0015935094831405964,0.007529640197753906,0.0009857979988550872,entropy,10,sqrt,4,5,random,"{'criterion': 'entropy', 'max_depth': 10, 'max_features': 'sqrt', 'min_samples_leaf': 4, 'min_samples_split': 5, 'splitter': 'random'}",0.4243845252051583,0.5696335078534032,0.4049079754601227,0.25834542815674894,0.16198347107438016,0.3638509815499627,0.14112288855507335,906
0.018640804290771484,0.0013578262936437757,0.0061470985412597655,0.0004073990584270744,gini,10,sqrt,2,2,random,"{'criterion': 'gini', 'max_depth': 10, 'max_features': 'sqrt', 'min_samples_leaf': 2, 'min_samples_split': 2, 'splitter': 'random'}",0.3686635944700461,0.41412911084043846,0.46790890269151136,0.10067114093959731,0.4621676891615542,0.3627080876206295,0.1358693305694711,908
0.018458080291748048,0.001112678786951854,0.0060699462890625,0.00039667444938186626,gini,10,sqrt,2,10,random,"{'criterion': 'gini', 'max_depth': 10, 'max_features': 'sqrt', 'min_samples_leaf': 2, 'min_samples_split': 10, 'splitter': 'random'}",0.1412151067323481,0.3546284224250326,0.4323671497584541,0.3781818181818182,0.48925281473899696,0.35912906236733,0.11846160871817873,909
0.01893296241760254,0.0008196739708892509,0.0062465667724609375,0.0008221732423090789,gini,10,sqrt,2,5,random,"{'criterion': 'gini', 'max_depth': 10, 'max_features': 'sqrt', 'min_samples_leaf': 2, 'min_samples_split': 5, 'splitter': 'random'}",0.2260061919504644,0.36991368680641185,0.34065934065934067,0.5145317545748116,0.33376455368693403,0.35697510553559253,0.09268149196905971,910
0.02011423110961914,0.0024977357901284874,0.006777906417846679,0.0007214508478856463,gini,10,sqrt,1,20,random,"{'criterion': 'gini', 'max_depth': 10, 'max_features': 'sqrt', 'min_samples_leaf': 1, 'min_samples_split': 20, 'splitter': 'random'}",0.1942675159235669,0.35516372795969775,0.49382716049382713,0.4568421052631579,0.25936599423631124,0.3518933007753122,0.1136462566893274,911
0.021892833709716796,0.005044721990010876,0.008349943161010741,0.002687571012356688,gini,10,log2,2,2,random,"{'criterion': 'gini', 'max_depth': 10, 'max_features': 'log2', 'min_samples_leaf': 2, 'min_samples_split': 2, 'splitter': 'random'}",0.33161953727506427,0.3205298013245033,0.19461077844311378,0.41975308641975306,0.4894957983193277,0.35120180035635246,0.09966894540362761,912
0.018597745895385744,0.0013729328493115739,0.006779193878173828,0.000833740478400569,gini,15,log2,8,20,random,"{'criterion': 'gini', 'max_depth': 15, 'max_features': 'log2', 'min_samples_leaf': 8, 'min_samples_split': 20, 'splitter': 'random'}",0.34738186462324394,0.3098958333333333,0.39659367396593675,0.3664670658682635,0.32914572864321606,0.3498968332867987,0.02997392515437829,913
0.018851327896118163,0.0023411622498289834,0.006466865539550781,0.0007938495511024196,gini,15,log2,8,2,random,"{'criterion': 'gini', 'max_depth': 15, 'max_features': 'log2', 'min_samples_leaf': 8, 'min_samples_split': 2, 'splitter': 'random'}",0.2963951935914553,0.34190231362467866,0.34096692111959287,0.4155251141552511,0.34951456310679613,0.34886082111955485,0.038230699444864964,914
0.017256689071655274,0.0005720334870103996,0.0061920166015625,0.0005444592655735559,gini,15,log2,8,10,random,"{'criterion': 'gini', 'max_depth': 15, 'max_features': 'log2', 'min_samples_leaf': 8, 'min_samples_split': 10, 'splitter': 'random'}",0.2963951935914553,0.34190231362467866,0.34096692111959287,0.4155251141552511,0.34951456310679613,0.34886082111955485,0.038230699444864964,914
0.018885087966918946,0.0021106123258693562,0.0065285682678222655,0.0009126230008358667,gini,15,log2,8,5,random,"{'criterion': 'gini', 'max_depth': 15, 'max_features': 'log2', 'min_samples_leaf': 8, 'min_samples_split': 5, 'splitter': 'random'}",0.2963951935914553,0.34190231362467866,0.34096692111959287,0.4155251141552511,0.34951456310679613,0.34886082111955485,0.038230699444864964,914
0.015428113937377929,0.0012665057341172156,0.005681943893432617,0.0004828007992298507,entropy,10,sqrt,1,5,random,"{'criterion': 'entropy', 'max_depth': 10, 'max_features': 'sqrt', 'min_samples_leaf': 1, 'min_samples_split': 5, 'splitter': 'random'}",0.09586776859504133,0.41647597254004576,0.4700854700854701,0.44285714285714284,0.31763122476446837,0.34858351576843366,0.13644260371423989,917
0.019129419326782228,0.001516047834525341,0.006622409820556641,0.0006327276320638594,gini,10,sqrt,8,20,random,"{'criterion': 'gini', 'max_depth': 10, 'max_features': 'sqrt', 'min_samples_leaf': 8, 'min_samples_split': 20, 'splitter': 'random'}",0.4647398843930636,0.4186046511627907,0.20132013201320131,0.4088785046728972,0.2478134110787172,0.348271316664134,0.10379920800639934,918
0.04122700691223145,0.009722701239897944,0.014594697952270507,0.0027932204343494834,gini,10,sqrt,1,2,random,"{'criterion': 'gini', 'max_depth': 10, 'max_features': 'sqrt', 'min_samples_leaf': 1, 'min_samples_split': 2, 'splitter': 'random'}",0.4151838671411625,0.14545454545454545,0.5069306930693069,0.3873325213154689,0.28421052631578947,0.34782243065925467,0.12362304388110086,919
0.0169583797454834,0.0003162782402968836,0.0058552265167236325,0.00018138503171900738,entropy,10,sqrt,2,10,random,"{'criterion': 'entropy', 'max_depth': 10, 'max_features': 'sqrt', 'min_samples_leaf': 2, 'min_samples_split': 10, 'splitter': 'random'}",0.3712871287128713,0.4230769230769231,0.26307922272047835,0.1796759941089838,0.463265306122449,0.3400769149483411,0.10459020845869638,920
0.018225955963134765,0.001436953925950611,0.00593256950378418,0.00027399915362605847,gini,10,sqrt,8,5,random,"{'criterion': 'gini', 'max_depth': 10, 'max_features': 'sqrt', 'min_samples_leaf': 8, 'min_samples_split': 5, 'splitter': 'random'}",0.476409666283084,0.44803695150115475,0.17582417582417584,0.3251366120218579,0.27450980392156865,0.3399834419103683,0.11112440407279119,921
0.018055248260498046,0.0010416924729560015,0.0059452056884765625,0.00023435607670161123,gini,10,sqrt,8,10,random,"{'criterion': 'gini', 'max_depth': 10, 'max_features': 'sqrt', 'min_samples_leaf': 8, 'min_samples_split': 10, 'splitter': 'random'}",0.476409666283084,0.44803695150115475,0.17582417582417584,0.3251366120218579,0.27450980392156865,0.3399834419103683,0.11112440407279119,921
0.04496955871582031,0.04857661228705678,0.006679964065551758,0.0012637897537311025,gini,10,sqrt,8,2,random,"{'criterion': 'gini', 'max_depth': 10, 'max_features': 'sqrt', 'min_samples_leaf': 8, 'min_samples_split': 2, 'splitter': 'random'}",0.476409666283084,0.44803695150115475,0.17582417582417584,0.3251366120218579,0.27450980392156865,0.3399834419103683,0.11112440407279119,921
0.014120244979858398,0.0003138538987683486,0.005116748809814453,0.00014927877508878892,entropy,15,log2,8,5,random,"{'criterion': 'entropy', 'max_depth': 15, 'max_features': 'log2', 'min_samples_leaf': 8, 'min_samples_split': 5, 'splitter': 'random'}",0.3177570093457944,0.3063063063063063,0.4140127388535032,0.32839506172839505,0.30617283950617286,0.33452879114803435,0.04058862374709978,924
0.015559720993041991,0.0008568251641732927,0.005340433120727539,0.00033030481381167854,entropy,15,log2,8,10,random,"{'criterion': 'entropy', 'max_depth': 15, 'max_features': 'log2', 'min_samples_leaf': 8, 'min_samples_split': 10, 'splitter': 'random'}",0.3177570093457944,0.3063063063063063,0.4140127388535032,0.32839506172839505,0.30617283950617286,0.33452879114803435,0.04058862374709978,924
0.014312410354614257,0.00035208980924766436,0.0053157806396484375,0.00025195441032294823,entropy,15,log2,8,2,random,"{'criterion': 'entropy', 'max_depth': 15, 'max_features': 'log2', 'min_samples_leaf': 8, 'min_samples_split': 2, 'splitter': 'random'}",0.3177570093457944,0.3063063063063063,0.4140127388535032,0.32839506172839505,0.30617283950617286,0.33452879114803435,0.04058862374709978,924
0.024536991119384767,0.0048872126756939,0.007153034210205078,0.0012195834691152005,gini,10,sqrt,1,5,random,"{'criterion': 'gini', 'max_depth': 10, 'max_features': 'sqrt', 'min_samples_leaf': 1, 'min_samples_split': 5, 'splitter': 'random'}",0.3584474885844749,0.3979974968710889,0.0782312925170068,0.47085714285714286,0.33208489388264667,0.327523662942472,0.1331426464401407,927
0.019191741943359375,0.002273361936322387,0.007096004486083984,0.0007817066918811975,gini,10,log2,1,5,random,"{'criterion': 'gini', 'max_depth': 10, 'max_features': 'log2', 'min_samples_leaf': 1, 'min_samples_split': 5, 'splitter': 'random'}",0.23600605143721634,0.39086294416243655,0.3188010899182561,0.43897216274089934,0.22734254992319508,0.3223969596364007,0.08341346308649489,928
0.020580148696899413,0.0020296670882544257,0.007525873184204101,0.0016520461563737292,gini,10,sqrt,4,20,random,"{'criterion': 'gini', 'max_depth': 10, 'max_features': 'sqrt', 'min_samples_leaf': 4, 'min_samples_split': 20, 'splitter': 'random'}",0.2713864306784661,0.260233918128655,0.3944636678200692,0.22662889518413598,0.4171632896305125,0.3139752402883677,0.07675608237539602,929
0.017995691299438475,0.0007143466353674939,0.006493091583251953,0.0006382722835171059,gini,10,log2,1,2,random,"{'criterion': 'gini', 'max_depth': 10, 'max_features': 'log2', 'min_samples_leaf': 1, 'min_samples_split': 2, 'splitter': 'random'}",0.21374045801526717,0.26591230551626593,0.34438775510204084,0.48034006376195537,0.25225225225225223,0.3113265669295563,0.09458740161589294,930
0.015019607543945313,0.0002852345021518944,0.005241584777832031,0.00018391766818228833,entropy,10,log2,1,2,random,"{'criterion': 'entropy', 'max_depth': 10, 'max_features': 'log2', 'min_samples_leaf': 1, 'min_samples_split': 2, 'splitter': 'random'}",0.2824207492795389,0.36953807740324596,0.20833333333333334,0.4288840262582057,0.2222222222222222,0.30227968169930924,0.0850668469380814,931
0.03144335746765137,0.003117748058278698,0.011866998672485352,0.0013631121117231517,gini,10,log2,8,10,random,"{'criterion': 'gini', 'max_depth': 10, 'max_features': 'log2', 'min_samples_leaf': 8, 'min_samples_split': 10, 'splitter': 'random'}",0.1763779527559055,0.2830188679245283,0.24855491329479767,0.3125,0.35006119951040393,0.27410258669712706,0.05920533755500918,932
0.03220529556274414,0.004574222163914722,0.024523115158081053,0.026922088061992033,gini,10,log2,8,2,random,"{'criterion': 'gini', 'max_depth': 10, 'max_features': 'log2', 'min_samples_leaf': 8, 'min_samples_split': 2, 'splitter': 'random'}",0.1763779527559055,0.2830188679245283,0.24855491329479767,0.3125,0.35006119951040393,0.27410258669712706,0.05920533755500918,932
0.05409388542175293,0.02200743575477753,0.04417228698730469,0.06323672368941181,gini,10,log2,8,5,random,"{'criterion': 'gini', 'max_depth': 10, 'max_features': 'log2', 'min_samples_leaf': 8, 'min_samples_split': 5, 'splitter': 'random'}",0.1763779527559055,0.2830188679245283,0.24855491329479767,0.3125,0.35006119951040393,0.27410258669712706,0.05920533755500918,932
0.01893172264099121,0.0011476435414565604,0.006505489349365234,0.001265753777245733,gini,10,sqrt,1,10,random,"{'criterion': 'gini', 'max_depth': 10, 'max_features': 'sqrt', 'min_samples_leaf': 1, 'min_samples_split': 10, 'splitter': 'random'}",0.14754098360655737,0.48957189901207465,0.10067114093959731,0.2728512960436562,0.35324675324675325,0.2727764145697278,0.140555968545242,935
0.048593997955322266,0.047844872875240495,0.010521984100341797,0.003502996629306129,gini,10,log2,2,10,random,"{'criterion': 'gini', 'max_depth': 10, 'max_features': 'log2', 'min_samples_leaf': 2, 'min_samples_split': 10, 'splitter': 'random'}",0.2607449856733524,0.31536388140161725,0.28695652173913044,0.21085271317829457,0.26495726495726496,0.2677750733899319,0.03443875688370712,936
0.014787530899047852,0.0003503747263744713,0.005317211151123047,0.0001809094664615466,entropy,10,log2,1,20,random,"{'criterion': 'entropy', 'max_depth': 10, 'max_features': 'log2', 'min_samples_leaf': 1, 'min_samples_split': 20, 'splitter': 'random'}",0.196875,0.29640287769784174,0.25834542815674894,0.25112107623318386,0.3286908077994429,0.26628703797744346,0.044524826486840696,937
0.015969467163085938,0.0012645889226453322,0.005474185943603516,0.0003601064495097788,entropy,10,log2,1,10,random,"{'criterion': 'entropy', 'max_depth': 10, 'max_features': 'log2', 'min_samples_leaf': 1, 'min_samples_split': 10, 'splitter': 'random'}",0.2050520059435364,0.263768115942029,0.2268041237113402,0.3781818181818182,0.25411061285500747,0.2655833353267463,0.05996866817597871,938
0.01661820411682129,0.0005908247994565826,0.005673503875732422,0.0006713293908580251,entropy,10,sqrt,2,2,random,"{'criterion': 'entropy', 'max_depth': 10, 'max_features': 'sqrt', 'min_samples_leaf': 2, 'min_samples_split': 2, 'splitter': 'random'}",0.1289308176100629,0.20890937019969277,0.37343358395989973,0.4707112970711297,0.13893376413570274,0.2641837665952976,0.13537010427777185,939
0.015545129776000977,9.111520907412226e-05,0.005657005310058594,0.00019701001396921355,entropy,10,log2,8,10,random,"{'criterion': 'entropy', 'max_depth': 10, 'max_features': 'log2', 'min_samples_leaf': 8, 'min_samples_split': 10, 'splitter': 'random'}",0.1761006289308176,0.27900552486187846,0.26609442060085836,0.27932960893854747,0.3134715025906736,0.2628003371845551,0.04611091483114509,940
0.016891098022460936,0.001386594432080528,0.005584430694580078,0.0002143211644314913,entropy,10,log2,8,5,random,"{'criterion': 'entropy', 'max_depth': 10, 'max_features': 'log2', 'min_samples_leaf': 8, 'min_samples_split': 5, 'splitter': 'random'}",0.1761006289308176,0.27900552486187846,0.26609442060085836,0.27932960893854747,0.3134715025906736,0.2628003371845551,0.04611091483114509,940
0.01753721237182617,0.002293130292898895,0.0058324337005615234,0.0002410745503303191,entropy,10,log2,8,2,random,"{'criterion': 'entropy', 'max_depth': 10, 'max_features': 'log2', 'min_samples_leaf': 8, 'min_samples_split': 2, 'splitter': 'random'}",0.1761006289308176,0.27900552486187846,0.26609442060085836,0.27932960893854747,0.3134715025906736,0.2628003371845551,0.04611091483114509,940
0.015210533142089843,0.0003763220966310873,0.00533761978149414,0.00021727830077055966,entropy,10,log2,1,5,random,"{'criterion': 'entropy', 'max_depth': 10, 'max_features': 'log2', 'min_samples_leaf': 1, 'min_samples_split': 5, 'splitter': 'random'}",0.2100456621004566,0.2818057455540356,0.1901840490797546,0.3883720930232558,0.2404870624048706,0.2621789224324746,0.07025895516299166,943
0.01690831184387207,0.0010766021036804968,0.005633115768432617,0.0005862516129967711,entropy,10,sqrt,2,5,random,"{'criterion': 'entropy', 'max_depth': 10, 'max_features': 'sqrt', 'min_samples_leaf': 2, 'min_samples_split': 5, 'splitter': 'random'}",0.2463768115942029,0.301521438450899,0.21725239616613418,0.09572649572649573,0.4489337822671156,0.2619621848409695,0.11523843645955373,944
0.02587122917175293,0.003082615569788994,0.010668182373046875,0.00432443550579702,gini,10,log2,4,10,random,"{'criterion': 'gini', 'max_depth': 10, 'max_features': 'log2', 'min_samples_leaf': 4, 'min_samples_split': 10, 'splitter': 'random'}",0.19365079365079366,0.33105335157318744,0.17307692307692307,0.32357043235704325,0.26857142857142857,0.2579845858458752,0.06496272322106111,945
0.01540074348449707,0.0003251610096832417,0.005580234527587891,0.0002710808717880008,entropy,10,log2,2,20,random,"{'criterion': 'entropy', 'max_depth': 10, 'max_features': 'log2', 'min_samples_leaf': 2, 'min_samples_split': 20, 'splitter': 'random'}",0.189873417721519,0.28820960698689957,0.2658788774002954,0.27074235807860264,0.2658959537572254,0.25612004278890843,0.03412615084037564,946
0.015297746658325196,0.00044032984090505576,0.005611801147460937,0.00047140922130566314,entropy,10,log2,8,20,random,"{'criterion': 'entropy', 'max_depth': 10, 'max_features': 'log2', 'min_samples_leaf': 8, 'min_samples_split': 20, 'splitter': 'random'}",0.20118343195266272,0.2536873156342183,0.31039136302294196,0.22788605697151423,0.28534031413612565,0.2556976963434926,0.039036946350013944,947
0.01901135444641113,0.0014795772306055424,0.006707906723022461,0.0009302335632055649,gini,10,log2,1,10,random,"{'criterion': 'gini', 'max_depth': 10, 'max_features': 'log2', 'min_samples_leaf': 1, 'min_samples_split': 10, 'splitter': 'random'}",0.2542857142857143,0.2804005722460658,0.2832116788321168,0.27722772277227725,0.17701863354037267,0.25442886433530937,0.0400378128569737,948
0.014799022674560547,0.0003756658469805785,0.005412006378173828,0.000124754088369628,entropy,10,log2,2,10,random,"{'criterion': 'entropy', 'max_depth': 10, 'max_features': 'log2', 'min_samples_leaf': 2, 'min_samples_split': 10, 'splitter': 'random'}",0.20030816640986132,0.2743988684582744,0.24745269286754004,0.30428769017980634,0.23631123919308358,0.2525517314217131,0.03513701948790226,949
0.05104937553405762,0.03305068090960182,0.012230253219604493,0.0029517257776954576,gini,10,log2,4,5,random,"{'criterion': 'gini', 'max_depth': 10, 'max_features': 'log2', 'min_samples_leaf': 4, 'min_samples_split': 5, 'splitter': 'random'}",0.1342062193126023,0.20437956204379562,0.28330995792426367,0.32180851063829785,0.3091655266757866,0.2505739553189492,0.07106947576208265,950
0.025003957748413085,0.0038760594662717,0.010560226440429688,0.0018159754322757498,gini,10,log2,4,2,random,"{'criterion': 'gini', 'max_depth': 10, 'max_features': 'log2', 'min_samples_leaf': 4, 'min_samples_split': 2, 'splitter': 'random'}",0.1342062193126023,0.20437956204379562,0.28330995792426367,0.32180851063829785,0.3091655266757866,0.2505739553189492,0.07106947576208265,950
0.033012008666992186,0.005978455098676601,0.022448348999023437,0.01588583738074084,gini,10,log2,8,20,random,"{'criterion': 'gini', 'max_depth': 10, 'max_features': 'log2', 'min_samples_leaf': 8, 'min_samples_split': 20, 'splitter': 'random'}",0.16825396825396827,0.2503681885125184,0.31039136302294196,0.22390317700453857,0.2671957671957672,0.2440224927979469,0.04717573871160307,952
0.01502399444580078,0.0002528933819116183,0.005254554748535156,0.00022127090779883721,entropy,10,log2,4,2,random,"{'criterion': 'entropy', 'max_depth': 10, 'max_features': 'log2', 'min_samples_leaf': 4, 'min_samples_split': 2, 'splitter': 'random'}",0.14533965244865718,0.3172043010752688,0.21417797888386123,0.32972972972972975,0.18641390205371247,0.23857311283824592,0.07280189081775508,953
0.015400838851928712,0.00042926425033119507,0.0053119659423828125,0.0002254020897883805,entropy,10,log2,4,5,random,"{'criterion': 'entropy', 'max_depth': 10, 'max_features': 'log2', 'min_samples_leaf': 4, 'min_samples_split': 5, 'splitter': 'random'}",0.14533965244865718,0.3172043010752688,0.21417797888386123,0.32972972972972975,0.18641390205371247,0.23857311283824592,0.07280189081775508,953
0.016977643966674803,0.000980970832869492,0.005852413177490234,0.0005878181206990713,entropy,10,sqrt,4,10,random,"{'criterion': 'entropy', 'max_depth': 10, 'max_features': 'sqrt', 'min_samples_leaf': 4, 'min_samples_split': 10, 'splitter': 'random'}",0.15698587127158556,0.039285714285714285,0.2383107088989442,0.2398843930635838,0.4776444929116685,0.23042223608629925,0.14366396509287405,955
0.015135622024536133,0.00015708297058838352,0.005580425262451172,0.0003717499979756686,entropy,10,log2,4,20,random,"{'criterion': 'entropy', 'max_depth': 10, 'max_features': 'log2', 'min_samples_leaf': 4, 'min_samples_split': 20, 'splitter': 'random'}",0.14497528830313014,0.21875,0.1792,0.3680823680823681,0.23384615384615384,0.22897076204633043,0.07617432732876916,956
0.02036175727844238,0.0015012341472685333,0.0072783946990966795,0.001493818957393136,gini,10,log2,1,20,random,"{'criterion': 'gini', 'max_depth': 10, 'max_features': 'log2', 'min_samples_leaf': 1, 'min_samples_split': 20, 'splitter': 'random'}",0.18181818181818182,0.23546944858420268,0.178125,0.23255813953488372,0.29041095890410956,0.22367634576827555,0.041227425618156024,957
0.01604804992675781,0.0004689064599459807,0.005631637573242187,0.00012161408044097087,entropy,10,log2,4,10,random,"{'criterion': 'entropy', 'max_depth': 10, 'max_features': 'log2', 'min_samples_leaf': 4, 'min_samples_split': 10, 'splitter': 'random'}",0.2162962962962963,0.2591549295774648,0.21921921921921922,0.21879815100154082,0.19314641744548286,0.22132300270800082,0.02126613837145413,958
0.028484249114990236,0.013134191710025675,0.007692956924438476,0.0012781648319186742,gini,10,log2,2,20,random,"{'criterion': 'gini', 'max_depth': 10, 'max_features': 'log2', 'min_samples_leaf': 2, 'min_samples_split': 20, 'splitter': 'random'}",0.1769352290679305,0.25075528700906347,0.23283582089552238,0.1858974358974359,0.23511904761904762,0.21630856409779997,0.029287053305785758,959
0.02637200355529785,0.0042145696689894615,0.009856891632080079,0.002112947520291521,gini,10,log2,4,20,random,"{'criterion': 'gini', 'max_depth': 10, 'max_features': 'log2', 'min_samples_leaf': 4, 'min_samples_split': 20, 'splitter': 'random'}",0.19444444444444445,0.31339031339031337,0.1407528641571195,0.20063694267515925,0.1685575364667747,0.20355642022676226,0.05886296638589004,960
