mean_fit_time       , std_fit_time          , mean_score_time      , std_score_time        , param_criterion, param_max_depth, param_max_features, param_min_samples_leaf, param_min_samples_split, param_splitter, params                                                                                                                                     , split0_test_score  , split1_test_score  , split2_test_score  , split3_test_score  , split4_test_score  , mean_test_score    , std_test_score       , rank_test_score
0.05847463607788086 , 0.0022580380655446994 , 0.008937501907348632 , 0.0006113367511463736 , entropy        ,              10,                   ,                      1,                      10, random        , "{'criterion': 'entropy', 'max_depth': 10, 'max_features': None, 'min_samples_leaf': 1, 'min_samples_split': 10, 'splitter': 'random'}"    , 0.6                , 0.6259842519685039 , 0.5854616895874263 , 0.6230876216968011 , 0.5993355481727575 , 0.6067738222850977 , 0.015431138973581582 ,               1
0.05889220237731933 , 0.0020262376049684752 , 0.008598804473876953 , 0.00047647188023984245, entropy        ,              10,                   ,                      2,                      10, random        , "{'criterion': 'entropy', 'max_depth': 10, 'max_features': None, 'min_samples_leaf': 2, 'min_samples_split': 10, 'splitter': 'random'}"    , 0.616991643454039  , 0.6204620462046204 , 0.5931758530183727 , 0.5979381443298969 , 0.6016260162601627 , 0.6060387406534183 , 0.010756797836368156 ,               2
0.5985171318054199  , 0.01648718393882533   , 0.007498836517333985 , 0.0009216589861211008 , entropy        ,              10,                   ,                      8,                      20, best          , "{'criterion': 'entropy', 'max_depth': 10, 'max_features': None, 'min_samples_leaf': 8, 'min_samples_split': 20, 'splitter': 'best'}"      , 0.6157303370786517 , 0.6105675146771037 , 0.6203641267700607 , 0.6005089058524173 , 0.581532416502947  , 0.6057406601762361 , 0.013786575058788494 ,               3
0.6440990924835205  , 0.019728708182791172  , 0.009372711181640625 , 0.0007763407284676545 , entropy        ,              10,                   ,                      8,                       2, best          , "{'criterion': 'entropy', 'max_depth': 10, 'max_features': None, 'min_samples_leaf': 8, 'min_samples_split': 2, 'splitter': 'best'}"       , 0.6123973114264376 , 0.6116568434839554 , 0.6176668914362778 , 0.6008911521323997 , 0.5834428383705651 , 0.6052110073699273 , 0.012172552303719043 ,               4
0.6430552005767822  , 0.021939354077985192  , 0.009449338912963868 , 0.0008674981613874126 , entropy        ,              10,                   ,                      8,                      10, best          , "{'criterion': 'entropy', 'max_depth': 10, 'max_features': None, 'min_samples_leaf': 8, 'min_samples_split': 10, 'splitter': 'best'}"      , 0.6123973114264376 , 0.6116568434839554 , 0.6176668914362778 , 0.6008911521323997 , 0.5834428383705651 , 0.6052110073699273 , 0.012172552303719043 ,               4
0.6534650325775146  , 0.012326367752960851  , 0.008691740036010743 , 0.0004437153441917746 , entropy        ,              10,                   ,                      8,                       5, best          , "{'criterion': 'entropy', 'max_depth': 10, 'max_features': None, 'min_samples_leaf': 8, 'min_samples_split': 5, 'splitter': 'best'}"       , 0.6123973114264376 , 0.6116568434839554 , 0.6176668914362778 , 0.6008911521323997 , 0.5834428383705651 , 0.6052110073699273 , 0.012172552303719043 ,               4
0.06391944885253906 , 0.004646286049279213  , 0.011242485046386719 , 0.005991334011796861  , entropy        ,              10,                   ,                      1,                      20, random        , "{'criterion': 'entropy', 'max_depth': 10, 'max_features': None, 'min_samples_leaf': 1, 'min_samples_split': 20, 'splitter': 'random'}"    , 0.5964682799215173 , 0.6300963676797627 , 0.6131687242798354 , 0.5861846352485475 , 0.5970548862115127 , 0.6045945786682351 , 0.015399135859757584 ,               7
0.652039623260498   , 0.00981697651566239   , 0.009311389923095704 , 0.0016293499139703282 , entropy        ,              10,                   ,                      1,                      20, best          , "{'criterion': 'entropy', 'max_depth': 10, 'max_features': None, 'min_samples_leaf': 1, 'min_samples_split': 20, 'splitter': 'best'}"      , 0.609811320754717  , 0.6175115207373272 , 0.6148648648648649 , 0.597319719208679  , 0.5814569536423841 , 0.6041928758415944 , 0.013319211802222827 ,               8
0.6399448871612549  , 0.02306510514700507   , 0.012232017517089844 , 0.0021450269980026436 , entropy        ,              10,                   ,                      2,                      20, best          , "{'criterion': 'entropy', 'max_depth': 10, 'max_features': None, 'min_samples_leaf': 2, 'min_samples_split': 20, 'splitter': 'best'}"      , 0.6107331821617535 , 0.6162943495400789 , 0.6148648648648649 , 0.597319719208679  , 0.5806878306878307 , 0.6039799892926414 , 0.013435873239331084 ,               9
0.6387286186218262  , 0.017904678049699158  , 0.01094975471496582  , 0.0017488481044405193 , entropy        ,              10,                   ,                      4,                      20, best          , "{'criterion': 'entropy', 'max_depth': 10, 'max_features': None, 'min_samples_leaf': 4, 'min_samples_split': 20, 'splitter': 'best'}"      , 0.6090225563909775 , 0.6113651208360549 , 0.6164199192462988 , 0.6006389776357828 , 0.5814106789716545 , 0.6037714506161536 , 0.012288516537523617 ,              10
0.046268272399902347, 0.003624976462985505  , 0.007231235504150391 , 0.001179095789048856  , gini           ,              10,                   ,                      1,                       2, random        , "{'criterion': 'gini', 'max_depth': 10, 'max_features': None, 'min_samples_leaf': 1, 'min_samples_split': 2, 'splitter': 'random'}"        , 0.5997375328083989 , 0.6413268832066344 , 0.5833333333333334 , 0.6028708133971292 , 0.5914191419141914 , 0.6037375409319375 , 0.01998891981243424  ,              11
0.48270297050476074 , 0.007260035459109543  , 0.008244848251342774 , 0.000437829494989147  , gini           ,              10,                   ,                      2,                      10, best          , "{'criterion': 'gini', 'max_depth': 10, 'max_features': None, 'min_samples_leaf': 2, 'min_samples_split': 10, 'splitter': 'best'}"         , 0.5968514715947981 , 0.6047430830039525 , 0.6171505739365294 , 0.6088682991396426 , 0.5897771952817824 , 0.603478124591341  , 0.009478586038282815 ,              12
0.05486974716186523 , 0.0022335861877122607 , 0.008252334594726563 , 0.0006635434563878925 , gini           ,              10,                   ,                      2,                      10, random        , "{'criterion': 'gini', 'max_depth': 10, 'max_features': None, 'min_samples_leaf': 2, 'min_samples_split': 10, 'splitter': 'random'}"       , 0.6023271731690623 , 0.6259649122807017 , 0.5992063492063492 , 0.6019169329073483 , 0.58777633289987   , 0.6034383400926663 , 0.012443504670851337 ,              13
0.5031558036804199  , 0.006030405033452128  , 0.009217786788940429 , 0.0021425426753740157 , gini           ,              10,                   ,                      2,                       5, best          , "{'criterion': 'gini', 'max_depth': 10, 'max_features': None, 'min_samples_leaf': 2, 'min_samples_split': 5, 'splitter': 'best'}"          , 0.5982081323225362 , 0.6026490066225165 , 0.6163265306122448 , 0.6103723404255319 , 0.5896257386736704 , 0.6034363497313    , 0.009305394932868975 ,              14
0.0474341869354248  , 0.003676276657721949  , 0.00714716911315918  , 0.001075065160211939  , entropy        ,              10,                   ,                      1,                       2, random        , "{'criterion': 'entropy', 'max_depth': 10, 'max_features': None, 'min_samples_leaf': 1, 'min_samples_split': 2, 'splitter': 'random'}"     , 0.5896739130434783 , 0.6294277929155313 , 0.6010498687664042 , 0.6103983794733289 , 0.5803174603174603 , 0.6021734829032406 , 0.01700372792367846  ,              15
0.08750734329223633 , 0.040762329239674634  , 0.011584663391113281 , 0.0037269722280402506 , entropy        ,              10,                   ,                      4,                       2, random        , "{'criterion': 'entropy', 'max_depth': 10, 'max_features': None, 'min_samples_leaf': 4, 'min_samples_split': 2, 'splitter': 'random'}"     , 0.6086956521739131 , 0.6066104990278678 , 0.6107072042300066 , 0.5969387755102041 , 0.5864951768488746 , 0.6018894615581732 , 0.009031703110390818 ,              16
0.06079397201538086 , 0.011112819367444994  , 0.009549570083618165 , 0.001983546488525312  , entropy        ,              10,                   ,                      4,                       5, random        , "{'criterion': 'entropy', 'max_depth': 10, 'max_features': None, 'min_samples_leaf': 4, 'min_samples_split': 5, 'splitter': 'random'}"     , 0.6086956521739131 , 0.6066104990278678 , 0.6107072042300066 , 0.5969387755102041 , 0.5864951768488746 , 0.6018894615581732 , 0.009031703110390818 ,              16
0.6461474418640136  , 0.020074656244606214  , 0.00876321792602539  , 0.0003796313992241442 , entropy        ,              10,                   ,                      2,                      10, best          , "{'criterion': 'entropy', 'max_depth': 10, 'max_features': None, 'min_samples_leaf': 2, 'min_samples_split': 10, 'splitter': 'best'}"      , 0.6069802731411229 , 0.6085808580858085 , 0.6148602590320382 , 0.5987179487179487 , 0.5797872340425532 , 0.6017853146038943 , 0.012144508710348728 ,              18
0.4302525997161865  , 0.014923588618997416  , 0.010754203796386719 , 0.00266164614473251   , gini           ,              10,                   ,                      1,                       2, best          , "{'criterion': 'gini', 'max_depth': 10, 'max_features': None, 'min_samples_leaf': 1, 'min_samples_split': 2, 'splitter': 'best'}"          , 0.5937282229965157 , 0.6049631120053656 , 0.6151742993848257 , 0.6075949367088608 , 0.5869134170522141 , 0.6016747976295564 , 0.010091025822388949 ,              19
0.472259521484375   , 0.005574920128170413  , 0.00792241096496582  , 0.0012813120815292317 , gini           ,              10,                   ,                      1,                      10, best          , "{'criterion': 'gini', 'max_depth': 10, 'max_features': None, 'min_samples_leaf': 1, 'min_samples_split': 10, 'splitter': 'best'}"         , 0.593103448275862  , 0.5993355481727575 , 0.6178861788617886 , 0.6099667774086379 , 0.5879265091863517 , 0.6016436923810795 , 0.010950036760785981 ,              20
0.4768030643463135  , 0.009192576536598688  , 0.008409214019775391 , 0.0009726891476580771 , gini           ,              10,                   ,                      2,                       2, best          , "{'criterion': 'gini', 'max_depth': 10, 'max_features': None, 'min_samples_leaf': 2, 'min_samples_split': 2, 'splitter': 'best'}"          , 0.5940730530668504 , 0.5997357992073976 , 0.614441416893733  , 0.6081170991350632 , 0.5913272010512484 , 0.6015389138708584 , 0.008637320005303574 ,              21
0.48237075805664065 , 0.0038836631729404925 , 0.009009027481079101 , 0.001188933473485045  , gini           ,              10,                   ,                      1,                       5, best          , "{'criterion': 'gini', 'max_depth': 10, 'max_features': None, 'min_samples_leaf': 1, 'min_samples_split': 5, 'splitter': 'best'}"          , 0.5973665973665974 , 0.6020066889632107 , 0.6126616746085772 , 0.6082337317397079 , 0.5870712401055409 , 0.6014679865567268 , 0.008893276809304502 ,              22
0.625791358947754   , 0.004294685598686663  , 0.009451198577880859 , 0.0015484359800100468 , gini           ,              10,                   ,                      4,                       5, best          , "{'criterion': 'gini', 'max_depth': 10, 'max_features': None, 'min_samples_leaf': 4, 'min_samples_split': 5, 'splitter': 'best'}"          , 0.5908781484002723 , 0.6009204470742933 , 0.6181818181818182 , 0.6019672131147541 , 0.5951602354480052 , 0.6014215724438285 , 0.00929325367256339  ,              23
0.6233290672302246  , 0.015189412082245593  , 0.009107875823974609 , 0.001310794822334667  , gini           ,              10,                   ,                      4,                       2, best          , "{'criterion': 'gini', 'max_depth': 10, 'max_features': None, 'min_samples_leaf': 4, 'min_samples_split': 2, 'splitter': 'best'}"          , 0.5908781484002723 , 0.6009204470742933 , 0.6181818181818182 , 0.6019672131147541 , 0.5951602354480052 , 0.6014215724438285 , 0.00929325367256339  ,              23
0.05548524856567383 , 0.0022356505204304236 , 0.008011484146118164 , 0.0007028420969284578 , gini           ,              10,                   ,                      2,                       2, random        , "{'criterion': 'gini', 'max_depth': 10, 'max_features': None, 'min_samples_leaf': 2, 'min_samples_split': 2, 'splitter': 'random'}"        , 0.5948930296756384 , 0.6162235855487389 , 0.6018584703359543 , 0.5960526315789474 , 0.5976408912188729 , 0.6013337216716304 , 0.00781015787480143  ,              25
0.806676721572876   , 0.01416437105171854   , 0.009538507461547852 , 0.0014556497252177704 , entropy        ,              10,                   ,                      4,                       2, best          , "{'criterion': 'entropy', 'max_depth': 10, 'max_features': None, 'min_samples_leaf': 4, 'min_samples_split': 2, 'splitter': 'best'}"       , 0.6016504126031508 , 0.6091503267973856 , 0.613099257258609  , 0.5980830670926518 , 0.58416500332668   , 0.6012296134156954 , 0.01004892918317024  ,              26
0.7424732685089112  , 0.06458044140242164   , 0.009491395950317384 , 0.0009199195102760091 , entropy        ,              10,                   ,                      4,                       5, best          , "{'criterion': 'entropy', 'max_depth': 10, 'max_features': None, 'min_samples_leaf': 4, 'min_samples_split': 5, 'splitter': 'best'}"       , 0.6016504126031508 , 0.6091503267973856 , 0.613099257258609  , 0.5980830670926518 , 0.58416500332668   , 0.6012296134156954 , 0.01004892918317024  ,              26
0.5763655185699463  , 0.012743556554429743  , 0.009993505477905274 , 0.0009626289464101618 , entropy        ,              10,                   ,                      1,                       2, best          , "{'criterion': 'entropy', 'max_depth': 10, 'max_features': None, 'min_samples_leaf': 1, 'min_samples_split': 2, 'splitter': 'best'}"       , 0.6068441064638783 , 0.6089872568745808 , 0.6073871409028728 , 0.5989717223650386 , 0.5831099195710456 , 0.6010600292354832 , 0.009621811596868965 ,              28
0.6766326427459717  , 0.02290224792729967   , 0.010118579864501953 , 0.001159695168932224  , entropy        ,              10,                   ,                      1,                      10, best          , "{'criterion': 'entropy', 'max_depth': 10, 'max_features': None, 'min_samples_leaf': 1, 'min_samples_split': 10, 'splitter': 'best'}"      , 0.6025738077214232 , 0.6114058355437666 , 0.6118286879673691 , 0.5979513444302177 , 0.5807743658210948 , 0.6009068082967742 , 0.01136966070256176  ,              29
0.46959123611450193 , 0.0071128946423752665 , 0.008138227462768554 , 0.000588089617660334  , gini           ,              10,                   ,                      8,                       5, best          , "{'criterion': 'gini', 'max_depth': 10, 'max_features': None, 'min_samples_leaf': 8, 'min_samples_split': 5, 'splitter': 'best'}"          , 0.5986394557823129 , 0.5996080992815154 , 0.6148693904889484 , 0.6003898635477583 , 0.5901218729955099 , 0.600725736419209  , 0.007977460250056226 ,              30
0.4690231800079346  , 0.003151319683095488  , 0.009683895111083984 , 0.0020708999209946687 , gini           ,              10,                   ,                      8,                       2, best          , "{'criterion': 'gini', 'max_depth': 10, 'max_features': None, 'min_samples_leaf': 8, 'min_samples_split': 2, 'splitter': 'best'}"          , 0.5986394557823129 , 0.5996080992815154 , 0.6148693904889484 , 0.6003898635477583 , 0.5901218729955099 , 0.600725736419209  , 0.007977460250056226 ,              30
0.4690253734588623  , 0.007805125277161728  , 0.00928339958190918  , 0.001355139598102049  , gini           ,              10,                   ,                      8,                      10, best          , "{'criterion': 'gini', 'max_depth': 10, 'max_features': None, 'min_samples_leaf': 8, 'min_samples_split': 10, 'splitter': 'best'}"         , 0.5986394557823129 , 0.5996080992815154 , 0.6148693904889484 , 0.6003898635477583 , 0.5901218729955099 , 0.600725736419209  , 0.007977460250056226 ,              30
0.6298116207122803  , 0.005763389024754303  , 0.008634567260742188 , 0.0005245352439645907 , entropy        ,              10,                   ,                      2,                       2, best          , "{'criterion': 'entropy', 'max_depth': 10, 'max_features': None, 'min_samples_leaf': 2, 'min_samples_split': 2, 'splitter': 'best'}"       , 0.6082317073170732 , 0.6063829787234043 , 0.6075085324232082 , 0.5994865211810013 , 0.5817694369973191 , 0.6006758353284012 , 0.009952032986525519 ,              33
0.6404356956481934  , 0.01930493901977423   , 0.009629249572753906 , 0.0010476772906523812 , entropy        ,              10,                   ,                      4,                      10, best          , "{'criterion': 'entropy', 'max_depth': 10, 'max_features': None, 'min_samples_leaf': 4, 'min_samples_split': 10, 'splitter': 'best'}"      , 0.6040570999248686 , 0.6090373280943026 , 0.6121621621621621 , 0.5968051118210863 , 0.5803040317250495 , 0.6004731467454938 , 0.011340817297645953 ,              34
0.05727043151855469 , 0.005744462371849849  , 0.00973210334777832  , 0.0035326456603640287 , gini           ,              10,                   ,                      1,                       5, random        , "{'criterion': 'gini', 'max_depth': 10, 'max_features': None, 'min_samples_leaf': 1, 'min_samples_split': 5, 'splitter': 'random'}"        , 0.6                , 0.6218034993270525 , 0.5786330457863305 , 0.6143250688705234 , 0.5870712401055409 , 0.6003665708178895 , 0.016146998947203783 ,              35
0.46930222511291503 , 0.004306233606650819  , 0.007980775833129884 , 0.0005695074890171976 , gini           ,              10,                   ,                      2,                      20, best          , "{'criterion': 'gini', 'max_depth': 10, 'max_features': None, 'min_samples_leaf': 2, 'min_samples_split': 20, 'splitter': 'best'}"         , 0.5934515688949522 , 0.6035042180402336 , 0.611371237458194  , 0.6039473684210527 , 0.5895424836601307 , 0.6003633752949127 , 0.007858087461553002 ,              36
0.46277880668640137 , 0.0007032045470050016 , 0.007653617858886718 , 0.0007841031355520306 , gini           ,              10,                   ,                      8,                      20, best          , "{'criterion': 'gini', 'max_depth': 10, 'max_features': None, 'min_samples_leaf': 8, 'min_samples_split': 20, 'splitter': 'best'}"         , 0.5995921142080217 , 0.6002621231979031 , 0.6132264529058116 , 0.599479843953186  , 0.5891472868217055 , 0.6003415642173257 , 0.007650395426779021 ,              37
0.6262340068817138  , 0.00553307965465342   , 0.00905766487121582  , 0.001231452263168973  , entropy        ,              10,                   ,                      2,                       5, best          , "{'criterion': 'entropy', 'max_depth': 10, 'max_features': None, 'min_samples_leaf': 2, 'min_samples_split': 5, 'splitter': 'best'}"       , 0.6073059360730594 , 0.6058588548601864 , 0.6073871409028728 , 0.5994865211810013 , 0.5811623246492986 , 0.6002401555332837 , 0.009971018329242062 ,              38
0.0520078182220459  , 0.0025411843939257446 , 0.0075533390045166016, 0.0005776343613764504 , gini           ,              10,                   ,                      1,                      10, random        , "{'criterion': 'gini', 'max_depth': 10, 'max_features': None, 'min_samples_leaf': 1, 'min_samples_split': 10, 'splitter': 'random'}"       , 0.5995921142080217 , 0.621492128678987  , 0.6019933554817276 , 0.5900131406044679 , 0.5853324194653873 , 0.5996846316877182 , 0.012493433679445266 ,              39
0.06499481201171875 , 0.004929593843435564  , 0.009308099746704102 , 0.0009574423261863639 , entropy        ,              10,                   ,                      2,                       2, random        , "{'criterion': 'entropy', 'max_depth': 10, 'max_features': None, 'min_samples_leaf': 2, 'min_samples_split': 2, 'splitter': 'random'}"     , 0.5985303941215765 , 0.6143704680290046 , 0.5899094437257438 , 0.615931721194879  , 0.5792488860598345 , 0.5995981826262077 , 0.014100429799932727 ,              40
0.05088334083557129 , 0.001430680911837943  , 0.007344675064086914 , 0.0006732245543098218 , gini           ,              10,                   ,                      1,                      20, random        , "{'criterion': 'gini', 'max_depth': 10, 'max_features': None, 'min_samples_leaf': 1, 'min_samples_split': 20, 'splitter': 'random'}"       , 0.612109115103127  , 0.6096033402922756 , 0.5875251509054326 , 0.5973684210526315 , 0.591339648173207  , 0.5995891351053348 , 0.009752533260583946 ,              41
0.4813276767730713  , 0.010802615822670999  , 0.008218812942504882 , 0.0005753740389802349 , gini           ,              10,                   ,                      4,                      10, best          , "{'criterion': 'gini', 'max_depth': 10, 'max_features': None, 'min_samples_leaf': 4, 'min_samples_split': 10, 'splitter': 'best'}"         , 0.5918367346938775 , 0.5984147952443857 , 0.6169354838709677 , 0.6007853403141361 , 0.5873944119558154 , 0.5990733532158365 , 0.010111247465618346 ,              42
0.6710611820220947  , 0.007857678386299088  , 0.009574508666992188 , 0.0024635291129071492 , entropy        ,              10,                   ,                      1,                       5, best          , "{'criterion': 'entropy', 'max_depth': 10, 'max_features': None, 'min_samples_leaf': 1, 'min_samples_split': 5, 'splitter': 'best'}"       , 0.6038022813688213 , 0.6049300466355763 , 0.6068493150684932 , 0.5970531710442024 , 0.5813797722705961 , 0.5988029172775379 , 0.009315658502882459 ,              43
0.4681201457977295  , 0.005348201702731447  , 0.009119319915771484 , 0.0009958445624678707 , gini           ,              10,                   ,                      1,                      20, best          , "{'criterion': 'gini', 'max_depth': 10, 'max_features': None, 'min_samples_leaf': 1, 'min_samples_split': 20, 'splitter': 'best'}"         , 0.5917808219178082 , 0.595939751146038  , 0.6111484217595702 , 0.6050198150594451 , 0.5876221498371336 , 0.598302191943999  , 0.008629307895102998 ,              44
0.05890159606933594 , 0.0008918205505728995 , 0.008894252777099609 , 0.0006328326950743493 , entropy        ,              10,                   ,                      2,                       5, random        , "{'criterion': 'entropy', 'max_depth': 10, 'max_features': None, 'min_samples_leaf': 2, 'min_samples_split': 5, 'splitter': 'random'}"     , 0.596829772570641  , 0.6057142857142858 , 0.5842105263157895 , 0.6202702702702703 , 0.5817438692098093 , 0.5977537448161592 , 0.014219372271000012 ,              45
0.058986854553222653, 0.0060472179529965095 , 0.008463191986083984 , 0.0005870758479873154 , gini           ,              10,                   ,                      2,                       5, random        , "{'criterion': 'gini', 'max_depth': 10, 'max_features': None, 'min_samples_leaf': 2, 'min_samples_split': 5, 'splitter': 'random'}"        , 0.5886287625418061 , 0.6063829787234043 , 0.5980926430517711 , 0.5998707175177763 , 0.5936896329684481 , 0.5973329469606412 , 0.00596585376457323  ,              46
0.05171136856079102 , 0.0019327909078203623 , 0.0077725410461425785, 0.0012528400257064175 , gini           ,              10,                   ,                      2,                      20, random        , "{'criterion': 'gini', 'max_depth': 10, 'max_features': None, 'min_samples_leaf': 2, 'min_samples_split': 20, 'splitter': 'random'}"       , 0.6035737921906023 , 0.6127770534550195 , 0.5865771812080537 , 0.5932432432432433 , 0.5903141361256544 , 0.5972970812445146 , 0.00958267208876544  ,              47
0.4780306339263916  , 0.004910500572723545  , 0.008306407928466797 , 0.0004375600926801732 , gini           ,              10,                   ,                      4,                      20, best          , "{'criterion': 'gini', 'max_depth': 10, 'max_features': None, 'min_samples_leaf': 4, 'min_samples_split': 20, 'splitter': 'best'}"         , 0.5945945945945946 , 0.5949449125081011 , 0.6125166444740346 , 0.5951916829109811 , 0.5880829015544041 , 0.5970661472084231 , 0.008167476888418818 ,              48
0.058198404312133786, 0.0027705719279592367 , 0.009528207778930663 , 0.0012610290500978964 , entropy        ,              10,                   ,                      4,                      20, random        , "{'criterion': 'entropy', 'max_depth': 10, 'max_features': None, 'min_samples_leaf': 4, 'min_samples_split': 20, 'splitter': 'random'}"    , 0.5915857605177993 , 0.6181584030907921 , 0.5871091257179324 , 0.5934797072521624 , 0.5926910299003322 , 0.5966048052958037 , 0.011000001769689965 ,              49
0.055593681335449216, 0.0026137507826491948 , 0.008080387115478515 , 0.00035784834105790335, gini           ,              10,                   ,                      4,                      20, random        , "{'criterion': 'gini', 'max_depth': 10, 'max_features': None, 'min_samples_leaf': 4, 'min_samples_split': 20, 'splitter': 'random'}"       , 0.6049046321525886 , 0.6044098573281452 , 0.6008403361344538 , 0.5730843528654218 , 0.5981182795698925 , 0.5962714916101004 , 0.011854893347543222 ,              50
0.06089425086975098 , 0.0021114354911103937 , 0.008952713012695313 , 0.0006744446628759357 , entropy        ,              10,                   ,                      2,                      20, random        , "{'criterion': 'entropy', 'max_depth': 10, 'max_features': None, 'min_samples_leaf': 2, 'min_samples_split': 20, 'splitter': 'random'}"    , 0.5970937912813739 , 0.6169934640522876 , 0.5938521909744932 , 0.5750962772785623 , 0.592741935483871  , 0.5951555318141175 , 0.013345785636770307 ,              51
0.05904064178466797 , 0.0028182823696585    , 0.009419107437133789 , 0.0013367575075546663 , entropy        ,              10,                   ,                      4,                      10, random        , "{'criterion': 'entropy', 'max_depth': 10, 'max_features': None, 'min_samples_leaf': 4, 'min_samples_split': 10, 'splitter': 'random'}"    , 0.6079354404841963 , 0.6114322414900449 , 0.5931758530183727 , 0.5874757908327953 , 0.575272261370916  , 0.5950583174392651 , 0.013315044750271074 ,              52
0.08093304634094238 , 0.004051937182651941  , 0.00852031707763672  , 0.0003303363674283113 , entropy        ,              15,                   ,                      1,                       5, random        , "{'criterion': 'entropy', 'max_depth': 15, 'max_features': None, 'min_samples_leaf': 1, 'min_samples_split': 5, 'splitter': 'random'}"     , 0.6077998528329654 , 0.6045197740112994 , 0.5884802220680083 , 0.6015141087405368 , 0.5627266134880348 , 0.5930081142281689 , 0.01649931440423143  ,              53
0.0792851448059082  , 0.004565122648012338  , 0.00991506576538086  , 0.0017581057244454815 , entropy        ,              15,                   ,                      2,                       2, random        , "{'criterion': 'entropy', 'max_depth': 15, 'max_features': None, 'min_samples_leaf': 2, 'min_samples_split': 2, 'splitter': 'random'}"     , 0.5625             , 0.6138328530259366 , 0.5953553835327234 , 0.5835654596100278 , 0.6076696165191741 , 0.5925846625375724 , 0.018292901748698385 ,              54
0.055209779739379884, 0.003877870203485484  , 0.008620405197143554 , 0.0009018721532895095 , gini           ,              10,                   ,                      8,                      20, random        , "{'criterion': 'gini', 'max_depth': 10, 'max_features': None, 'min_samples_leaf': 8, 'min_samples_split': 20, 'splitter': 'random'}"       , 0.5990404386566142 , 0.602921646746348  , 0.5760940561724364 , 0.5943458251150558 , 0.5891156462585034 , 0.5923035225897916 , 0.009329640457585843 ,              55
0.0776240348815918  , 0.007467812330877266  , 0.009440422058105469 , 0.0008409660102713771 , entropy        ,              15,                   ,                      2,                      20, random        , "{'criterion': 'entropy', 'max_depth': 15, 'max_features': None, 'min_samples_leaf': 2, 'min_samples_split': 20, 'splitter': 'random'}"    , 0.5987261146496815 , 0.5945186226282502 , 0.5932085932085932 , 0.5844875346260388 , 0.5879082696316886 , 0.5917698269488504 , 0.005019148752579512 ,              56
0.06281628608703613 , 0.005830506765792479  , 0.009170246124267579 , 0.0009250848610501878 , entropy        ,              10,                   ,                      8,                       5, random        , "{'criterion': 'entropy', 'max_depth': 10, 'max_features': None, 'min_samples_leaf': 8, 'min_samples_split': 5, 'splitter': 'random'}"     , 0.5755894590846047 , 0.5892857142857143 , 0.5877813504823152 , 0.6107862248213125 , 0.592352559948153  , 0.5911590617244199 , 0.011348840112231412 ,              57
0.06764650344848633 , 0.003735072506528198  , 0.009159517288208009 , 0.001550297442025204  , entropy        ,              10,                   ,                      8,                       2, random        , "{'criterion': 'entropy', 'max_depth': 10, 'max_features': None, 'min_samples_leaf': 8, 'min_samples_split': 2, 'splitter': 'random'}"     , 0.5755894590846047 , 0.5892857142857143 , 0.5877813504823152 , 0.6107862248213125 , 0.592352559948153  , 0.5911590617244199 , 0.011348840112231412 ,              57
0.056479787826538085, 0.0006412813905718627 , 0.008449840545654296 , 0.00026880040191851006, entropy        ,              10,                   ,                      8,                      10, random        , "{'criterion': 'entropy', 'max_depth': 10, 'max_features': None, 'min_samples_leaf': 8, 'min_samples_split': 10, 'splitter': 'random'}"    , 0.5755894590846047 , 0.5892857142857143 , 0.5877813504823152 , 0.6107862248213125 , 0.592352559948153  , 0.5911590617244199 , 0.011348840112231412 ,              57
0.6527440071105957  , 0.008940947984852161  , 0.008409643173217773 , 0.0004138339620032281 , gini           ,              15,                   ,                      2,                       5, best          , "{'criterion': 'gini', 'max_depth': 15, 'max_features': None, 'min_samples_leaf': 2, 'min_samples_split': 5, 'splitter': 'best'}"          , 0.5834609494640123 , 0.6064981949458483 , 0.5825958702064897 , 0.5968819599109132 , 0.5859778597785977 , 0.5910829668611723 , 0.009246033251579999 ,              60
0.0782400131225586  , 0.0047175435581099    , 0.008767080307006837 , 0.0010055675966075088 , entropy        ,              15,                   ,                      1,                      10, random        , "{'criterion': 'entropy', 'max_depth': 15, 'max_features': None, 'min_samples_leaf': 1, 'min_samples_split': 10, 'splitter': 'random'}"    , 0.5847033595425304 , 0.5941176470588235 , 0.5968939905469277 , 0.5947136563876652 , 0.5844428871758934 , 0.590974308142368  , 0.005308299177651415 ,              61
0.7229969024658203  , 0.01736642842721174   , 0.011388158798217774 , 0.001948867711913648  , entropy        ,              15,                   ,                      1,                       2, best          , "{'criterion': 'entropy', 'max_depth': 15, 'max_features': None, 'min_samples_leaf': 1, 'min_samples_split': 2, 'splitter': 'best'}"       , 0.601076095311299  , 0.6028636021100227 , 0.597552195824334  , 0.5875457875457876 , 0.5647590361445783 , 0.5907593433872044 , 0.014038762136183571 ,              62
0.07745475769042968 , 0.0033606029411681637 , 0.008905267715454102 , 0.0005155831094338716 , entropy        ,              15,                   ,                      2,                       5, random        , "{'criterion': 'entropy', 'max_depth': 15, 'max_features': None, 'min_samples_leaf': 2, 'min_samples_split': 5, 'splitter': 'random'}"     , 0.6119631901840491 , 0.5974025974025974 , 0.5847400405131667 , 0.586890243902439  , 0.5700071073205402 , 0.5902006358645584 , 0.013957309282929571 ,              63
0.6525575637817382  , 0.007216539097283077  , 0.008327198028564454 , 0.0005474443914394203 , gini           ,              15,                   ,                      2,                      10, best          , "{'criterion': 'gini', 'max_depth': 15, 'max_features': None, 'min_samples_leaf': 2, 'min_samples_split': 10, 'splitter': 'best'}"         , 0.5853658536585366 , 0.6011477761836442 , 0.5815808556925308 , 0.5985185185185186 , 0.5836972343522562 , 0.5900620476810973 , 0.008110499121654485 ,              64
0.07919125556945801 , 0.010197675678893806  , 0.009196043014526367 , 0.0005920392182657153 , entropy        ,              15,                   ,                      1,                      20, random        , "{'criterion': 'entropy', 'max_depth': 15, 'max_features': None, 'min_samples_leaf': 1, 'min_samples_split': 20, 'splitter': 'random'}"    , 0.572463768115942  , 0.6015141087405368 , 0.6040644709180099 , 0.5798192771084337 , 0.5920431557653405 , 0.5899809561296526 , 0.012212479369196241 ,              65
0.07334961891174316 , 0.0062257640304903385 , 0.009544467926025391 , 0.00156110224688571   , entropy        ,              15,                   ,                      4,                      20, random        , "{'criterion': 'entropy', 'max_depth': 15, 'max_features': None, 'min_samples_leaf': 4, 'min_samples_split': 20, 'splitter': 'random'}"    , 0.5854732208363903 , 0.6120749479528106 , 0.5912208504801097 , 0.5862785862785863 , 0.5725439167208849 , 0.5895183044537564 , 0.012858375816153024 ,              66
0.06882123947143555 , 0.00599739339307648   , 0.010437822341918946 , 0.0017187175085469793 , entropy        ,              10,                   ,                      1,                       5, random        , "{'criterion': 'entropy', 'max_depth': 10, 'max_features': None, 'min_samples_leaf': 1, 'min_samples_split': 5, 'splitter': 'random'}"     , 0.5943661971830986 , 0.6043360433604336 , 0.582562747688243  , 0.5884665792922673 , 0.5757776307081403 , 0.5891018396464366 , 0.009802981651110402 ,              67
0.5957418441772461  , 0.01125008596004189   , 0.008006429672241211 , 0.0004800700411026114 , gini           ,              15,                   ,                      1,                       2, best          , "{'criterion': 'gini', 'max_depth': 15, 'max_features': None, 'min_samples_leaf': 1, 'min_samples_split': 2, 'splitter': 'best'}"          , 0.5833333333333334 , 0.5945945945945946 , 0.5844544095665172 , 0.5986394557823129 , 0.5840179238237491 , 0.5890079434201014 , 0.006353154610010171 ,              68
0.053815364837646484, 0.0015549967089261683 , 0.008667373657226562 , 0.0011583684043941253 , gini           ,              10,                   ,                      4,                      10, random        , "{'criterion': 'gini', 'max_depth': 10, 'max_features': None, 'min_samples_leaf': 4, 'min_samples_split': 10, 'splitter': 'random'}"       , 0.5956907477820025 , 0.6055776892430279 , 0.5813648293963255 , 0.5890767230169051 , 0.5726984126984127 , 0.5888816804273347 , 0.011345125420498498 ,              69
0.06585674285888672 , 0.0028209308353494985 , 0.008218669891357422 , 0.0007749048308315008 , gini           ,              15,                   ,                      8,                      20, random        , "{'criterion': 'gini', 'max_depth': 15, 'max_features': None, 'min_samples_leaf': 8, 'min_samples_split': 20, 'splitter': 'random'}"       , 0.59182156133829   , 0.609429978888107  , 0.5762933857236411 , 0.5865921787709497 , 0.5796897038081805 , 0.5887653617058337 , 0.011653387788342294 ,              70
0.08369259834289551 , 0.02636537112791441   , 0.011433553695678712 , 0.0046128532505194724 , gini           ,              10,                   ,                      4,                       5, random        , "{'criterion': 'gini', 'max_depth': 10, 'max_features': None, 'min_samples_leaf': 4, 'min_samples_split': 5, 'splitter': 'random'}"        , 0.5965417867435159 , 0.609471516815374  , 0.5802139037433155 , 0.5895140664961637 , 0.5676392572944297 , 0.5886761062185597 , 0.014206886307888267 ,              71
0.05436825752258301 , 0.0013214377567552765 , 0.007822751998901367 , 0.000667496932438818  , gini           ,              10,                   ,                      4,                       2, random        , "{'criterion': 'gini', 'max_depth': 10, 'max_features': None, 'min_samples_leaf': 4, 'min_samples_split': 2, 'splitter': 'random'}"        , 0.5965417867435159 , 0.609471516815374  , 0.5802139037433155 , 0.5895140664961637 , 0.5676392572944297 , 0.5886761062185597 , 0.014206886307888267 ,              71
0.07730712890625    , 0.004593031333106266  , 0.009082889556884766 , 0.0007753352338805357 , entropy        ,              15,                   ,                      2,                      10, random        , "{'criterion': 'entropy', 'max_depth': 15, 'max_features': None, 'min_samples_leaf': 2, 'min_samples_split': 10, 'splitter': 'random'}"    , 0.579957356076759  , 0.5945568736915562 , 0.5876288659793815 , 0.5741007194244604 , 0.6047819971870605 , 0.5882051624718436 , 0.010792862699480073 ,              73
0.6115157604217529  , 0.010489159027389998  , 0.008648681640625    , 0.0005950905459007731 , gini           ,              15,                   ,                      8,                      20, best          , "{'criterion': 'gini', 'max_depth': 15, 'max_features': None, 'min_samples_leaf': 8, 'min_samples_split': 20, 'splitter': 'best'}"         , 0.5778781038374717 , 0.601123595505618  , 0.5862313697657914 , 0.5900216919739696 , 0.585503166783955  , 0.588151585573361  , 0.007589678747371867 ,              74
0.05352482795715332 , 0.0007845461422674789 , 0.007918405532836913 , 0.0006661360726103872 , gini           ,              10,                   ,                      8,                       2, random        , "{'criterion': 'gini', 'max_depth': 10, 'max_features': None, 'min_samples_leaf': 8, 'min_samples_split': 2, 'splitter': 'random'}"        , 0.5899280575539568 , 0.6014257939079715 , 0.5882352941176471 , 0.5934489402697495 , 0.5673662830060935 , 0.5880808737710838 , 0.011308697851885251 ,              75
0.053253984451293944, 0.0011713641649421537 , 0.007804250717163086 , 0.0007156510468671816 , gini           ,              10,                   ,                      8,                      10, random        , "{'criterion': 'gini', 'max_depth': 10, 'max_features': None, 'min_samples_leaf': 8, 'min_samples_split': 10, 'splitter': 'random'}"       , 0.5899280575539568 , 0.6014257939079715 , 0.5882352941176471 , 0.5934489402697495 , 0.5673662830060935 , 0.5880808737710838 , 0.011308697851885251 ,              75
0.054277229309082034, 0.001959908286388917  , 0.00798177719116211  , 0.00040391093755061673, gini           ,              10,                   ,                      8,                       5, random        , "{'criterion': 'gini', 'max_depth': 10, 'max_features': None, 'min_samples_leaf': 8, 'min_samples_split': 5, 'splitter': 'random'}"        , 0.5899280575539568 , 0.6014257939079715 , 0.5882352941176471 , 0.5934489402697495 , 0.5673662830060935 , 0.5880808737710838 , 0.011308697851885251 ,              75
0.06914920806884765 , 0.002415489595899484  , 0.008237171173095702 , 0.00046633080687342267, gini           ,              15,                   ,                      2,                       5, random        , "{'criterion': 'gini', 'max_depth': 15, 'max_features': None, 'min_samples_leaf': 2, 'min_samples_split': 5, 'splitter': 'random'}"        , 0.6079632465543645 , 0.5929721815519766 , 0.5843621399176955 , 0.5757358219669777 , 0.5771428571428572 , 0.5876352494267744 , 0.011866846483352851 ,              78
0.8092425346374512  , 0.01182190876774748   , 0.009473514556884766 , 0.0005819445864700947 , entropy        ,              15,                   ,                      1,                       5, best          , "{'criterion': 'entropy', 'max_depth': 15, 'max_features': None, 'min_samples_leaf': 1, 'min_samples_split': 5, 'splitter': 'best'}"       , 0.5943033102386451 , 0.5986597170513775 , 0.5982783357245337 , 0.5905454545454546 , 0.5563012677106637 , 0.587617617054135  , 0.01593463747221009  ,              79
0.6673798561096191  , 0.0038354702759963877 , 0.009067106246948241 , 0.0018810858402603047 , gini           ,              15,                   ,                      2,                       2, best          , "{'criterion': 'gini', 'max_depth': 15, 'max_features': None, 'min_samples_leaf': 2, 'min_samples_split': 2, 'splitter': 'best'}"          , 0.5756172839506173 , 0.5942028985507246 , 0.5834564254062038 , 0.6004480955937267 , 0.5833945628214549 , 0.5874238532645455 , 0.008797239197518972 ,              80
0.7536734104156494  , 0.005969097836534459  , 0.010018587112426758 , 0.0006983723061486972 , entropy        ,              15,                   ,                      8,                       5, best          , "{'criterion': 'entropy', 'max_depth': 15, 'max_features': None, 'min_samples_leaf': 8, 'min_samples_split': 5, 'splitter': 'best'}"       , 0.6001467351430667 , 0.5958952583156405 , 0.6084546084546084 , 0.5805084745762712 , 0.5517730496453901 , 0.5873556252269954 , 0.019973522856357426 ,              81
0.7619108200073242  , 0.015653913701562223  , 0.011066341400146484 , 0.0030596520742965944 , entropy        ,              15,                   ,                      8,                       2, best          , "{'criterion': 'entropy', 'max_depth': 15, 'max_features': None, 'min_samples_leaf': 8, 'min_samples_split': 2, 'splitter': 'best'}"       , 0.6001467351430667 , 0.5958952583156405 , 0.6084546084546084 , 0.5805084745762712 , 0.5517730496453901 , 0.5873556252269954 , 0.019973522856357426 ,              81
0.7578767776489258  , 0.010230613815363044  , 0.010552740097045899 , 0.0018507447493454248 , entropy        ,              15,                   ,                      8,                      10, best          , "{'criterion': 'entropy', 'max_depth': 15, 'max_features': None, 'min_samples_leaf': 8, 'min_samples_split': 10, 'splitter': 'best'}"      , 0.6001467351430667 , 0.5958952583156405 , 0.6084546084546084 , 0.5805084745762712 , 0.5517730496453901 , 0.5873556252269954 , 0.019973522856357426 ,              81
0.7757847785949707  , 0.027324571227767918  , 0.00894613265991211  , 0.0013704378105264447 , gini           ,              15,                   ,                      1,                       5, best          , "{'criterion': 'gini', 'max_depth': 15, 'max_features': None, 'min_samples_leaf': 1, 'min_samples_split': 5, 'splitter': 'best'}"          , 0.5763508222396241 , 0.5957132298595713 , 0.5866666666666667 , 0.5971492873218305 , 0.5801186943620178 , 0.587199740089942  , 0.008241327472873112 ,              84
0.6526761054992676  , 0.016904645152466195  , 0.008474969863891601 , 0.00038521597863314024, gini           ,              15,                   ,                      8,                      10, best          , "{'criterion': 'gini', 'max_depth': 15, 'max_features': None, 'min_samples_leaf': 8, 'min_samples_split': 10, 'splitter': 'best'}"         , 0.5737951807228916 , 0.6015460295151089 , 0.5923795830337887 , 0.5863570391872278 , 0.5800139762403913 , 0.5868183617398817 , 0.009632726557956734 ,              85
0.6635454654693603  , 0.01658009293238645   , 0.008221721649169922 , 0.00035352182731724843, gini           ,              15,                   ,                      8,                       5, best          , "{'criterion': 'gini', 'max_depth': 15, 'max_features': None, 'min_samples_leaf': 8, 'min_samples_split': 5, 'splitter': 'best'}"          , 0.5737951807228916 , 0.6015460295151089 , 0.5923795830337887 , 0.5863570391872278 , 0.5800139762403913 , 0.5868183617398817 , 0.009632726557956734 ,              85
0.6470308780670166  , 0.01749384801063084   , 0.011027765274047852 , 0.002427847342830953  , gini           ,              15,                   ,                      8,                       2, best          , "{'criterion': 'gini', 'max_depth': 15, 'max_features': None, 'min_samples_leaf': 8, 'min_samples_split': 2, 'splitter': 'best'}"          , 0.5737951807228916 , 0.6015460295151089 , 0.5923795830337887 , 0.5863570391872278 , 0.5800139762403913 , 0.5868183617398817 , 0.009632726557956734 ,              85
0.8171707630157471  , 0.018080300172340077  , 0.00932931900024414  , 0.0004983917625729696 , entropy        ,              15,                   ,                      1,                      10, best          , "{'criterion': 'entropy', 'max_depth': 15, 'max_features': None, 'min_samples_leaf': 1, 'min_samples_split': 10, 'splitter': 'best'}"      , 0.5854025583145221 , 0.6010286554004408 , 0.6023926812104152 , 0.5845932325413967 , 0.5598824393828068 , 0.5866599133699163 , 0.015341877042757322 ,              88
0.7184171676635742  , 0.02424257592018912   , 0.007634305953979492 , 0.0007902473139750649 , entropy        ,              15,                   ,                      8,                      20, best          , "{'criterion': 'entropy', 'max_depth': 15, 'max_features': None, 'min_samples_leaf': 8, 'min_samples_split': 20, 'splitter': 'best'}"      , 0.6026011560693642 , 0.5929078014184397 , 0.6094182825484764 , 0.5785007072135785 , 0.5495750708215298 , 0.5866006036142777 , 0.02122707372786878  ,              89
0.09711542129516601 , 0.008336819449345475  , 0.01308894157409668  , 0.0032438954271258335 , entropy        ,              20,                   ,                      4,                      20, random        , "{'criterion': 'entropy', 'max_depth': 20, 'max_features': None, 'min_samples_leaf': 4, 'min_samples_split': 20, 'splitter': 'random'}"    , 0.5900900900900901 , 0.5851216022889842 , 0.5852941176470589 , 0.5800738007380074 , 0.5919282511210763 , 0.5865015723770434 , 0.004171446132464936 ,              90
0.06849818229675293 , 0.006621760366660449  , 0.008559083938598633 , 0.0009093209042807773 , entropy        ,              15,                   ,                      1,                       2, random        , "{'criterion': 'entropy', 'max_depth': 15, 'max_features': None, 'min_samples_leaf': 1, 'min_samples_split': 2, 'splitter': 'random'}"     , 0.598390636430139  , 0.5899613899613899 , 0.5792592592592593 , 0.5759087669280114 , 0.5883190883190883 , 0.5863678281795777 , 0.008014895320594554 ,              91
0.07454700469970703 , 0.003970693580414558  , 0.009257125854492187 , 0.0009060438592214357 , entropy        ,              15,                   ,                      4,                      10, random        , "{'criterion': 'entropy', 'max_depth': 15, 'max_features': None, 'min_samples_leaf': 4, 'min_samples_split': 10, 'splitter': 'random'}"    , 0.5995655322230268 , 0.6052269601100413 , 0.5735392881128274 , 0.5770034843205575 , 0.5750841750841751 , 0.5860838879701256 , 0.013483518400684309 ,              92
0.6501534461975098  , 0.01368295575736429   , 0.00857858657836914  , 0.000872832442408262  , gini           ,              15,                   ,                      4,                       5, best          , "{'criterion': 'gini', 'max_depth': 15, 'max_features': None, 'min_samples_leaf': 4, 'min_samples_split': 5, 'splitter': 'best'}"          , 0.5759878419452887 , 0.58972554539057   , 0.5894134477825465 , 0.5892597968069666 , 0.5837526959022286 , 0.58562786556552   , 0.005305824231499375 ,              93
0.6473387241363525  , 0.02401748338395597   , 0.008488988876342774 , 0.0004624242411172972 , gini           ,              15,                   ,                      4,                       2, best          , "{'criterion': 'gini', 'max_depth': 15, 'max_features': None, 'min_samples_leaf': 4, 'min_samples_split': 2, 'splitter': 'best'}"          , 0.5759878419452887 , 0.58972554539057   , 0.5894134477825465 , 0.5892597968069666 , 0.5837526959022286 , 0.58562786556552   , 0.005305824231499375 ,              93
0.05726637840270996 , 0.0008813835330579754 , 0.00839686393737793  , 0.0005494718323472464 , entropy        ,              10,                   ,                      8,                      20, random        , "{'criterion': 'entropy', 'max_depth': 10, 'max_features': None, 'min_samples_leaf': 8, 'min_samples_split': 20, 'splitter': 'random'}"    , 0.589572192513369  , 0.5927342256214149 , 0.5554123711340206 , 0.6082337317397079 , 0.5816259087904825 , 0.585515685959799  , 0.01735518420674569  ,              95
0.07446436882019043 , 0.004636867077586653  , 0.009080171585083008 , 0.0015238874597823257 , gini           ,              15,                   ,                      8,                       5, random        , "{'criterion': 'gini', 'max_depth': 15, 'max_features': None, 'min_samples_leaf': 8, 'min_samples_split': 5, 'splitter': 'random'}"        , 0.5904365904365905 , 0.6191176470588236 , 0.5547850208044383 , 0.5738161559888579 , 0.5893587994542974 , 0.5855028427486015 , 0.021210038046138167 ,              96
0.06755633354187011 , 0.005570792315141455  , 0.008525896072387695 , 0.0005108038774807621 , gini           ,              15,                   ,                      8,                       2, random        , "{'criterion': 'gini', 'max_depth': 15, 'max_features': None, 'min_samples_leaf': 8, 'min_samples_split': 2, 'splitter': 'random'}"        , 0.5904365904365905 , 0.6191176470588236 , 0.5547850208044383 , 0.5738161559888579 , 0.5893587994542974 , 0.5855028427486015 , 0.021210038046138167 ,              96
0.06439042091369629 , 0.00358454952062499   , 0.008361196517944336 , 0.0003105014998398561 , gini           ,              15,                   ,                      8,                      10, random        , "{'criterion': 'gini', 'max_depth': 15, 'max_features': None, 'min_samples_leaf': 8, 'min_samples_split': 10, 'splitter': 'random'}"       , 0.5904365904365905 , 0.6191176470588236 , 0.5547850208044383 , 0.5738161559888579 , 0.5893587994542974 , 0.5855028427486015 , 0.021210038046138167 ,              96
0.07083239555358886 , 0.0051863505288830426 , 0.00871281623840332  , 0.0011162386072868802 , gini           ,              15,                   ,                      4,                       2, random        , "{'criterion': 'gini', 'max_depth': 15, 'max_features': None, 'min_samples_leaf': 4, 'min_samples_split': 2, 'splitter': 'random'}"        , 0.569593147751606  , 0.6058495821727019 , 0.5893587994542974 , 0.579750346740638  , 0.5829351535836177 , 0.5854974059405722 , 0.012013831132333026 ,              99
0.07350902557373047 , 0.001139046615856584  , 0.00916914939880371  , 0.0013612627013788944 , gini           ,              15,                   ,                      4,                       5, random        , "{'criterion': 'gini', 'max_depth': 15, 'max_features': None, 'min_samples_leaf': 4, 'min_samples_split': 5, 'splitter': 'random'}"        , 0.569593147751606  , 0.6058495821727019 , 0.5893587994542974 , 0.579750346740638  , 0.5829351535836177 , 0.5854974059405722 , 0.012013831132333026 ,              99
0.654010534286499   , 0.008957868634884762  , 0.00838937759399414  , 0.0007126745315350165 , gini           ,              15,                   ,                      2,                      20, best          , "{'criterion': 'gini', 'max_depth': 15, 'max_features': None, 'min_samples_leaf': 2, 'min_samples_split': 20, 'splitter': 'best'}"         , 0.5804988662131519 , 0.594059405940594  , 0.582078853046595  , 0.5910753474762254 , 0.5786073223259153 , 0.5852639590004963 , 0.006136675711146336 ,             101
0.8091761112213135  , 0.014521695007874437  , 0.010310554504394531 , 0.0008692182746844157 , entropy        ,              15,                   ,                      2,                      10, best          , "{'criterion': 'entropy', 'max_depth': 15, 'max_features': None, 'min_samples_leaf': 2, 'min_samples_split': 10, 'splitter': 'best'}"      , 0.5896474118529632 , 0.5998536942209217 , 0.6                , 0.5871428571428572 , 0.5471836137527433 , 0.5847655153938971 , 0.019501931490617085 ,             102
0.09031448364257813 , 0.015248955402262955  , 0.014176130294799805 , 0.009072220850148223  , gini           ,              15,                   ,                      1,                      10, random        , "{'criterion': 'gini', 'max_depth': 15, 'max_features': None, 'min_samples_leaf': 1, 'min_samples_split': 10, 'splitter': 'random'}"       , 0.5953757225433526 , 0.5871156661786238 , 0.5775553967119371 , 0.5897079276773296 , 0.5733788395904437 , 0.5846267105403373 , 0.008050751604276131 ,             103
0.7929298877716064  , 0.019576099942514934  , 0.009065818786621094 , 0.0005523578278288416 , entropy        ,              15,                   ,                      2,                      20, best          , "{'criterion': 'entropy', 'max_depth': 15, 'max_features': None, 'min_samples_leaf': 2, 'min_samples_split': 20, 'splitter': 'best'}"      , 0.5930831493745401 , 0.596820809248555  , 0.5962988348183688 , 0.5829787234042553 , 0.5526127415891195 , 0.5843588516869678 , 0.016635487453079117 ,             104
0.825301218032837   , 0.028629805925079424  , 0.010039567947387695 , 0.0004973076894148728 , entropy        ,              15,                   ,                      2,                       5, best          , "{'criterion': 'entropy', 'max_depth': 15, 'max_features': None, 'min_samples_leaf': 2, 'min_samples_split': 5, 'splitter': 'best'}"       , 0.593607305936073  , 0.5985185185185186 , 0.5945945945945946 , 0.5827338129496403 , 0.5520295202952029 , 0.5842967504588059 , 0.0169623562040951   ,             105
0.0743804931640625  , 0.0036793368366810427 , 0.006284570693969727 , 0.0006828883748857668 , entropy        ,              10, sqrt              ,                      8,                       2, best          , "{'criterion': 'entropy', 'max_depth': 10, 'max_features': 'sqrt', 'min_samples_leaf': 8, 'min_samples_split': 2, 'splitter': 'best'}"     , 0.5881578947368421 , 0.6167272727272727 , 0.5573770491803278 , 0.5934640522875817 , 0.56524506683641   , 0.5841942671536868 , 0.021157840552345746 ,             106
0.07547216415405274 , 0.003673277060438018  , 0.006362771987915039 , 0.0007389998002110277 , entropy        ,              10, sqrt              ,                      8,                      10, best          , "{'criterion': 'entropy', 'max_depth': 10, 'max_features': 'sqrt', 'min_samples_leaf': 8, 'min_samples_split': 10, 'splitter': 'best'}"    , 0.5881578947368421 , 0.6167272727272727 , 0.5573770491803278 , 0.5934640522875817 , 0.56524506683641   , 0.5841942671536868 , 0.021157840552345746 ,             106
0.07946867942810058 , 0.004009232612338763  , 0.006153011322021484 , 0.0004041877368253177 , entropy        ,              10, sqrt              ,                      8,                       5, best          , "{'criterion': 'entropy', 'max_depth': 10, 'max_features': 'sqrt', 'min_samples_leaf': 8, 'min_samples_split': 5, 'splitter': 'best'}"     , 0.5881578947368421 , 0.6167272727272727 , 0.5573770491803278 , 0.5934640522875817 , 0.56524506683641   , 0.5841942671536868 , 0.021157840552345746 ,             106
0.8053933620452881  , 0.017302251468969326  , 0.01051034927368164  , 0.00044950674349343757, entropy        ,              15,                   ,                      1,                      20, best          , "{'criterion': 'entropy', 'max_depth': 15, 'max_features': None, 'min_samples_leaf': 1, 'min_samples_split': 20, 'splitter': 'best'}"      , 0.5897058823529412 , 0.596820809248555  , 0.5979381443298969 , 0.5797720797720798 , 0.5556353194544149 , 0.5839744470315776 , 0.015579661470713983 ,             109
0.07292194366455078 , 0.0026017955456779968 , 0.010204219818115234 , 0.002259867681744969  , gini           ,              15,                   ,                      1,                       5, random        , "{'criterion': 'gini', 'max_depth': 15, 'max_features': None, 'min_samples_leaf': 1, 'min_samples_split': 5, 'splitter': 'random'}"        , 0.5950155763239875 , 0.5756302521008403 , 0.5911602209944752 , 0.5752650176678445 , 0.582314881380302  , 0.5838771896934898 , 0.008021577096598906 ,             110
0.7874847888946533  , 0.012085021055257463  , 0.010532426834106445 , 0.0018568621654702856 , gini           ,              15,                   ,                      1,                      10, best          , "{'criterion': 'gini', 'max_depth': 15, 'max_features': None, 'min_samples_leaf': 1, 'min_samples_split': 10, 'splitter': 'best'}"         , 0.5685670261941448 , 0.5943600867678959 , 0.586608442503639  , 0.5888475836431227 , 0.5808823529411765 , 0.5838530984099958 , 0.008779782919868435 ,             111
0.8177298069000244  , 0.010236241438615757  , 0.010195684432983399 , 0.0018981881786989461 , entropy        ,              15,                   ,                      2,                       2, best          , "{'criterion': 'entropy', 'max_depth': 15, 'max_features': None, 'min_samples_leaf': 2, 'min_samples_split': 2, 'splitter': 'best'}"       , 0.594059405940594  , 0.5951147298297558 , 0.5932809149392423 , 0.5859318346627991 , 0.549777117384844  , 0.5836328005514471 , 0.017234429213963662 ,             112
0.0742497444152832  , 0.0051003085288581365 , 0.008694219589233398 , 0.0003210723935115936 , gini           ,              25,                   ,                      8,                      20, random        , "{'criterion': 'gini', 'max_depth': 25, 'max_features': None, 'min_samples_leaf': 8, 'min_samples_split': 20, 'splitter': 'random'}"       , 0.5897435897435898 , 0.5862324204293117 , 0.5856515373352855 , 0.5762463343108505 , 0.580015026296018  , 0.5835777816230111 , 0.004812652178101103 ,             113
0.0755457878112793  , 0.0029621745177968815 , 0.010327959060668945 , 0.0017665152567891557 , gini           ,                ,                   ,                      8,                      20, random        , "{'criterion': 'gini', 'max_depth': None, 'max_features': None, 'min_samples_leaf': 8, 'min_samples_split': 20, 'splitter': 'random'}"     , 0.5897435897435898 , 0.5862324204293117 , 0.5856515373352855 , 0.5762463343108505 , 0.580015026296018  , 0.5835777816230111 , 0.004812652178101103 ,             113
0.0645942211151123  , 0.002395799671256457  , 0.00891127586364746  , 0.0009745554933715764 , gini           ,              15,                   ,                      2,                      20, random        , "{'criterion': 'gini', 'max_depth': 15, 'max_features': None, 'min_samples_leaf': 2, 'min_samples_split': 20, 'splitter': 'random'}"       , 0.5783633841886269 , 0.5831622176591376 , 0.5899379738111648 , 0.5848423876592891 , 0.580983606557377  , 0.583457913975119  , 0.0039005591936317613,             115
0.1422504425048828  , 0.028342867376792345  , 0.014422798156738281 , 0.004720690892440134  , entropy        ,              20,                   ,                      1,                      20, random        , "{'criterion': 'entropy', 'max_depth': 20, 'max_features': None, 'min_samples_leaf': 1, 'min_samples_split': 20, 'splitter': 'random'}"    , 0.5838414634146342 , 0.586764705882353  , 0.5928099779897286 , 0.5750943396226416 , 0.5783308931185944 , 0.5833682760055903 , 0.006240811296753106 ,             116
0.07130231857299804 , 0.003841360993668778  , 0.010111379623413085 , 0.00163283585854385   , entropy        ,              15,                   ,                      8,                      20, random        , "{'criterion': 'entropy', 'max_depth': 15, 'max_features': None, 'min_samples_leaf': 8, 'min_samples_split': 20, 'splitter': 'random'}"    , 0.5780682643427741 , 0.5848527349228612 , 0.6022651565622918 , 0.5887913571910871 , 0.5612177365982793 , 0.5830390499234588 , 0.013467739923170808 ,             117
0.07139463424682617 , 0.003371077943769883  , 0.0083587646484375   , 0.0002993350492341435 , gini           ,              20,                   ,                      4,                      20, random        , "{'criterion': 'gini', 'max_depth': 20, 'max_features': None, 'min_samples_leaf': 4, 'min_samples_split': 20, 'splitter': 'random'}"       , 0.5817344589409056 , 0.5610658771280533 , 0.5992932862190813 , 0.5756457564575646 , 0.5968882602545968 , 0.5829255278000404 , 0.014107582759557681 ,             118
0.6293429851531982  , 0.02108622627361998   , 0.00833721160888672  , 0.00024979848073565796, gini           ,              15,                   ,                      4,                      10, best          , "{'criterion': 'gini', 'max_depth': 15, 'max_features': None, 'min_samples_leaf': 4, 'min_samples_split': 10, 'splitter': 'best'}"         , 0.5787490580256217 , 0.5854700854700855 , 0.5809659090909091 , 0.5822970007315289 , 0.5862068965517241 , 0.5827377899739739 , 0.002783665881591851 ,             119
0.06777944564819335 , 0.004103687116965777  , 0.006841850280761719 , 0.0006773903657413768 , gini           ,              10, sqrt              ,                      1,                      20, best          , "{'criterion': 'gini', 'max_depth': 10, 'max_features': 'sqrt', 'min_samples_leaf': 1, 'min_samples_split': 20, 'splitter': 'best'}"       , 0.5886026541764247 , 0.5915136162127929 , 0.5795006570302234 , 0.5722070844686649 , 0.5806010928961749 , 0.5824850209568562 , 0.006885238702389253 ,             120
0.8235333442687989  , 0.019559377315707872  , 0.010533714294433593 , 0.0022356036630631388 , entropy        ,              15,                   ,                      4,                      10, best          , "{'criterion': 'entropy', 'max_depth': 15, 'max_features': None, 'min_samples_leaf': 4, 'min_samples_split': 10, 'splitter': 'best'}"      , 0.5950782997762863 , 0.5949820788530465 , 0.5963938973647711 , 0.5804145818441744 , 0.5454545454545454 , 0.5824646806585647 , 0.019410124862159865 ,             121
0.06469287872314453 , 0.004015621410902247  , 0.0059278011322021484, 0.0003087298742446236 , entropy        ,              10, log2              ,                      1,                       2, best          , "{'criterion': 'entropy', 'max_depth': 10, 'max_features': 'log2', 'min_samples_leaf': 1, 'min_samples_split': 2, 'splitter': 'best'}"     , 0.5853333333333334 , 0.5835734870317003 , 0.5831234256926953 , 0.5872576177285319 , 0.5729099157485418 , 0.5824395559069606 , 0.004983075089506693 ,             122
0.7959288120269775  , 0.018473145308004077  , 0.010224580764770508 , 0.002490071778118353  , entropy        ,              15,                   ,                      4,                      20, best          , "{'criterion': 'entropy', 'max_depth': 15, 'max_features': None, 'min_samples_leaf': 4, 'min_samples_split': 20, 'splitter': 'best'}"      , 0.5901162790697675 , 0.5948644793152639 , 0.5944103612815269 , 0.5835095137420718 , 0.5472496473906912 , 0.5820300561598643 , 0.01786195399431033  ,             123
0.1303709030151367  , 0.020720975284835335  , 0.011617612838745118 , 0.0016063048407209193 , entropy        ,              20,                   ,                      4,                      10, random        , "{'criterion': 'entropy', 'max_depth': 20, 'max_features': None, 'min_samples_leaf': 4, 'min_samples_split': 10, 'splitter': 'random'}"    , 0.5953488372093023 , 0.5836298932384342 , 0.5777777777777777 , 0.5814788226848528 , 0.5716429107276819 , 0.5819756483276097 , 0.007825766751850254 ,             124
0.0707390308380127  , 0.007468750164168495  , 0.008784961700439454 , 0.0006147259071208544 , gini           ,              15,                   ,                      1,                      20, random        , "{'criterion': 'gini', 'max_depth': 15, 'max_features': None, 'min_samples_leaf': 1, 'min_samples_split': 20, 'splitter': 'random'}"       , 0.5920114122681883 , 0.6114206128133705 , 0.5867828612926652 , 0.5591549295774648 , 0.5603932584269663 , 0.581952614875731  , 0.01988674882089684  ,             125
0.8011502742767334  , 0.009668960557668691  , 0.009472894668579101 , 0.0005678285396539753 , entropy        ,              15,                   ,                      4,                       2, best          , "{'criterion': 'entropy', 'max_depth': 15, 'max_features': None, 'min_samples_leaf': 4, 'min_samples_split': 2, 'splitter': 'best'}"       , 0.5890308039068369 , 0.5995623632385121 , 0.5916083916083916 , 0.5784172661870504 , 0.5505376344086022 , 0.5818312918698787 , 0.017045610070709864 ,             126
0.8388967990875245  , 0.019070154846472103  , 0.009393262863159179 , 0.000826602658775667  , entropy        ,              15,                   ,                      4,                       5, best          , "{'criterion': 'entropy', 'max_depth': 15, 'max_features': None, 'min_samples_leaf': 4, 'min_samples_split': 5, 'splitter': 'best'}"       , 0.5890308039068369 , 0.5995623632385121 , 0.5916083916083916 , 0.5784172661870504 , 0.5505376344086022 , 0.5818312918698787 , 0.017045610070709864 ,             126
0.6604863166809082  , 0.009862957294495968  , 0.009303045272827149 , 0.0018643538794716774 , gini           ,              15,                   ,                      4,                      20, best          , "{'criterion': 'gini', 'max_depth': 15, 'max_features': None, 'min_samples_leaf': 4, 'min_samples_split': 20, 'splitter': 'best'}"         , 0.5729244577412117 , 0.5910364145658263 , 0.5796089385474861 , 0.5808770668583753 , 0.5824561403508772 , 0.5813806036127553 , 0.005818766429473304 ,             128
0.7176075458526612  , 0.0180703442715853    , 0.008557271957397462 , 0.0011076040844181351 , gini           ,              25,                   ,                      8,                      20, best          , "{'criterion': 'gini', 'max_depth': 25, 'max_features': None, 'min_samples_leaf': 8, 'min_samples_split': 20, 'splitter': 'best'}"         , 0.5688671556642216 , 0.5989304812834224 , 0.5865237366003063 , 0.580441640378549  , 0.5707692307692308 , 0.581106448939146  , 0.01099221073667939  ,             129
0.6697263240814209  , 0.01753613891990399   , 0.0072060108184814455, 0.00045132792946636326, gini           ,                ,                   ,                      8,                      20, best          , "{'criterion': 'gini', 'max_depth': None, 'max_features': None, 'min_samples_leaf': 8, 'min_samples_split': 20, 'splitter': 'best'}"       , 0.5663140764849471 , 0.5992337164750958 , 0.5851795263559969 , 0.580441640378549  , 0.572972972972973  , 0.5808283865335124 , 0.011226850662538675 ,             130
0.0773094654083252  , 0.005035464983583631  , 0.008797693252563476 , 0.0003634733706220264 , gini           ,              25,                   ,                      4,                      20, random        , "{'criterion': 'gini', 'max_depth': 25, 'max_features': None, 'min_samples_leaf': 4, 'min_samples_split': 20, 'splitter': 'random'}"       , 0.5791505791505791 , 0.593050193050193  , 0.5621703089675961 , 0.5887640449438202 , 0.5795795795795796 , 0.5805429411383536 , 0.01062485998445479  ,             131
0.6830274105072022  , 0.009886153746078543  , 0.009804916381835938 , 0.001706467028003543  , gini           ,              15,                   ,                      1,                      20, best          , "{'criterion': 'gini', 'max_depth': 15, 'max_features': None, 'min_samples_leaf': 1, 'min_samples_split': 20, 'splitter': 'best'}"         , 0.5727272727272728 , 0.5832147937411095 , 0.5790229885057471 , 0.591776798825257  , 0.5759312320916905 , 0.5805346171782154 , 0.00660304168497064  ,             132
0.07694821357727051 , 0.004461285114898673  , 0.009420204162597656 , 0.0010989504241630354 , entropy        ,              15,                   ,                      4,                       2, random        , "{'criterion': 'entropy', 'max_depth': 15, 'max_features': None, 'min_samples_leaf': 4, 'min_samples_split': 2, 'splitter': 'random'}"     , 0.5758426966292135 , 0.606694560669456  , 0.5618729096989966 , 0.5836154366960055 , 0.5730027548209367 , 0.5802056717029217 , 0.014968603554003212 ,             133
0.07424759864807129 , 0.007300137714315058  , 0.008681631088256836 , 0.00015144460747345835, entropy        ,              15,                   ,                      4,                       5, random        , "{'criterion': 'entropy', 'max_depth': 15, 'max_features': None, 'min_samples_leaf': 4, 'min_samples_split': 5, 'splitter': 'random'}"     , 0.5758426966292135 , 0.606694560669456  , 0.5618729096989966 , 0.5836154366960055 , 0.5730027548209367 , 0.5802056717029217 , 0.014968603554003212 ,             133
0.07413115501403808 , 0.010894895498330961  , 0.010272216796875    , 0.0021584365737465313 , gini           ,              20,                   ,                      8,                      20, random        , "{'criterion': 'gini', 'max_depth': 20, 'max_features': None, 'min_samples_leaf': 8, 'min_samples_split': 20, 'splitter': 'random'}"       , 0.5916981132075472 , 0.5874538745387454 , 0.5662033650329188 , 0.5930232558139535 , 0.5609397944199707 , 0.579863680602627  , 0.013531865714150363 ,             135
0.0756075382232666  , 0.0032164549684064584 , 0.009152793884277343 , 0.0011491784871362697 , gini           ,                ,                   ,                      4,                      20, random        , "{'criterion': 'gini', 'max_depth': None, 'max_features': None, 'min_samples_leaf': 4, 'min_samples_split': 20, 'splitter': 'random'}"     , 0.5800933125972006 , 0.5868725868725869 , 0.5839080459770115 , 0.5714285714285714 , 0.5765496639283048 , 0.5797704361607351 , 0.005433685487801809 ,             136
0.10465431213378906 , 0.016632448441003603  , 0.012496662139892579 , 0.0035293027722079562 , entropy        ,              25,                   ,                      4,                      20, random        , "{'criterion': 'entropy', 'max_depth': 25, 'max_features': None, 'min_samples_leaf': 4, 'min_samples_split': 20, 'splitter': 'random'}"    , 0.5784469096671949 , 0.6005873715124816 , 0.5636363636363636 , 0.5579268292682927 , 0.5980015372790162 , 0.5797198022726698 , 0.01734882247959797  ,             137
0.06502285003662109 , 0.0016465261960736189 , 0.008859825134277344 , 0.0010417084940945547 , gini           ,              15,                   ,                      4,                      20, random        , "{'criterion': 'gini', 'max_depth': 15, 'max_features': None, 'min_samples_leaf': 4, 'min_samples_split': 20, 'splitter': 'random'}"       , 0.5800988002822866 , 0.5934676858929813 , 0.5838343353373413 , 0.5579227696404794 , 0.5818181818181818 , 0.5794283545942541 , 0.011706121863441577 ,             138
0.7085038661956787  , 0.02104208649120103   , 0.008289146423339843 , 0.0004825432165988015 , gini           ,              20,                   ,                      8,                      20, best          , "{'criterion': 'gini', 'max_depth': 20, 'max_features': None, 'min_samples_leaf': 8, 'min_samples_split': 20, 'splitter': 'best'}"         , 0.565008025682183  , 0.5952732644017725 , 0.5853293413173652 , 0.5802948021722265 , 0.5701425356339085 , 0.5792095938414912 , 0.01077558890160517  ,             139
0.10108461380004882 , 0.01818983332550297   , 0.010956478118896485 , 0.002263589697464668  , entropy        ,              20,                   ,                      4,                       2, random        , "{'criterion': 'entropy', 'max_depth': 20, 'max_features': None, 'min_samples_leaf': 4, 'min_samples_split': 2, 'splitter': 'random'}"     , 0.5933897002305919 , 0.5843866171003718 , 0.5760709010339734 , 0.5691056910569106 , 0.5714285714285714 , 0.5788762961700838 , 0.008942103825733154 ,             140
0.10728726387023926 , 0.011067035560884312  , 0.015346813201904296 , 0.004265155054900764  , entropy        ,              20,                   ,                      4,                       5, random        , "{'criterion': 'entropy', 'max_depth': 20, 'max_features': None, 'min_samples_leaf': 4, 'min_samples_split': 5, 'splitter': 'random'}"     , 0.5933897002305919 , 0.5843866171003718 , 0.5760709010339734 , 0.5691056910569106 , 0.5714285714285714 , 0.5788762961700838 , 0.008942103825733154 ,             140
0.08107080459594726 , 0.00660153272085218   , 0.008873176574707032 , 0.0005633963580515364 , gini           ,              25,                   ,                      2,                      20, random        , "{'criterion': 'gini', 'max_depth': 25, 'max_features': None, 'min_samples_leaf': 2, 'min_samples_split': 20, 'splitter': 'random'}"       , 0.5894245723172629 , 0.5897435897435898 , 0.5718496683861459 , 0.5731800766283525 , 0.5695364238410596 , 0.578746866183282  , 0.008925626800248533 ,             142
0.7464607715606689  , 0.005847319016043659  , 0.00830998420715332  , 0.00022102981910098048, gini           ,              20,                   ,                      2,                       5, best          , "{'criterion': 'gini', 'max_depth': 20, 'max_features': None, 'min_samples_leaf': 2, 'min_samples_split': 5, 'splitter': 'best'}"          , 0.5642737896494157 , 0.6068111455108359 , 0.5794094173982443 , 0.5732899022801303 , 0.5684547638110489 , 0.578447803729935  , 0.0150517196836002   ,             143
0.07743330001831054 , 0.002175761874854454  , 0.006280040740966797 , 0.0008516831665138895 , entropy        ,              10, sqrt              ,                      2,                      20, best          , "{'criterion': 'entropy', 'max_depth': 10, 'max_features': 'sqrt', 'min_samples_leaf': 2, 'min_samples_split': 20, 'splitter': 'best'}"    , 0.5684754521963824 , 0.5837628865979382 , 0.5623376623376624 , 0.5986754966887418 , 0.5769478428847392 , 0.5780398681410928 , 0.012631800698484495 ,             144
0.0682340145111084  , 0.003137149651107951  , 0.007389259338378906 , 0.0008640690793147317 , gini           ,              10, sqrt              ,                      4,                      20, best          , "{'criterion': 'gini', 'max_depth': 10, 'max_features': 'sqrt', 'min_samples_leaf': 4, 'min_samples_split': 20, 'splitter': 'best'}"       , 0.5997229916897507 , 0.5965870307167236 , 0.5694540428472702 , 0.5763358778625954 , 0.5473684210526316 , 0.5778936728337942 , 0.019138473640493876 ,             145
0.06905698776245117 , 0.0015956041667261498 , 0.00811457633972168  , 0.0004898217188290268 , gini           ,              15,                   ,                      2,                      10, random        , "{'criterion': 'gini', 'max_depth': 15, 'max_features': None, 'min_samples_leaf': 2, 'min_samples_split': 10, 'splitter': 'random'}"       , 0.5884016973125884 , 0.5849056603773585 , 0.5657104736490994 , 0.5855978260869565 , 0.564755838641189  , 0.5778742992134384 , 0.010392032313910086 ,             146
0.0730656623840332  , 0.0028147151887774205 , 0.008969831466674804 , 0.0012775808860548566 , gini           ,              15,                   ,                      2,                       2, random        , "{'criterion': 'gini', 'max_depth': 15, 'max_features': None, 'min_samples_leaf': 2, 'min_samples_split': 2, 'splitter': 'random'}"        , 0.5849624060150376 , 0.592375366568915  , 0.5539112050739958 , 0.5724907063197026 , 0.5851905104241553 , 0.5777860388803612 , 0.013544173379782613 ,             147
0.10120034217834473 , 0.006352108420064838  , 0.005969619750976563 , 0.0003613375772970793 , entropy        ,              15, sqrt              ,                      1,                       5, best          , "{'criterion': 'entropy', 'max_depth': 15, 'max_features': 'sqrt', 'min_samples_leaf': 1, 'min_samples_split': 5, 'splitter': 'best'}"     , 0.5750184774575019 , 0.6050420168067226 , 0.5573770491803278 , 0.5914221218961625 , 0.5588880760790051 , 0.5775495482839441 , 0.018492542867718127 ,             148
0.07679028511047363 , 0.0028283688122141925 , 0.006640005111694336 , 0.0007355839580526984 , entropy        ,              10, sqrt              ,                      4,                       5, best          , "{'criterion': 'entropy', 'max_depth': 10, 'max_features': 'sqrt', 'min_samples_leaf': 4, 'min_samples_split': 5, 'splitter': 'best'}"     , 0.5764248704663213 , 0.5923984272608126 , 0.5687679083094556 , 0.5900581020012912 , 0.5597523219814241 , 0.577480326003861  , 0.012426202390491168 ,             149
0.07829422950744629 , 0.0032910626793359776 , 0.006367206573486328 , 0.0007411782603295808 , entropy        ,              10, sqrt              ,                      4,                       2, best          , "{'criterion': 'entropy', 'max_depth': 10, 'max_features': 'sqrt', 'min_samples_leaf': 4, 'min_samples_split': 2, 'splitter': 'best'}"     , 0.5764248704663213 , 0.5923984272608126 , 0.5687679083094556 , 0.5900581020012912 , 0.5597523219814241 , 0.577480326003861  , 0.012426202390491168 ,             149
0.10767593383789062 , 0.039967244011396966  , 0.014624214172363282 , 0.008093143641076108  , entropy        ,                ,                   ,                      4,                      20, random        , "{'criterion': 'entropy', 'max_depth': None, 'max_features': None, 'min_samples_leaf': 4, 'min_samples_split': 20, 'splitter': 'random'}"  , 0.5858267716535434 , 0.5833333333333334 , 0.5740458015267176 , 0.5621703089675961 , 0.5814307458143074 , 0.5773613922590995 , 0.008551590732926004 ,             151
1.0323246002197266  , 0.01199470109866319   , 0.013076591491699218 , 0.0034861788587877444 , entropy        ,              20,                   ,                      2,                      20, best          , "{'criterion': 'entropy', 'max_depth': 20, 'max_features': None, 'min_samples_leaf': 2, 'min_samples_split': 20, 'splitter': 'best'}"      , 0.5880398671096345 , 0.59247889485802   , 0.5875457875457876 , 0.5643410852713179 , 0.5535444947209653 , 0.5771900259011451 , 0.01538126644702739  ,             152
0.07102723121643066 , 0.0015885254883724555 , 0.006012821197509765 , 0.0004958062245400475 , gini           ,              10, sqrt              ,                      2,                       5, best          , "{'criterion': 'gini', 'max_depth': 10, 'max_features': 'sqrt', 'min_samples_leaf': 2, 'min_samples_split': 5, 'splitter': 'best'}"        , 0.560558021559924  , 0.6101694915254238 , 0.5697924123120973 , 0.564299424184261  , 0.5811023622047244 , 0.5771843423572862 , 0.017891155549849356 ,             153
0.06757917404174804 , 0.0029892829814861114 , 0.006139612197875977 , 0.0004665601618390526 , entropy        ,              10, log2              ,                      4,                      10, best          , "{'criterion': 'entropy', 'max_depth': 10, 'max_features': 'log2', 'min_samples_leaf': 4, 'min_samples_split': 10, 'splitter': 'best'}"    , 0.5718390804597702 , 0.5892744479495268 , 0.5562422744128553 , 0.5858453473132372 , 0.5813806206459785 , 0.5769163541562736 , 0.011879186484919502 ,             154
0.9673667430877686  , 0.020072094525881885  , 0.009383249282836913 , 0.0006821776008187301 , entropy        ,              20,                   ,                      8,                       5, best          , "{'criterion': 'entropy', 'max_depth': 20, 'max_features': None, 'min_samples_leaf': 8, 'min_samples_split': 5, 'splitter': 'best'}"       , 0.5926544240400667 , 0.5755287009063444 , 0.5964391691394659 , 0.5639445300462249 , 0.5555555555555556 , 0.5768244759375316 , 0.01584463606173544  ,             155
0.9871005058288574  , 0.008078907447929004  , 0.012328767776489257 , 0.0022853092055394627 , entropy        ,              20,                   ,                      8,                      10, best          , "{'criterion': 'entropy', 'max_depth': 20, 'max_features': None, 'min_samples_leaf': 8, 'min_samples_split': 10, 'splitter': 'best'}"      , 0.5926544240400667 , 0.5755287009063444 , 0.5964391691394659 , 0.5639445300462249 , 0.5555555555555556 , 0.5768244759375316 , 0.01584463606173544  ,             155
1.0530715942382813  , 0.031338692585552254  , 0.012369155883789062 , 0.0019423128136857827 , entropy        ,              20,                   ,                      8,                       2, best          , "{'criterion': 'entropy', 'max_depth': 20, 'max_features': None, 'min_samples_leaf': 8, 'min_samples_split': 2, 'splitter': 'best'}"       , 0.5926544240400667 , 0.5755287009063444 , 0.5964391691394659 , 0.5639445300462249 , 0.5555555555555556 , 0.5768244759375316 , 0.01584463606173544  ,             155
0.7246089458465577  , 0.005340338804726092  , 0.008501672744750976 , 0.00018268057828911305, gini           ,              20,                   ,                      2,                      10, best          , "{'criterion': 'gini', 'max_depth': 20, 'max_features': None, 'min_samples_leaf': 2, 'min_samples_split': 10, 'splitter': 'best'}"         , 0.5658217497955846 , 0.5911854103343465 , 0.5798908807482464 , 0.5764895330112721 , 0.5698587127158555 , 0.5766492573210611 , 0.008777013090727332 ,             158
0.08747701644897461 , 0.0032763576889120252 , 0.006804323196411133 , 0.0002957386033769876 , entropy        ,              10, sqrt              ,                      1,                       5, best          , "{'criterion': 'entropy', 'max_depth': 10, 'max_features': 'sqrt', 'min_samples_leaf': 1, 'min_samples_split': 5, 'splitter': 'best'}"     , 0.5694087403598972 , 0.6088737201365187 , 0.5536507936507936 , 0.5927868852459016 , 0.557648831951771  , 0.5764737942689765 , 0.02117099753740315  ,             159
0.07404356002807617 , 0.001936604642273457  , 0.008896446228027344 , 0.0005084022619625191 , gini           ,              20,                   ,                      2,                      20, random        , "{'criterion': 'gini', 'max_depth': 20, 'max_features': None, 'min_samples_leaf': 2, 'min_samples_split': 20, 'splitter': 'random'}"       , 0.5696302124311565 , 0.5820029027576198 , 0.5749636098981077 , 0.5787878787878787 , 0.5768958185683912 , 0.5764560844886308 , 0.004128385480365495 ,             160
1.413798952102661   , 0.01730114297530628   , 0.01566205024719238  , 0.006145774259472273  , entropy        ,              20,                   ,                      1,                      20, best          , "{'criterion': 'entropy', 'max_depth': 20, 'max_features': None, 'min_samples_leaf': 1, 'min_samples_split': 20, 'splitter': 'best'}"      , 0.5840266222961731 , 0.593558282208589  , 0.5879765395894428 , 0.5598755832037325 , 0.5563114134542706 , 0.5763496881504416 , 0.015252431204991547 ,             161
0.7431750297546387  , 0.009187953806886433  , 0.009210681915283203 , 0.0006836432746100919 , gini           ,              20,                   ,                      2,                       2, best          , "{'criterion': 'gini', 'max_depth': 20, 'max_features': None, 'min_samples_leaf': 2, 'min_samples_split': 2, 'splitter': 'best'}"          , 0.5596026490066225 , 0.593050193050193  , 0.5792437650844731 , 0.5826513911620295 , 0.5671167593328038 , 0.5763329515272244 , 0.011770326249653082 ,             162
0.07860035896301269 , 0.004834785252655971  , 0.006556034088134766 , 0.0006341063826930821 , entropy        ,              10, sqrt              ,                      4,                      10, best          , "{'criterion': 'entropy', 'max_depth': 10, 'max_features': 'sqrt', 'min_samples_leaf': 4, 'min_samples_split': 10, 'splitter': 'best'}"    , 0.599721059972106  , 0.5886332882273342 , 0.5755208333333334 , 0.5378787878787878 , 0.5796344647519582 , 0.576277686832704  , 0.020921610148685918 ,             163
0.09356727600097656 , 0.007017929181523404  , 0.0061070919036865234, 0.0008056397263913548 , entropy        ,              15, sqrt              ,                      1,                      20, best          , "{'criterion': 'entropy', 'max_depth': 15, 'max_features': 'sqrt', 'min_samples_leaf': 1, 'min_samples_split': 20, 'splitter': 'best'}"    , 0.5787172011661808 , 0.5794137695978187 , 0.5682295311406578 , 0.5829351535836177 , 0.5720164609053497 , 0.576262423278725  , 0.005348603563536577 ,             164
0.9278153419494629  , 0.0140191365658203    , 0.00900888442993164  , 0.0007421062054244524 , entropy        ,              20,                   ,                      8,                      20, best          , "{'criterion': 'entropy', 'max_depth': 20, 'max_features': None, 'min_samples_leaf': 8, 'min_samples_split': 20, 'splitter': 'best'}"      , 0.5913185913185913 , 0.5878833208676141 , 0.5906344410876133 , 0.5611068408916219 , 0.550185873605948  , 0.5762258135542777 , 0.01719278785819567  ,             165
0.07010235786437988 , 0.002388847750351502  , 0.006424474716186524 , 0.0008373912104884516 , gini           ,              10, sqrt              ,                      2,                      10, best          , "{'criterion': 'gini', 'max_depth': 10, 'max_features': 'sqrt', 'min_samples_leaf': 2, 'min_samples_split': 10, 'splitter': 'best'}"       , 0.5726872246696035 , 0.5939123979213066 , 0.5573314801945796 , 0.5797101449275363 , 0.5742705570291777 , 0.5755823609484407 , 0.011800221590224475 ,             166
0.07635955810546875 , 0.00462941256975888   , 0.006101369857788086 , 0.0005476169282882182 , entropy        ,              10, sqrt              ,                      2,                      10, best          , "{'criterion': 'entropy', 'max_depth': 10, 'max_features': 'sqrt', 'min_samples_leaf': 2, 'min_samples_split': 10, 'splitter': 'best'}"    , 0.5712426805465192 , 0.5718032786885245 , 0.5823957643944407 , 0.5806451612903226 , 0.5710643722115998 , 0.5754302514262812 , 0.005009296122816528 ,             167
1.040764617919922   , 0.023563879523577597  , 0.014568805694580078 , 0.006456235344583775  , entropy        ,              20,                   ,                      2,                      10, best          , "{'criterion': 'entropy', 'max_depth': 20, 'max_features': None, 'min_samples_leaf': 2, 'min_samples_split': 10, 'splitter': 'best'}"      , 0.5871080139372822 , 0.589825119236884  , 0.5757806549885758 , 0.5729898516783762 , 0.5508145849495734 , 0.5753036449581383 , 0.013823976130171457 ,             168
0.06052398681640625 , 0.005936546254337114  , 0.007343578338623047 , 0.0006236164225408285 , gini           ,              15,                   ,                      1,                       2, random        , "{'criterion': 'gini', 'max_depth': 15, 'max_features': None, 'min_samples_leaf': 1, 'min_samples_split': 2, 'splitter': 'random'}"        , 0.5924812030075188 , 0.5740318906605922 , 0.5693106004447739 , 0.5663716814159292 , 0.5740740740740741 , 0.5752538899205777 , 0.009098152356734964 ,             169
1.1341707706451416  , 0.03067553765218004   , 0.010425901412963868 , 0.0014807724834444507 , entropy        ,              20,                   ,                      4,                      20, best          , "{'criterion': 'entropy', 'max_depth': 20, 'max_features': None, 'min_samples_leaf': 4, 'min_samples_split': 20, 'splitter': 'best'}"      , 0.5881383855024712 , 0.581570996978852  , 0.5853658536585366 , 0.5692657077971234 , 0.5513108614232209 , 0.5751303610720407 , 0.0135441391052375   ,             170
0.6798039436340332  , 0.011946522154687375  , 0.008724737167358398 , 0.0009119166186939174 , gini           ,              20,                   ,                      1,                       2, best          , "{'criterion': 'gini', 'max_depth': 20, 'max_features': None, 'min_samples_leaf': 1, 'min_samples_split': 2, 'splitter': 'best'}"          , 0.5649520488230165 , 0.5843949044585988 , 0.5782537067545305 , 0.5749385749385749 , 0.5730706075533661 , 0.5751219685056175 , 0.00637909252096575  ,             171
0.11060361862182617 , 0.004755110289843417  , 0.011269474029541015 , 0.003383564580698685  , entropy        ,              20,                   ,                      2,                      10, random        , "{'criterion': 'entropy', 'max_depth': 20, 'max_features': None, 'min_samples_leaf': 2, 'min_samples_split': 10, 'splitter': 'random'}"    , 0.5921787709497207 , 0.5901639344262295 , 0.5752212389380531 , 0.570779712339137  , 0.5472118959107807 , 0.5751111105127842 , 0.016217471161541378 ,             172
1.0100820064544678  , 0.019211692331174417  , 0.00936574935913086  , 0.0012157193479288076 , entropy        ,                ,                   ,                      8,                      10, best          , "{'criterion': 'entropy', 'max_depth': None, 'max_features': None, 'min_samples_leaf': 8, 'min_samples_split': 10, 'splitter': 'best'}"    , 0.5807504078303426 , 0.5712012728719172 , 0.5922330097087378 , 0.5702875399361023 , 0.5600624024960998 , 0.57490692656864   , 0.010860662294303962 ,             173
1.1270135402679444  , 0.07177498140168945   , 0.014155244827270508 , 0.0035722913340106395 , entropy        ,                ,                   ,                      8,                       2, best          , "{'criterion': 'entropy', 'max_depth': None, 'max_features': None, 'min_samples_leaf': 8, 'min_samples_split': 2, 'splitter': 'best'}"     , 0.5807504078303426 , 0.5712012728719172 , 0.5922330097087378 , 0.5702875399361023 , 0.5600624024960998 , 0.57490692656864   , 0.010860662294303962 ,             173
1.086416482925415   , 0.019556813204985722  , 0.010655784606933593 , 0.0009150041585359144 , entropy        ,                ,                   ,                      8,                       5, best          , "{'criterion': 'entropy', 'max_depth': None, 'max_features': None, 'min_samples_leaf': 8, 'min_samples_split': 5, 'splitter': 'best'}"     , 0.5807504078303426 , 0.5712012728719172 , 0.5922330097087378 , 0.5702875399361023 , 0.5600624024960998 , 0.57490692656864   , 0.010860662294303962 ,             173
1.4710395812988282  , 0.010573758026288878  , 0.017969799041748048 , 0.005600558867809123  , entropy        ,              20,                   ,                      1,                      10, best          , "{'criterion': 'entropy', 'max_depth': 20, 'max_features': None, 'min_samples_leaf': 1, 'min_samples_split': 10, 'splitter': 'best'}"      , 0.5822339489885664 , 0.5955056179775281 , 0.5784615384615385 , 0.565008025682183  , 0.5532245532245532 , 0.5748867368668739 , 0.014551550607971763 ,             176
0.06774063110351562 , 0.0035717960155538676 , 0.006698513031005859 , 0.00041495731719795793, gini           ,              10, sqrt              ,                      8,                      20, best          , "{'criterion': 'gini', 'max_depth': 10, 'max_features': 'sqrt', 'min_samples_leaf': 8, 'min_samples_split': 20, 'splitter': 'best'}"       , 0.5898801597869507 , 0.5848563968668408 , 0.576551724137931  , 0.5730843528654218 , 0.5488431876606684 , 0.5746431642635625 , 0.014199911543860575 ,             177
0.05627365112304687 , 0.001955935760272593  , 0.005801963806152344 , 0.0003517224834434162 , gini           ,              10, log2              ,                      8,                       5, best          , "{'criterion': 'gini', 'max_depth': 10, 'max_features': 'log2', 'min_samples_leaf': 8, 'min_samples_split': 5, 'splitter': 'best'}"        , 0.5416401780038144 , 0.5892307692307692 , 0.585043017868961  , 0.5970531710442024 , 0.5594936708860759 , 0.5744921614067645 , 0.020696636538061676 ,             178
0.05661749839782715 , 0.002828989312148206  , 0.006143808364868164 , 0.0001653978952736475 , gini           ,              10, log2              ,                      8,                      10, best          , "{'criterion': 'gini', 'max_depth': 10, 'max_features': 'log2', 'min_samples_leaf': 8, 'min_samples_split': 10, 'splitter': 'best'}"       , 0.5416401780038144 , 0.5892307692307692 , 0.585043017868961  , 0.5970531710442024 , 0.5594936708860759 , 0.5744921614067645 , 0.020696636538061676 ,             178
0.05673160552978516 , 0.0027181201802292144 , 0.0063934803009033205, 0.0006049619025804062 , gini           ,              10, log2              ,                      8,                       2, best          , "{'criterion': 'gini', 'max_depth': 10, 'max_features': 'log2', 'min_samples_leaf': 8, 'min_samples_split': 2, 'splitter': 'best'}"        , 0.5416401780038144 , 0.5892307692307692 , 0.585043017868961  , 0.5970531710442024 , 0.5594936708860759 , 0.5744921614067645 , 0.020696636538061676 ,             178
0.7436188220977783  , 0.008973751481088355  , 0.010288429260253907 , 0.002603302102813922  , gini           ,              20,                   ,                      2,                      20, best          , "{'criterion': 'gini', 'max_depth': 20, 'max_features': None, 'min_samples_leaf': 2, 'min_samples_split': 20, 'splitter': 'best'}"         , 0.5673306772908366 , 0.5854025583145221 , 0.5796661608497724 , 0.5765907305577376 , 0.5624521072796935 , 0.5742884468585124 , 0.00832169794503631  ,             181
0.07164497375488281 , 0.0077205176046019905 , 0.00796976089477539  , 0.0009033866227505745 , gini           ,              20,                   ,                      1,                       2, random        , "{'criterion': 'gini', 'max_depth': 20, 'max_features': None, 'min_samples_leaf': 1, 'min_samples_split': 2, 'splitter': 'random'}"        , 0.5758354755784062 , 0.5771476230191827 , 0.5906480721903199 , 0.5619694397283531 , 0.5651144435674822 , 0.5741430108167489 , 0.010139231154486695 ,             182
0.05759539604187012 , 0.0020267992919345756 , 0.006048250198364258 , 0.00042787816453223796, gini           ,              10, log2              ,                      2,                      20, best          , "{'criterion': 'gini', 'max_depth': 10, 'max_features': 'log2', 'min_samples_leaf': 2, 'min_samples_split': 20, 'splitter': 'best'}"       , 0.5991902834008097 , 0.5664516129032258 , 0.5768476128188358 , 0.5644644002565747 , 0.5632424877707897 , 0.5740392794300472 , 0.013463145559653973 ,             183
0.7433319568634034  , 0.013777565221868517  , 0.008705472946166993 , 0.0007103613703333648 , gini           ,              20,                   ,                      1,                       5, best          , "{'criterion': 'gini', 'max_depth': 20, 'max_features': None, 'min_samples_leaf': 1, 'min_samples_split': 5, 'splitter': 'best'}"          , 0.5588993981083406 , 0.5872             , 0.5741935483870968 , 0.5758564437194127 , 0.5730337078651685 , 0.5738366196160036 , 0.00901723102168674  ,             184
1.169207715988159   , 0.03395928367819286   , 0.010156202316284179 , 0.001141327427913654  , entropy        ,              20,                   ,                      2,                       5, best          , "{'criterion': 'entropy', 'max_depth': 20, 'max_features': None, 'min_samples_leaf': 2, 'min_samples_split': 5, 'splitter': 'best'}"       , 0.5898366606170599 , 0.587943848059455  , 0.5794831636648394 , 0.559610705596107  , 0.552156862745098  , 0.5738062481365118 , 0.015226835138241196 ,             185
0.10389122962951661 , 0.013559331981953726  , 0.012262916564941407 , 0.0034969641672755788 , entropy        ,              20,                   ,                      2,                      20, random        , "{'criterion': 'entropy', 'max_depth': 20, 'max_features': None, 'min_samples_leaf': 2, 'min_samples_split': 20, 'splitter': 'random'}"    , 0.5879732739420935 , 0.5655487804878049 , 0.5761689291101055 , 0.5663082437275986 , 0.5728360309641097 , 0.5737670516463425 , 0.008144032946666411 ,             186
1.0399789810180664  , 0.00949249184054011   , 0.013153076171875    , 0.0029157160624796144 , entropy        ,              25,                   ,                      8,                       2, best          , "{'criterion': 'entropy', 'max_depth': 25, 'max_features': None, 'min_samples_leaf': 8, 'min_samples_split': 2, 'splitter': 'best'}"       , 0.5835370823145885 , 0.5712012728719172 , 0.5886126704089816 , 0.5682539682539682 , 0.5565081839438816 , 0.5736226355586673 , 0.011406905270526305 ,             187
1.1394147872924805  , 0.046512146588475786  , 0.013322734832763672 , 0.0022933585297277323 , entropy        ,              25,                   ,                      8,                       5, best          , "{'criterion': 'entropy', 'max_depth': 25, 'max_features': None, 'min_samples_leaf': 8, 'min_samples_split': 5, 'splitter': 'best'}"       , 0.5835370823145885 , 0.5712012728719172 , 0.5886126704089816 , 0.5682539682539682 , 0.5565081839438816 , 0.5736226355586673 , 0.011406905270526305 ,             187
1.2468196392059325  , 0.02241452602323941   , 0.012023735046386718 , 0.00391972467769396   , entropy        ,              25,                   ,                      8,                      10, best          , "{'criterion': 'entropy', 'max_depth': 25, 'max_features': None, 'min_samples_leaf': 8, 'min_samples_split': 10, 'splitter': 'best'}"      , 0.5835370823145885 , 0.5712012728719172 , 0.5886126704089816 , 0.5682539682539682 , 0.5565081839438816 , 0.5736226355586673 , 0.011406905270526305 ,             187
1.2673593044281006  , 0.01299286208254931   , 0.016784191131591797 , 0.007928263155954475  , entropy        ,              20,                   ,                      1,                       5, best          , "{'criterion': 'entropy', 'max_depth': 20, 'max_features': None, 'min_samples_leaf': 1, 'min_samples_split': 5, 'splitter': 'best'}"       , 0.5870556061987238 , 0.5856905158069884 , 0.579732914375491  , 0.5667485667485668 , 0.5480540111199365 , 0.5734563228499413 , 0.014589606020953437 ,             190
0.13352622985839843 , 0.005544262428486819  , 0.008968782424926759 , 0.0003273036235314954 , entropy        ,              15, sqrt              ,                      1,                       2, best          , "{'criterion': 'entropy', 'max_depth': 15, 'max_features': 'sqrt', 'min_samples_leaf': 1, 'min_samples_split': 2, 'splitter': 'best'}"     , 0.5817655571635311 , 0.5933085501858736 , 0.5632262474367737 , 0.5745140388768899 , 0.5541448842419716 , 0.573391855581008  , 0.013724710504735591 ,             191
0.818228006362915   , 0.026315379718974324  , 0.010032224655151366 , 0.0012769860184004582 , gini           ,              20,                   ,                      8,                       5, best          , "{'criterion': 'gini', 'max_depth': 20, 'max_features': None, 'min_samples_leaf': 8, 'min_samples_split': 5, 'splitter': 'best'}"          , 0.5590361445783133 , 0.5952380952380952 , 0.5843558282208589 , 0.5751937984496124 , 0.552870090634441  , 0.5733387914242641 , 0.015671177857425923 ,             192
0.751106595993042   , 0.03007307854281524   , 0.009650707244873047 , 0.0011134976819712303 , gini           ,              20,                   ,                      8,                       2, best          , "{'criterion': 'gini', 'max_depth': 20, 'max_features': None, 'min_samples_leaf': 8, 'min_samples_split': 2, 'splitter': 'best'}"          , 0.5590361445783133 , 0.5952380952380952 , 0.5843558282208589 , 0.5751937984496124 , 0.552870090634441  , 0.5733387914242641 , 0.015671177857425923 ,             192
0.7863949298858642  , 0.01966102175092006   , 0.010452890396118164 , 0.0022611365725148454 , gini           ,              20,                   ,                      8,                      10, best          , "{'criterion': 'gini', 'max_depth': 20, 'max_features': None, 'min_samples_leaf': 8, 'min_samples_split': 10, 'splitter': 'best'}"         , 0.5590361445783133 , 0.5952380952380952 , 0.5843558282208589 , 0.5751937984496124 , 0.552870090634441  , 0.5733387914242641 , 0.015671177857425923 ,             192
1.068681573867798   , 0.01591334715929581   , 0.01501326560974121  , 0.004327900606442573  , entropy        ,              20,                   ,                      1,                       2, best          , "{'criterion': 'entropy', 'max_depth': 20, 'max_features': None, 'min_samples_leaf': 1, 'min_samples_split': 2, 'splitter': 'best'}"       , 0.5817174515235457 , 0.5845129059117402 , 0.5778132482043097 , 0.5622950819672131 , 0.5601291364003228 , 0.5732935648014263 , 0.010114660847514773 ,             195
0.8363158226013183  , 0.02684309339524074   , 0.006819391250610351 , 0.0002765118036988219 , entropy        ,                ,                   ,                      8,                      20, best          , "{'criterion': 'entropy', 'max_depth': None, 'max_features': None, 'min_samples_leaf': 8, 'min_samples_split': 20, 'splitter': 'best'}"    , 0.587390263367917  , 0.5769828926905132 , 0.5906148867313916 , 0.5594956658786446 , 0.5507020280811232 , 0.573037147349918  , 0.015574254657415255 ,             196
0.8143566608428955  , 0.060052383127772425  , 0.009598970413208008 , 0.0008636613431268085 , gini           ,                ,                   ,                      8,                      10, best          , "{'criterion': 'gini', 'max_depth': None, 'max_features': None, 'min_samples_leaf': 8, 'min_samples_split': 10, 'splitter': 'best'}"       , 0.5598047192839707 , 0.5887850467289719 , 0.5839874411302983 , 0.5732383214568487 , 0.5586854460093896 , 0.5729001949218959 , 0.012238631000248601 ,             197
0.8844729900360108  , 0.02261409914370991   , 0.010018730163574218 , 0.001259473422369336  , gini           ,                ,                   ,                      8,                       5, best          , "{'criterion': 'gini', 'max_depth': None, 'max_features': None, 'min_samples_leaf': 8, 'min_samples_split': 5, 'splitter': 'best'}"        , 0.5598047192839707 , 0.5887850467289719 , 0.5839874411302983 , 0.5732383214568487 , 0.5586854460093896 , 0.5729001949218959 , 0.012238631000248601 ,             197
0.764849042892456   , 0.04179520117581909   , 0.03749027252197266  , 0.037066322903159164  , gini           ,                ,                   ,                      8,                       2, best          , "{'criterion': 'gini', 'max_depth': None, 'max_features': None, 'min_samples_leaf': 8, 'min_samples_split': 2, 'splitter': 'best'}"        , 0.5598047192839707 , 0.5887850467289719 , 0.5839874411302983 , 0.5732383214568487 , 0.5586854460093896 , 0.5729001949218959 , 0.012238631000248601 ,             197
0.7408124923706054  , 0.025324221435122505  , 0.01183619499206543  , 0.002728053612865122  , gini           ,              25,                   ,                      8,                       5, best          , "{'criterion': 'gini', 'max_depth': 25, 'max_features': None, 'min_samples_leaf': 8, 'min_samples_split': 5, 'splitter': 'best'}"          , 0.5597381342062193 , 0.5891472868217055 , 0.5832681782642689 , 0.5732383214568487 , 0.5586854460093896 , 0.5728154733516864 , 0.012221623816405758 ,             200
0.7234536647796631  , 0.010025446438724578  , 0.009263753890991211 , 0.0008995876045368669 , gini           ,              25,                   ,                      8,                       2, best          , "{'criterion': 'gini', 'max_depth': 25, 'max_features': None, 'min_samples_leaf': 8, 'min_samples_split': 2, 'splitter': 'best'}"          , 0.5597381342062193 , 0.5891472868217055 , 0.5832681782642689 , 0.5732383214568487 , 0.5586854460093896 , 0.5728154733516864 , 0.012221623816405758 ,             200
0.7501961708068847  , 0.02166856143204345   , 0.009270334243774414 , 0.0007059136747205118 , gini           ,              25,                   ,                      8,                      10, best          , "{'criterion': 'gini', 'max_depth': 25, 'max_features': None, 'min_samples_leaf': 8, 'min_samples_split': 10, 'splitter': 'best'}"         , 0.5597381342062193 , 0.5891472868217055 , 0.5832681782642689 , 0.5732383214568487 , 0.5586854460093896 , 0.5728154733516864 , 0.012221623816405758 ,             200
0.06557798385620117 , 0.004192467386168916  , 0.006521415710449219 , 0.0006240495504982335 , gini           ,              10, sqrt              ,                      4,                       2, best          , "{'criterion': 'gini', 'max_depth': 10, 'max_features': 'sqrt', 'min_samples_leaf': 4, 'min_samples_split': 2, 'splitter': 'best'}"        , 0.5771276595744681 , 0.5955983493810179 , 0.5721997300944669 , 0.5716057036577805 , 0.5468531468531469 , 0.5726769179121761 , 0.015578468999401804 ,             203
0.06730160713195801 , 0.0026047470523760346 , 0.006915569305419922 , 0.0005024842008231337 , gini           ,              10, sqrt              ,                      4,                       5, best          , "{'criterion': 'gini', 'max_depth': 10, 'max_features': 'sqrt', 'min_samples_leaf': 4, 'min_samples_split': 5, 'splitter': 'best'}"        , 0.5771276595744681 , 0.5955983493810179 , 0.5721997300944669 , 0.5716057036577805 , 0.5468531468531469 , 0.5726769179121761 , 0.015578468999401804 ,             203
1.3102555751800538  , 0.05177496303056421   , 0.011527252197265626 , 0.001530581710575712  , entropy        ,              20,                   ,                      2,                       2, best          , "{'criterion': 'entropy', 'max_depth': 20, 'max_features': None, 'min_samples_leaf': 2, 'min_samples_split': 2, 'splitter': 'best'}"       , 0.5835591689250226 , 0.5836768342951361 , 0.5792349726775956 , 0.560717196414018  , 0.5559055118110237 , 0.5726187368245592 , 0.011888883089453345 ,             205
1.1724461555480956  , 0.026164449155825033  , 0.011183214187622071 , 0.0009892788427243479 , entropy        ,              25,                   ,                      8,                      20, best          , "{'criterion': 'entropy', 'max_depth': 25, 'max_features': None, 'min_samples_leaf': 8, 'min_samples_split': 20, 'splitter': 'best'}"      , 0.58700882117081   , 0.5769828926905132 , 0.5889967637540453 , 0.5595611285266457 , 0.5504300234558248 , 0.5725959259195678 , 0.015213136979283283 ,             206
0.763460111618042   , 0.010320990900618275  , 0.008196449279785157 , 0.0004531385697126741 , gini           ,              20,                   ,                      1,                      10, best          , "{'criterion': 'gini', 'max_depth': 20, 'max_features': None, 'min_samples_leaf': 1, 'min_samples_split': 10, 'splitter': 'best'}"         , 0.5602660016625104 , 0.5865011636927852 , 0.5738993710691824 , 0.5787781350482315 , 0.5632458233890215 , 0.5725380989723463 , 0.009723261245443046 ,             207
0.1404262065887451  , 0.009418003148326045  , 0.012255001068115234 , 0.0025799372134099963 , entropy        ,              20,                   ,                      2,                       2, random        , "{'criterion': 'entropy', 'max_depth': 20, 'max_features': None, 'min_samples_leaf': 2, 'min_samples_split': 2, 'splitter': 'random'}"     , 0.5513338722716249 , 0.590625           , 0.5817091454272864 , 0.5833333333333334 , 0.5550239234449761 , 0.5724050548954441 , 0.016025343912182164 ,             208
0.062455940246582034, 0.0043048040685839265 , 0.00634160041809082  , 0.0006281112665238559 , gini           ,              10, log2              ,                      2,                       2, best          , "{'criterion': 'gini', 'max_depth': 10, 'max_features': 'log2', 'min_samples_leaf': 2, 'min_samples_split': 2, 'splitter': 'best'}"        , 0.5753613214039918 , 0.5825396825396826 , 0.5662891405729513 , 0.5848806366047745 , 0.5469953775038521 , 0.5712132317250505 , 0.01373349357549289  ,             209
0.09530715942382813 , 0.005305927717632809  , 0.007275295257568359 , 0.0012606881136304952 , entropy        ,              15, sqrt              ,                      1,                      10, best          , "{'criterion': 'entropy', 'max_depth': 15, 'max_features': 'sqrt', 'min_samples_leaf': 1, 'min_samples_split': 10, 'splitter': 'best'}"    , 0.5534495830174374 , 0.6029629629629629 , 0.5480572597137015 , 0.5857043719639139 , 0.5655737704918032 , 0.5711495896299639 , 0.020501551676494666 ,             210
0.07990450859069824 , 0.0010531905497615551 , 0.006140899658203125 , 0.0005392139312644405 , entropy        ,              15, log2              ,                      1,                       2, best          , "{'criterion': 'entropy', 'max_depth': 15, 'max_features': 'log2', 'min_samples_leaf': 1, 'min_samples_split': 2, 'splitter': 'best'}"     , 0.5648336727766463 , 0.6065808297567954 , 0.5579761068165847 , 0.5622047244094488 , 0.5640362225097024 , 0.5711263112538355 , 0.017885257215060867 ,             211
0.08246469497680664 , 0.002610768978685917  , 0.010296010971069336 , 0.0025361065399613666 , gini           ,              20,                   ,                      1,                       5, random        , "{'criterion': 'gini', 'max_depth': 20, 'max_features': None, 'min_samples_leaf': 1, 'min_samples_split': 5, 'splitter': 'random'}"        , 0.5740432612312812 , 0.5749185667752443 , 0.5799540933435348 , 0.5788617886178862 , 0.5469387755102041 , 0.5709432970956301 , 0.01221086860319495  ,             212
0.0795522689819336  , 0.0044830194936086865 , 0.006714153289794922 , 0.0002769224314242308 , entropy        ,              10, sqrt              ,                      2,                       5, best          , "{'criterion': 'entropy', 'max_depth': 10, 'max_features': 'sqrt', 'min_samples_leaf': 2, 'min_samples_split': 5, 'splitter': 'best'}"     , 0.5698324022346368 , 0.5953878406708596 , 0.5587467362924282 , 0.5870206489675516 , 0.5431438127090301 , 0.5708262881749012 , 0.01886133618467376  ,             213
0.7553994178771972  , 0.01796852168722458   , 0.009833717346191406 , 0.0013232432149099217 , gini           ,              20,                   ,                      1,                      20, best          , "{'criterion': 'gini', 'max_depth': 20, 'max_features': None, 'min_samples_leaf': 1, 'min_samples_split': 20, 'splitter': 'best'}"         , 0.559610705596107  , 0.5825688073394495 , 0.575113808801214  , 0.5774647887323944 , 0.558530986993114  , 0.5706578194924558 , 0.00976894154297653  ,             214
0.0683588981628418  , 0.002366243335214677  , 0.006097650527954102 , 0.0008235513987748368 , entropy        ,              10, log2              ,                      1,                      10, best          , "{'criterion': 'entropy', 'max_depth': 10, 'max_features': 'log2', 'min_samples_leaf': 1, 'min_samples_split': 10, 'splitter': 'best'}"    , 0.551826994780015  , 0.5927802406586448 , 0.5891472868217055 , 0.5402439024390244 , 0.579179810725552  , 0.5706356470849884 , 0.020897320913246354 ,             215
0.07761244773864746 , 0.005890930555983863  , 0.0066112041473388675, 0.0005404048465175485 , entropy        ,              10, sqrt              ,                      1,                      20, best          , "{'criterion': 'entropy', 'max_depth': 10, 'max_features': 'sqrt', 'min_samples_leaf': 1, 'min_samples_split': 20, 'splitter': 'best'}"    , 0.5675675675675675 , 0.5873944119558154 , 0.5480829666876178 , 0.5954907161803713 , 0.5537848605577689 , 0.5704641045898282 , 0.018441632450576496 ,             216
0.7110465049743653  , 0.014805609527922063  , 0.008691024780273438 , 0.000496929511298158  , gini           ,              20,                   ,                      4,                      20, best          , "{'criterion': 'gini', 'max_depth': 20, 'max_features': None, 'min_samples_leaf': 4, 'min_samples_split': 20, 'splitter': 'best'}"         , 0.5712050078247262 , 0.5784386617100372 , 0.5815176558978212 , 0.5604900459418071 , 0.5597624350408315 , 0.5702827612830446 , 0.00894613486887948  ,             217
0.08476057052612304 , 0.003888257402715942  , 0.0077211856842041016, 0.00040196323154823314, entropy        ,              15, log2              ,                      2,                       2, best          , "{'criterion': 'entropy', 'max_depth': 15, 'max_features': 'log2', 'min_samples_leaf': 2, 'min_samples_split': 2, 'splitter': 'best'}"     , 0.5726495726495726 , 0.5817694369973191 , 0.574002574002574  , 0.551255940257977  , 0.5714285714285714 , 0.5702212190672029 , 0.010145899503404285 ,             218
0.0699049949645996  , 0.0027046701605924007 , 0.006990575790405273 , 0.00033563654727719096, gini           ,              10, sqrt              ,                      4,                      10, best          , "{'criterion': 'gini', 'max_depth': 10, 'max_features': 'sqrt', 'min_samples_leaf': 4, 'min_samples_split': 10, 'splitter': 'best'}"       , 0.5871559633027523 , 0.5833905284831846 , 0.5481198215423837 , 0.5577312626603647 , 0.5746516257465163 , 0.5702098403470404 , 0.014995432053661445 ,             219
0.08801660537719727 , 0.0027621777989827088 , 0.0063778400421142575, 0.0003726564181913521 , entropy        ,              15, sqrt              ,                      8,                      20, best          , "{'criterion': 'entropy', 'max_depth': 15, 'max_features': 'sqrt', 'min_samples_leaf': 8, 'min_samples_split': 20, 'splitter': 'best'}"    , 0.5855354659248957 , 0.5731543624161074 , 0.5848275862068966 , 0.5514223194748359 , 0.5548469387755102 , 0.5699573345596491 , 0.01446301761699745  ,             220
0.1113016128540039  , 0.004360021073278134  , 0.008843040466308594 , 0.0006838562660368422 , entropy        ,              10, sqrt              ,                      1,                       2, best          , "{'criterion': 'entropy', 'max_depth': 10, 'max_features': 'sqrt', 'min_samples_leaf': 1, 'min_samples_split': 2, 'splitter': 'best'}"     , 0.5595523581135092 , 0.5908781484002723 , 0.5580215599239061 , 0.5860524632117722 , 0.5551075268817204 , 0.569922411306236  , 0.015283785911780508 ,             221
0.07989282608032226 , 0.0043701622887741855 , 0.006860685348510742 , 0.0005072594361324019 , entropy        ,              10, sqrt              ,                      8,                      20, best          , "{'criterion': 'entropy', 'max_depth': 10, 'max_features': 'sqrt', 'min_samples_leaf': 8, 'min_samples_split': 20, 'splitter': 'best'}"    , 0.5806896551724138 , 0.5643044619422573 , 0.5571065989847716 , 0.5834411384217335 , 0.5630573248407643 , 0.5697198358723881 , 0.010405961291093379 ,             222
0.09399404525756835 , 0.0034366641216354854 , 0.006804323196411133 , 0.0009612569556332784 , entropy        ,              15, sqrt              ,                      4,                      20, best          , "{'criterion': 'entropy', 'max_depth': 15, 'max_features': 'sqrt', 'min_samples_leaf': 4, 'min_samples_split': 20, 'splitter': 'best'}"    , 0.5549295774647888 , 0.5852090032154341 , 0.5637010676156584 , 0.5584958217270195 , 0.5852660300136425 , 0.5695203000073087 , 0.01313282294922463  ,             223
0.058120346069335936, 0.003048717055274641  , 0.006152439117431641 , 0.00043881348245567223, gini           ,              10, log2              ,                      4,                       5, best          , "{'criterion': 'gini', 'max_depth': 10, 'max_features': 'log2', 'min_samples_leaf': 4, 'min_samples_split': 5, 'splitter': 'best'}"        , 0.5570258349086327 , 0.5773195876288659 , 0.5577689243027888 , 0.5734355044699873 , 0.5811074918566775 , 0.5693314686333905 , 0.010044390782465289 ,             224
0.06066560745239258 , 0.0051236627375949376 , 0.0065859794616699215, 0.0007081647422308504 , gini           ,              10, log2              ,                      4,                       2, best          , "{'criterion': 'gini', 'max_depth': 10, 'max_features': 'log2', 'min_samples_leaf': 4, 'min_samples_split': 2, 'splitter': 'best'}"        , 0.5570258349086327 , 0.5773195876288659 , 0.5577689243027888 , 0.5734355044699873 , 0.5811074918566775 , 0.5693314686333905 , 0.010044390782465289 ,             224
0.08078565597534179 , 0.003673497800093308  , 0.008617734909057618 , 0.00046901770751084924, gini           ,                ,                   ,                      2,                      20, random        , "{'criterion': 'gini', 'max_depth': None, 'max_features': None, 'min_samples_leaf': 2, 'min_samples_split': 20, 'splitter': 'random'}"     , 0.571875           , 0.5825958702064897 , 0.5663852647735994 , 0.5614567526555387 , 0.5642965204236006 , 0.5693218816118458 , 0.007462645827600316 ,             226
0.08068122863769531 , 0.003739703331892861  , 0.008668756484985352 , 0.00035893837821946415, gini           ,              25,                   ,                      1,                      20, random        , "{'criterion': 'gini', 'max_depth': 25, 'max_features': None, 'min_samples_leaf': 1, 'min_samples_split': 20, 'splitter': 'random'}"       , 0.5701078582434514 , 0.5816249050873197 , 0.5739268680445151 , 0.553125           , 0.5677517032551098 , 0.5693072669260791 , 0.009359395408074934 ,             227
0.08213043212890625 , 0.006384575624622563  , 0.006047964096069336 , 0.0004500474633941738 , gini           ,              15, sqrt              ,                      1,                      20, best          , "{'criterion': 'gini', 'max_depth': 15, 'max_features': 'sqrt', 'min_samples_leaf': 1, 'min_samples_split': 20, 'splitter': 'best'}"       , 0.5920852359208524 , 0.5878332194121668 , 0.5712250712250713 , 0.5562632696390658 , 0.5383597883597884 , 0.5691533169113889 , 0.019967466299820737 ,             228
0.08030834197998046 , 0.007666708902802129  , 0.005997419357299805 , 0.0004743529219064517 , entropy        ,              15, log2              ,                      4,                      20, best          , "{'criterion': 'entropy', 'max_depth': 15, 'max_features': 'log2', 'min_samples_leaf': 4, 'min_samples_split': 20, 'splitter': 'best'}"    , 0.558675305975522  , 0.596785464709993  , 0.5788146279949559 , 0.5449477351916376 , 0.5659411011523687 , 0.5690328470048955 , 0.017679486352672732 ,             229
0.07248163223266602 , 0.0024001377227278373 , 0.010495471954345702 , 0.002214280186130346  , entropy        ,              15,                   ,                      8,                      10, random        , "{'criterion': 'entropy', 'max_depth': 15, 'max_features': None, 'min_samples_leaf': 8, 'min_samples_split': 10, 'splitter': 'random'}"    , 0.557427258805513  , 0.5910652920962199 , 0.5610079575596817 , 0.5433604336043361 , 0.5916905444126075 , 0.5689102972956717 , 0.01927115011739717  ,             230
0.06959280967712403 , 0.002349468998404557  , 0.008590602874755859 , 0.0004276466567416046 , entropy        ,              15,                   ,                      8,                       5, random        , "{'criterion': 'entropy', 'max_depth': 15, 'max_features': None, 'min_samples_leaf': 8, 'min_samples_split': 5, 'splitter': 'random'}"     , 0.557427258805513  , 0.5910652920962199 , 0.5610079575596817 , 0.5433604336043361 , 0.5916905444126075 , 0.5689102972956717 , 0.01927115011739717  ,             230
0.07364945411682129 , 0.005976166652015732  , 0.009262561798095703 , 0.000639846530845384  , entropy        ,              15,                   ,                      8,                       2, random        , "{'criterion': 'entropy', 'max_depth': 15, 'max_features': None, 'min_samples_leaf': 8, 'min_samples_split': 2, 'splitter': 'random'}"     , 0.557427258805513  , 0.5910652920962199 , 0.5610079575596817 , 0.5433604336043361 , 0.5916905444126075 , 0.5689102972956717 , 0.01927115011739717  ,             230
0.08059806823730468 , 0.002687302819339938  , 0.009206724166870118 , 0.0013285237278170858 , gini           ,              20,                   ,                      2,                       2, random        , "{'criterion': 'gini', 'max_depth': 20, 'max_features': None, 'min_samples_leaf': 2, 'min_samples_split': 2, 'splitter': 'random'}"        , 0.5528726061615321 , 0.5878741366078281 , 0.5734265734265734 , 0.5645549318364074 , 0.5640219952867243 , 0.568550048663813  , 0.011657163444788373 ,             233
1.2443321704864503  , 0.019489282362379443  , 0.017195701599121094 , 0.009865743950275833  , entropy        ,              20,                   ,                      4,                      10, best          , "{'criterion': 'entropy', 'max_depth': 20, 'max_features': None, 'min_samples_leaf': 4, 'min_samples_split': 10, 'splitter': 'best'}"      , 0.5753899480069324 , 0.573228346456693  , 0.5856929955290611 , 0.5535574667709148 , 0.5513595166163142 , 0.5678456546759831 , 0.01326923034639521  ,             234
0.0667348861694336  , 0.001791099149774757  , 0.006422185897827148 , 0.0007301947326978596 , entropy        ,              10, log2              ,                      1,                       5, best          , "{'criterion': 'entropy', 'max_depth': 10, 'max_features': 'log2', 'min_samples_leaf': 1, 'min_samples_split': 5, 'splitter': 'best'}"     , 0.553979025293029  , 0.5521739130434783 , 0.5823321554770318 , 0.5624591236102028 , 0.5856432125088842 , 0.5673174859865252 , 0.014086295273168391 ,             235
0.10543699264526367 , 0.016188639018171514  , 0.009594202041625977 , 0.002238919670161422  , gini           ,              10, sqrt              ,                      1,                       5, best          , "{'criterion': 'gini', 'max_depth': 10, 'max_features': 'sqrt', 'min_samples_leaf': 1, 'min_samples_split': 5, 'splitter': 'best'}"        , 0.5543175487465181 , 0.5786435786435786 , 0.5742705570291777 , 0.580064308681672  , 0.5485564304461942 , 0.5671704847094281 , 0.013114683274681183 ,             236
0.10194482803344726 , 0.00408317262761543   , 0.01001739501953125  , 0.0006797311097769776 , entropy        ,              25,                   ,                      1,                      20, random        , "{'criterion': 'entropy', 'max_depth': 25, 'max_features': None, 'min_samples_leaf': 1, 'min_samples_split': 20, 'splitter': 'random'}"    , 0.5567651632970451 , 0.583203732503888  , 0.5912910618792971 , 0.5404996214988645 , 0.563984674329502  , 0.5671488507017194 , 0.018268114207893208 ,             237
0.08395051956176758 , 0.0034023992374931197 , 0.009005451202392578 , 0.0004996815372880348 , gini           ,              25,                   ,                      4,                      10, random        , "{'criterion': 'gini', 'max_depth': 25, 'max_features': None, 'min_samples_leaf': 4, 'min_samples_split': 10, 'splitter': 'random'}"       , 0.5556432517758485 , 0.5809885931558936 , 0.5874233128834356 , 0.5718875502008032 , 0.5394932935916542 , 0.567087200321527  , 0.017448422294078735 ,             238
0.09294824600219727 , 0.004423793762723043  , 0.006726646423339843 , 0.001302998456635178  , entropy        ,              15, sqrt              ,                      2,                       5, best          , "{'criterion': 'entropy', 'max_depth': 15, 'max_features': 'sqrt', 'min_samples_leaf': 2, 'min_samples_split': 5, 'splitter': 'best'}"     , 0.5755494505494505 , 0.5722379603399433 , 0.5840336134453782 , 0.5614285714285714 , 0.5420974889217134 , 0.5670694169370114 , 0.014434854353278981 ,             239
0.07777042388916015 , 0.002930495549161156  , 0.0060844898223876955, 0.0005646217776425423 , entropy        ,              10, sqrt              ,                      1,                      10, best          , "{'criterion': 'entropy', 'max_depth': 10, 'max_features': 'sqrt', 'min_samples_leaf': 1, 'min_samples_split': 10, 'splitter': 'best'}"    , 0.5700808625336927 , 0.5693430656934306 , 0.5734767025089605 , 0.54763491005996   , 0.574085554866708  , 0.5669242191325504 , 0.009819495187029004 ,             240
0.08467254638671876 , 0.005893811014722252  , 0.009949111938476562 , 0.0027164252658002856 , gini           ,              20,                   ,                      4,                      10, random        , "{'criterion': 'gini', 'max_depth': 20, 'max_features': None, 'min_samples_leaf': 4, 'min_samples_split': 10, 'splitter': 'random'}"       , 0.574169741697417  , 0.5730994152046783 , 0.5650557620817844 , 0.5684830633284241 , 0.5534950071326676 , 0.5668605978889942 , 0.007441441626048251 ,             241
0.13086471557617188 , 0.042707693250412945  , 0.011769390106201172 , 0.0032505633896583786 , entropy        ,              25,                   ,                      2,                      10, random        , "{'criterion': 'entropy', 'max_depth': 25, 'max_features': None, 'min_samples_leaf': 2, 'min_samples_split': 10, 'splitter': 'random'}"    , 0.5935483870967742 , 0.5791190864600326 , 0.5610717100078803 , 0.5530243519245875 , 0.5466666666666666 , 0.5666860404311882 , 0.017292218289245372 ,             242
0.8456881999969482  , 0.009573607682547515  , 0.010063791275024414 , 0.0018345682116081463 , gini           ,              25,                   ,                      2,                      10, best          , "{'criterion': 'gini', 'max_depth': 25, 'max_features': None, 'min_samples_leaf': 2, 'min_samples_split': 10, 'splitter': 'best'}"         , 0.5580204778156996 , 0.5894909688013136 , 0.5669934640522876 , 0.5612244897959183 , 0.5572959604286892 , 0.5666050721787818 , 0.01194337139335264  ,             243
0.06556801795959473 , 0.0012860120769263195 , 0.008192062377929688 , 0.0003676326048067998 , gini           ,              15,                   ,                      4,                      10, random        , "{'criterion': 'gini', 'max_depth': 15, 'max_features': None, 'min_samples_leaf': 4, 'min_samples_split': 10, 'splitter': 'random'}"       , 0.5676274944567627 , 0.5977961432506887 , 0.5602409638554217 , 0.5629949604031678 , 0.5438233264320221 , 0.5664965776796126 , 0.017586427310283367 ,             244
0.8370081424713135  , 0.017801112885786008  , 0.009916353225708007 , 0.0012615667132189995 , gini           ,              25,                   ,                      2,                      20, best          , "{'criterion': 'gini', 'max_depth': 25, 'max_features': None, 'min_samples_leaf': 2, 'min_samples_split': 20, 'splitter': 'best'}"         , 0.556203164029975  , 0.5814138204924544 , 0.5786163522012578 , 0.5636363636363636 , 0.5512820512820513 , 0.5662303503284203 , 0.011955548377368721 ,             245
0.08839607238769531 , 0.004815232700026538  , 0.006029081344604492 , 0.0006129689162603292 , entropy        ,              15, sqrt              ,                      8,                      10, best          , "{'criterion': 'entropy', 'max_depth': 15, 'max_features': 'sqrt', 'min_samples_leaf': 8, 'min_samples_split': 10, 'splitter': 'best'}"    , 0.6047486033519553 , 0.5515239477503628 , 0.5687943262411348 , 0.584070796460177  , 0.521978021978022  , 0.5662231391563304 , 0.028224308274466196 ,             246
0.08753223419189453 , 0.004228909420457496  , 0.006043720245361328 , 0.0006054095973116227 , entropy        ,              15, sqrt              ,                      8,                       5, best          , "{'criterion': 'entropy', 'max_depth': 15, 'max_features': 'sqrt', 'min_samples_leaf': 8, 'min_samples_split': 5, 'splitter': 'best'}"     , 0.6047486033519553 , 0.5515239477503628 , 0.5687943262411348 , 0.584070796460177  , 0.521978021978022  , 0.5662231391563304 , 0.028224308274466196 ,             246
0.08766312599182129 , 0.00433301097975711   , 0.0064791679382324215, 0.000870655955199089  , entropy        ,              15, sqrt              ,                      8,                       2, best          , "{'criterion': 'entropy', 'max_depth': 15, 'max_features': 'sqrt', 'min_samples_leaf': 8, 'min_samples_split': 2, 'splitter': 'best'}"     , 0.6047486033519553 , 0.5515239477503628 , 0.5687943262411348 , 0.584070796460177  , 0.521978021978022  , 0.5662231391563304 , 0.028224308274466196 ,             246
0.10972967147827148 , 0.01067802254087377   , 0.011672592163085938 , 0.0016960831788332086 , gini           ,              10, sqrt              ,                      1,                       2, best          , "{'criterion': 'gini', 'max_depth': 10, 'max_features': 'sqrt', 'min_samples_leaf': 1, 'min_samples_split': 2, 'splitter': 'best'}"        , 0.5725249424405219 , 0.5764705882352941 , 0.5518151815181518 , 0.583554376657825  , 0.5459183673469388 , 0.5660566912397463 , 0.014593349222040492 ,             249
0.058067846298217776, 0.001997908449584194  , 0.0059833526611328125, 0.00039411212768544355, gini           ,              10, log2              ,                      4,                      20, best          , "{'criterion': 'gini', 'max_depth': 10, 'max_features': 'log2', 'min_samples_leaf': 4, 'min_samples_split': 20, 'splitter': 'best'}"       , 0.5841519318925998 , 0.5739365293720459 , 0.5470198675496689 , 0.5679330328396651 , 0.5569131832797428 , 0.5659909089867445 , 0.012954018670460532 ,             250
0.08193931579589844 , 0.016262577252560008  , 0.011089849472045898 , 0.002957095648104274  , gini           ,              20,                   ,                      8,                       5, random        , "{'criterion': 'gini', 'max_depth': 20, 'max_features': None, 'min_samples_leaf': 8, 'min_samples_split': 5, 'splitter': 'random'}"        , 0.5562310030395137 , 0.5582776540460282 , 0.5603932584269663 , 0.5687544996400288 , 0.5857988165680473 , 0.5658910463441169 , 0.010826121475210336 ,             251
0.0695500373840332  , 0.001985572199646163  , 0.008967018127441407 , 0.0006119101078928794 , gini           ,              20,                   ,                      8,                       2, random        , "{'criterion': 'gini', 'max_depth': 20, 'max_features': None, 'min_samples_leaf': 8, 'min_samples_split': 2, 'splitter': 'random'}"        , 0.5562310030395137 , 0.5582776540460282 , 0.5603932584269663 , 0.5687544996400288 , 0.5857988165680473 , 0.5658910463441169 , 0.010826121475210336 ,             251
0.08041315078735352 , 0.008811140836517675  , 0.00880289077758789  , 0.0004933276213580269 , gini           ,              20,                   ,                      8,                      10, random        , "{'criterion': 'gini', 'max_depth': 20, 'max_features': None, 'min_samples_leaf': 8, 'min_samples_split': 10, 'splitter': 'random'}"       , 0.5562310030395137 , 0.5582776540460282 , 0.5603932584269663 , 0.5687544996400288 , 0.5857988165680473 , 0.5658910463441169 , 0.010826121475210336 ,             251
1.1292387008666993  , 0.025629732102020592  , 0.009696006774902344 , 0.0006670031167031341 , entropy        ,              25,                   ,                      4,                      20, best          , "{'criterion': 'entropy', 'max_depth': 25, 'max_features': None, 'min_samples_leaf': 4, 'min_samples_split': 20, 'splitter': 'best'}"      , 0.5751633986928104 , 0.5743348982785602 , 0.5851063829787234 , 0.5441412520064205 , 0.5507020280811232 , 0.5658895920075275 , 0.015686071111024245 ,             254
0.07912135124206543 , 0.015293629660125133  , 0.009176015853881836 , 0.0005546730844608228 , gini           ,              25,                   ,                      8,                      10, random        , "{'criterion': 'gini', 'max_depth': 25, 'max_features': None, 'min_samples_leaf': 8, 'min_samples_split': 10, 'splitter': 'random'}"       , 0.5748502994011976 , 0.5682656826568265 , 0.5371775417298937 , 0.5627705627705628 , 0.5852187028657617 , 0.5656565578848485 , 0.016083490046338286 ,             255
0.07810020446777344 , 0.004657217024788602  , 0.009617948532104492 , 0.0009110000126613015 , gini           ,              25,                   ,                      8,                       5, random        , "{'criterion': 'gini', 'max_depth': 25, 'max_features': None, 'min_samples_leaf': 8, 'min_samples_split': 5, 'splitter': 'random'}"        , 0.5748502994011976 , 0.5682656826568265 , 0.5371775417298937 , 0.5627705627705628 , 0.5852187028657617 , 0.5656565578848485 , 0.016083490046338286 ,             255
0.07868189811706543 , 0.004223189853332218  , 0.008681154251098633 , 0.0004426531142622354 , gini           ,              25,                   ,                      8,                       2, random        , "{'criterion': 'gini', 'max_depth': 25, 'max_features': None, 'min_samples_leaf': 8, 'min_samples_split': 2, 'splitter': 'random'}"        , 0.5748502994011976 , 0.5682656826568265 , 0.5371775417298937 , 0.5627705627705628 , 0.5852187028657617 , 0.5656565578848485 , 0.016083490046338286 ,             255
0.09347825050354004 , 0.004041955297946447  , 0.005986833572387695 , 0.0006564452234439422 , entropy        ,              15, sqrt              ,                      4,                       5, best          , "{'criterion': 'entropy', 'max_depth': 15, 'max_features': 'sqrt', 'min_samples_leaf': 4, 'min_samples_split': 5, 'splitter': 'best'}"     , 0.5364387678437266 , 0.6057553956834533 , 0.5543398978847557 , 0.5687707641196014 , 0.5625942684766214 , 0.5655798188016317 , 0.022841669350997303 ,             258
0.0924558162689209  , 0.0059811823533027966 , 0.006844854354858399 , 0.0007230749705064313 , entropy        ,              15, sqrt              ,                      4,                       2, best          , "{'criterion': 'entropy', 'max_depth': 15, 'max_features': 'sqrt', 'min_samples_leaf': 4, 'min_samples_split': 2, 'splitter': 'best'}"     , 0.5364387678437266 , 0.6057553956834533 , 0.5543398978847557 , 0.5687707641196014 , 0.5625942684766214 , 0.5655798188016317 , 0.022841669350997303 ,             258
0.09196515083312988 , 0.009048134544203505  , 0.010144186019897462 , 0.0007094194463819945 , entropy        ,              25,                   ,                      8,                       2, random        , "{'criterion': 'entropy', 'max_depth': 25, 'max_features': None, 'min_samples_leaf': 8, 'min_samples_split': 2, 'splitter': 'random'}"     , 0.5664388762338648 , 0.585949177877429  , 0.5485544848035582 , 0.5605839416058395 , 0.5648081100651702 , 0.5652669181171723 , 0.012087808368056544 ,             260
0.10207138061523438 , 0.014570125070238686  , 0.01117238998413086  , 0.002127982151297886  , entropy        ,              25,                   ,                      8,                       5, random        , "{'criterion': 'entropy', 'max_depth': 25, 'max_features': None, 'min_samples_leaf': 8, 'min_samples_split': 5, 'splitter': 'random'}"     , 0.5664388762338648 , 0.585949177877429  , 0.5485544848035582 , 0.5605839416058395 , 0.5648081100651702 , 0.5652669181171723 , 0.012087808368056544 ,             260
0.11689219474792481 , 0.039641513257030074  , 0.014124774932861328 , 0.005802676075068788  , entropy        ,              25,                   ,                      8,                      10, random        , "{'criterion': 'entropy', 'max_depth': 25, 'max_features': None, 'min_samples_leaf': 8, 'min_samples_split': 10, 'splitter': 'random'}"    , 0.5664388762338648 , 0.585949177877429  , 0.5485544848035582 , 0.5605839416058395 , 0.5648081100651702 , 0.5652669181171723 , 0.012087808368056544 ,             260
0.0856053352355957  , 0.00874828629133102   , 0.01195225715637207  , 0.004400230752521769  , entropy        ,              20,                   ,                      8,                       5, random        , "{'criterion': 'entropy', 'max_depth': 20, 'max_features': None, 'min_samples_leaf': 8, 'min_samples_split': 5, 'splitter': 'random'}"     , 0.5501805054151625 , 0.5897620764239365 , 0.5631768953068592 , 0.5557184750733137 , 0.5674891146589259 , 0.5652654133756396 , 0.013624182432331045 ,             263
0.09528188705444336 , 0.007716044401041738  , 0.01157679557800293  , 0.0015280698201745836 , entropy        ,              20,                   ,                      8,                      10, random        , "{'criterion': 'entropy', 'max_depth': 20, 'max_features': None, 'min_samples_leaf': 8, 'min_samples_split': 10, 'splitter': 'random'}"    , 0.5501805054151625 , 0.5897620764239365 , 0.5631768953068592 , 0.5557184750733137 , 0.5674891146589259 , 0.5652654133756396 , 0.013624182432331045 ,             263
0.08974223136901856 , 0.009308908873818387  , 0.010257768630981445 , 0.000751665342417576  , entropy        ,              20,                   ,                      8,                       2, random        , "{'criterion': 'entropy', 'max_depth': 20, 'max_features': None, 'min_samples_leaf': 8, 'min_samples_split': 2, 'splitter': 'random'}"     , 0.5501805054151625 , 0.5897620764239365 , 0.5631768953068592 , 0.5557184750733137 , 0.5674891146589259 , 0.5652654133756396 , 0.013624182432331045 ,             263
0.07906613349914551 , 0.00462519334490677   , 0.009684228897094726 , 0.001130975883941003  , gini           ,              20,                   ,                      2,                      10, random        , "{'criterion': 'gini', 'max_depth': 20, 'max_features': None, 'min_samples_leaf': 2, 'min_samples_split': 10, 'splitter': 'random'}"       , 0.5632273079906904 , 0.5883268482490273 , 0.5813953488372093 , 0.5399239543726235 , 0.5530685920577617 , 0.5651884103014624 , 0.017816177015671376 ,             266
1.067002820968628   , 0.02455337221170927   , 0.013046169281005859 , 0.002772517937776425  , entropy        ,              20,                   ,                      4,                       2, best          , "{'criterion': 'entropy', 'max_depth': 20, 'max_features': None, 'min_samples_leaf': 4, 'min_samples_split': 2, 'splitter': 'best'}"       , 0.5613126079447323 , 0.5822784810126582 , 0.5854025583145221 , 0.5446082234290147 , 0.5522501906941266 , 0.5651704122790109 , 0.01616566818528978  ,             267
1.2266712188720703  , 0.02234691774623248   , 0.012398576736450196 , 0.0033964970786681654 , entropy        ,              20,                   ,                      4,                       5, best          , "{'criterion': 'entropy', 'max_depth': 20, 'max_features': None, 'min_samples_leaf': 4, 'min_samples_split': 5, 'splitter': 'best'}"       , 0.5613126079447323 , 0.5822784810126582 , 0.5854025583145221 , 0.5446082234290147 , 0.5522501906941266 , 0.5651704122790109 , 0.01616566818528978  ,             267
0.07181501388549805 , 0.002295231556510738  , 0.006277132034301758 , 0.0005363384655920565 , gini           ,              10, sqrt              ,                      2,                       2, best          , "{'criterion': 'gini', 'max_depth': 10, 'max_features': 'sqrt', 'min_samples_leaf': 2, 'min_samples_split': 2, 'splitter': 'best'}"        , 0.5579163810829335 , 0.5785016286644951 , 0.55249343832021   , 0.5652951699463328 , 0.5708418891170431 , 0.565009701426203  , 0.00919891343334876  ,             269
0.11494588851928711 , 0.02600471054680237   , 0.01255488395690918  , 0.0018055554001342536 , entropy        ,              25,                   ,                      8,                      20, random        , "{'criterion': 'entropy', 'max_depth': 25, 'max_features': None, 'min_samples_leaf': 8, 'min_samples_split': 20, 'splitter': 'random'}"    , 0.5459896983075792 , 0.5617977528089888 , 0.5799853907962016 , 0.5957446808510638 , 0.5411415863602669 , 0.56493182182482   , 0.020545773071581414 ,             270
0.06676259040832519 , 0.0038190016649257918 , 0.006108713150024414 , 0.00036229745246214574, gini           ,              10, sqrt              ,                      2,                      20, best          , "{'criterion': 'gini', 'max_depth': 10, 'max_features': 'sqrt', 'min_samples_leaf': 2, 'min_samples_split': 20, 'splitter': 'best'}"       , 0.5662725575606721 , 0.5882352941176471 , 0.538695917123705  , 0.5803680981595092 , 0.5509761388286334 , 0.5649096011580333 , 0.018254913502302402 ,             271
1.1929143428802491  , 0.01483406994182038   , 0.013682937622070313 , 0.004711734591291747  , entropy        ,                ,                   ,                      4,                      20, best          , "{'criterion': 'entropy', 'max_depth': None, 'max_features': None, 'min_samples_leaf': 4, 'min_samples_split': 20, 'splitter': 'best'}"    , 0.578391551584078  , 0.5747846515270164 , 0.5860172820109977 , 0.5441176470588235 , 0.5411184210526315 , 0.5648859106467093 , 0.01856414069080795  ,             272
0.05716400146484375 , 0.0019790590521644663 , 0.006009435653686524 , 0.00035313861349656097, gini           ,              10, log2              ,                      1,                      20, best          , "{'criterion': 'gini', 'max_depth': 10, 'max_features': 'log2', 'min_samples_leaf': 1, 'min_samples_split': 20, 'splitter': 'best'}"       , 0.5967523680649527 , 0.5613793103448276 , 0.524390243902439  , 0.5855221012171685 , 0.5557046979865772 , 0.564749744303193  , 0.025210000793075036 ,             273
0.09861030578613281 , 0.0057857005939136764 , 0.010727691650390624 , 0.0012844646216166385 , entropy        ,                ,                   ,                      8,                       2, random        , "{'criterion': 'entropy', 'max_depth': None, 'max_features': None, 'min_samples_leaf': 8, 'min_samples_split': 2, 'splitter': 'random'}"   , 0.5664388762338648 , 0.585949177877429  , 0.5502248875562219 , 0.5605839416058395 , 0.5588235294117647 , 0.564404082537024  , 0.01195924026715241  ,             274
0.11345148086547852 , 0.007423611395789844  , 0.011796855926513672 , 0.0016490744834629597 , entropy        ,                ,                   ,                      8,                       5, random        , "{'criterion': 'entropy', 'max_depth': None, 'max_features': None, 'min_samples_leaf': 8, 'min_samples_split': 5, 'splitter': 'random'}"   , 0.5664388762338648 , 0.585949177877429  , 0.5502248875562219 , 0.5605839416058395 , 0.5588235294117647 , 0.564404082537024  , 0.01195924026715241  ,             274
0.09600334167480469 , 0.0050909634980231865 , 0.011870384216308594 , 0.0008093706018500935 , entropy        ,                ,                   ,                      8,                      10, random        , "{'criterion': 'entropy', 'max_depth': None, 'max_features': None, 'min_samples_leaf': 8, 'min_samples_split': 10, 'splitter': 'random'}"  , 0.5664388762338648 , 0.585949177877429  , 0.5502248875562219 , 0.5605839416058395 , 0.5588235294117647 , 0.564404082537024  , 0.01195924026715241  ,             274
0.0582794189453125  , 0.003122354502541634  , 0.006129741668701172 , 0.0004178974303000582 , gini           ,              10, log2              ,                      2,                       5, best          , "{'criterion': 'gini', 'max_depth': 10, 'max_features': 'log2', 'min_samples_leaf': 2, 'min_samples_split': 5, 'splitter': 'best'}"        , 0.5838187702265372 , 0.5896257386736704 , 0.5498233215547703 , 0.5429141716566867 , 0.5554780181437544 , 0.5643320040510839 , 0.018799603963036766 ,             277
0.06720399856567383 , 0.002328843615285719  , 0.006468057632446289 , 0.0004259233509227997 , entropy        ,              10, log2              ,                      1,                      20, best          , "{'criterion': 'entropy', 'max_depth': 10, 'max_features': 'log2', 'min_samples_leaf': 1, 'min_samples_split': 20, 'splitter': 'best'}"    , 0.565121412803532  , 0.6047138047138048 , 0.5343283582089552 , 0.5485986881335718 , 0.5682119205298013 , 0.564194836877933  , 0.02363907215707572  ,             278
0.11841621398925781 , 0.01592643350781746   , 0.011494588851928712 , 0.0018871021083031224 , entropy        ,              20,                   ,                      2,                       5, random        , "{'criterion': 'entropy', 'max_depth': 20, 'max_features': None, 'min_samples_leaf': 2, 'min_samples_split': 5, 'splitter': 'random'}"     , 0.5646481178396072 , 0.5645549318364074 , 0.5590551181102362 , 0.552366175329713  , 0.580046403712297  , 0.5641341493656522 , 0.009142459529866807 ,             279
0.07100820541381836 , 0.004441821585898549  , 0.00687556266784668  , 0.000407103208272831  , gini           ,              10, sqrt              ,                      1,                      10, best          , "{'criterion': 'gini', 'max_depth': 10, 'max_features': 'sqrt', 'min_samples_leaf': 1, 'min_samples_split': 10, 'splitter': 'best'}"       , 0.5536480686695279 , 0.5751633986928104 , 0.5651328580686974 , 0.5703275529865125 , 0.5558408215661104 , 0.5640225399967317 , 0.008242267883358002 ,             280
0.0804971694946289  , 0.00464402339189656   , 0.006045198440551758 , 0.0006468428063091289 , entropy        ,              10, sqrt              ,                      4,                      20, best          , "{'criterion': 'entropy', 'max_depth': 10, 'max_features': 'sqrt', 'min_samples_leaf': 4, 'min_samples_split': 20, 'splitter': 'best'}"    , 0.5592347314201619 , 0.5801729873586161 , 0.5504047093451067 , 0.5668693009118541 , 0.5630538513974097 , 0.5639471160866296 , 0.009779768239487707 ,             281
0.11471505165100097 , 0.004694017840208066  , 0.011113929748535156 , 0.0013084019267202446 , entropy        ,              20,                   ,                      1,                       2, random        , "{'criterion': 'entropy', 'max_depth': 20, 'max_features': None, 'min_samples_leaf': 1, 'min_samples_split': 2, 'splitter': 'random'}"     , 0.5422535211267606 , 0.5693664795509222 , 0.5748031496062992 , 0.5574855252274608 , 0.5758039816232772 , 0.563942531426944  , 0.012650473019702194 ,             282
0.08848357200622559 , 0.0043907495060561555 , 0.009967708587646484 , 0.0012080944952900475 , entropy        ,                ,                   ,                      2,                      20, random        , "{'criterion': 'entropy', 'max_depth': None, 'max_features': None, 'min_samples_leaf': 2, 'min_samples_split': 20, 'splitter': 'random'}"  , 0.5721003134796239 , 0.5716486902927581 , 0.5598755832037325 , 0.5766312594840668 , 0.5394440270473329 , 0.5639399747015028 , 0.013443622013398703 ,             283
0.07067956924438476 , 0.0033551643549450637 , 0.006356954574584961 , 0.0008753895849679827 , gini           ,              15, log2              ,                      1,                       5, best          , "{'criterion': 'gini', 'max_depth': 15, 'max_features': 'log2', 'min_samples_leaf': 1, 'min_samples_split': 5, 'splitter': 'best'}"        , 0.566813509544787  , 0.5681655960028551 , 0.5634197617379118 , 0.5882352941176471 , 0.5317577548005908 , 0.5636783832407584 , 0.01817690497431814  ,             284
0.7955013275146484  , 0.012455443263808874  , 0.00947723388671875  , 0.0009418506403093405 , gini           ,              25,                   ,                      4,                      20, best          , "{'criterion': 'gini', 'max_depth': 25, 'max_features': None, 'min_samples_leaf': 4, 'min_samples_split': 20, 'splitter': 'best'}"         , 0.5634725634725635 , 0.5802469135802469 , 0.5585023400936038 , 0.5595611285266457 , 0.5564142194744977 , 0.5636394330295115 , 0.0086146649158037   ,             285
1.144058847427368   , 0.04393170446166622   , 0.011244106292724609 , 0.0012196330263976453 , entropy        ,              25,                   ,                      2,                      20, best          , "{'criterion': 'entropy', 'max_depth': 25, 'max_features': None, 'min_samples_leaf': 2, 'min_samples_split': 20, 'splitter': 'best'}"      , 0.5805921052631579 , 0.5621445978878961 , 0.5771916214119472 , 0.5501618122977346 , 0.5467625899280576 , 0.5633705453577587 , 0.01370694735289874  ,             286
0.0755730152130127  , 0.002600488786685039  , 0.006350803375244141 , 0.0006130331779601358 , gini           ,              15, sqrt              ,                      8,                      20, best          , "{'criterion': 'gini', 'max_depth': 15, 'max_features': 'sqrt', 'min_samples_leaf': 8, 'min_samples_split': 20, 'splitter': 'best'}"       , 0.5878084179970973 , 0.5846153846153846 , 0.5758211041229909 , 0.5286024619840695 , 0.5396363636363637 , 0.5632967464711813 , 0.024395380709761855 ,             287
0.0717050552368164  , 0.0028490365208395    , 0.006621932983398438 , 0.00030821761709002866, gini           ,              15, log2              ,                      2,                      10, best          , "{'criterion': 'gini', 'max_depth': 15, 'max_features': 'log2', 'min_samples_leaf': 2, 'min_samples_split': 10, 'splitter': 'best'}"       , 0.5817655571635311 , 0.5734974656046343 , 0.5861358956760466 , 0.5521646557842441 , 0.5219985085756897 , 0.5631124165608291 , 0.02364773301772119  ,             288
0.07611188888549805 , 0.002866932640895026  , 0.00845193862915039  , 0.0004655232745689425 , gini           ,              20,                   ,                      1,                      20, random        , "{'criterion': 'gini', 'max_depth': 20, 'max_features': None, 'min_samples_leaf': 1, 'min_samples_split': 20, 'splitter': 'random'}"       , 0.5429017160686428 , 0.5909428359317    , 0.5724690458849235 , 0.5534883720930233 , 0.5555555555555556 , 0.5630715051067691 , 0.01685390862967919  ,             289
0.035046863555908206, 0.0027281954890612924 , 0.008850193023681641 , 0.0006075162447965965 , entropy        ,              15, sqrt              ,                      1,                       2, random        , "{'criterion': 'entropy', 'max_depth': 15, 'max_features': 'sqrt', 'min_samples_leaf': 1, 'min_samples_split': 2, 'splitter': 'random'}"   , 0.5558620689655173 , 0.5675857431069267 , 0.5612104539202201 , 0.5727762803234502 , 0.5576923076923077 , 0.5630253708016844 , 0.00630754485795127  ,             290
0.7890537738800049  , 0.00942104691471296   , 0.01047821044921875  , 0.001710044259965649  , gini           ,                ,                   ,                      4,                      20, best          , "{'criterion': 'gini', 'max_depth': None, 'max_features': None, 'min_samples_leaf': 4, 'min_samples_split': 20, 'splitter': 'best'}"       , 0.5653245686113394 , 0.584251968503937  , 0.5582486317435497 , 0.561014263074485  , 0.5458786936236392 , 0.5629436251113901 , 0.012463480070668852 ,             291
0.7373420238494873  , 0.010783944971583937  , 0.00973196029663086  , 0.0019999616243887345 , gini           ,              20,                   ,                      4,                      10, best          , "{'criterion': 'gini', 'max_depth': 20, 'max_features': None, 'min_samples_leaf': 4, 'min_samples_split': 10, 'splitter': 'best'}"         , 0.5573505654281099 , 0.5692657077971234 , 0.5790679908326967 , 0.5441527446300716 , 0.5648503453568687 , 0.562937470808974  , 0.011730121891957932 ,             292
0.06867408752441406 , 0.0035867728124536983 , 0.00603642463684082  , 0.0004284557021588194 , gini           ,              15, log2              ,                      1,                       2, best          , "{'criterion': 'gini', 'max_depth': 15, 'max_features': 'log2', 'min_samples_leaf': 1, 'min_samples_split': 2, 'splitter': 'best'}"        , 0.5464743589743589 , 0.5927568366592757 , 0.5449010654490106 , 0.5753228120516499 , 0.5543964232488823 , 0.5627702992766355 , 0.018502686231016585 ,             293
0.10191159248352051 , 0.005191528184196143  , 0.012345647811889649 , 0.0011455140006160374 , entropy        ,              25,                   ,                      2,                      20, random        , "{'criterion': 'entropy', 'max_depth': 25, 'max_features': None, 'min_samples_leaf': 2, 'min_samples_split': 20, 'splitter': 'random'}"    , 0.5581395348837209 , 0.5698757763975155 , 0.5564950038431975 , 0.5569044006069803 , 0.572289156626506  , 0.5627407744715841 , 0.006874942481712015 ,             294
1.0082483768463135  , 0.010222166476080253  , 0.010788393020629884 , 0.0014003085671487777 , entropy        ,              25,                   ,                      1,                      20, best          , "{'criterion': 'entropy', 'max_depth': 25, 'max_features': None, 'min_samples_leaf': 1, 'min_samples_split': 20, 'splitter': 'best'}"      , 0.5700082850041425 , 0.5700483091787439 , 0.578088578088578  , 0.5460472697636511 , 0.5493975903614458 , 0.5627180064793122 , 0.012637111366340591 ,             295
0.07718214988708497 , 0.0034594605351804756 , 0.006379032135009765 , 0.0007658249499589535 , entropy        ,              15, log2              ,                      8,                      20, best          , "{'criterion': 'entropy', 'max_depth': 15, 'max_features': 'log2', 'min_samples_leaf': 8, 'min_samples_split': 20, 'splitter': 'best'}"    , 0.5826144658261446 , 0.5869565217391305 , 0.5594405594405595 , 0.5384615384615384 , 0.5459649122807018 , 0.562687599549615  , 0.019303648145624477 ,             296
0.05729451179504395 , 0.0023287693909930128 , 0.006350803375244141 , 0.00034971574620974364, gini           ,              10, log2              ,                      8,                      20, best          , "{'criterion': 'gini', 'max_depth': 10, 'max_features': 'log2', 'min_samples_leaf': 8, 'min_samples_split': 20, 'splitter': 'best'}"       , 0.5593087195600943 , 0.5917331399564902 , 0.5537820957668286 , 0.5493562231759657 , 0.55859375         , 0.5625547856918758 , 0.015025080683197476 ,             297
0.7469214916229248  , 0.013959323452304554  , 0.009460783004760743 , 0.0008512250165676389 , gini           ,              20,                   ,                      4,                       5, best          , "{'criterion': 'gini', 'max_depth': 20, 'max_features': None, 'min_samples_leaf': 4, 'min_samples_split': 5, 'splitter': 'best'}"          , 0.5578011317704122 , 0.5733840304182509 , 0.576271186440678  , 0.5451638689048761 , 0.5601241272304112 , 0.5625488689529258 , 0.011281501040731667 ,             298
0.7220383167266846  , 0.004605779686817231  , 0.009300518035888671 , 0.0017457724736010742 , gini           ,              20,                   ,                      4,                       2, best          , "{'criterion': 'gini', 'max_depth': 20, 'max_features': None, 'min_samples_leaf': 4, 'min_samples_split': 2, 'splitter': 'best'}"          , 0.5578011317704122 , 0.5733840304182509 , 0.576271186440678  , 0.5451638689048761 , 0.5601241272304112 , 0.5625488689529258 , 0.011281501040731667 ,             298
1.1718254089355469  , 0.029672942469335023  , 0.01440443992614746  , 0.0063672629766480734 , entropy        ,              25,                   ,                      4,                      10, best          , "{'criterion': 'entropy', 'max_depth': 25, 'max_features': None, 'min_samples_leaf': 4, 'min_samples_split': 10, 'splitter': 'best'}"      , 0.570446735395189  , 0.5628548256285483 , 0.5857142857142857 , 0.5348837209302325 , 0.558252427184466  , 0.5624303989705444 , 0.016630430474635045 ,             300
0.06689424514770508 , 0.002744795746548965  , 0.00638427734375     , 0.00033396718013143154, entropy        ,              10, log2              ,                      4,                       2, best          , "{'criterion': 'entropy', 'max_depth': 10, 'max_features': 'log2', 'min_samples_leaf': 4, 'min_samples_split': 2, 'splitter': 'best'}"     , 0.5377049180327869 , 0.5861846352485475 , 0.5609228550829127 , 0.5575447570332481 , 0.5686528497409327 , 0.5622020030276855 , 0.015749370809804094 ,             301
0.06730585098266602 , 0.0024628003186989464 , 0.0061305522918701175, 6.687164714658718e-05 , entropy        ,              10, log2              ,                      4,                       5, best          , "{'criterion': 'entropy', 'max_depth': 10, 'max_features': 'log2', 'min_samples_leaf': 4, 'min_samples_split': 5, 'splitter': 'best'}"     , 0.5377049180327869 , 0.5861846352485475 , 0.5609228550829127 , 0.5575447570332481 , 0.5686528497409327 , 0.5622020030276855 , 0.015749370809804094 ,             301
0.08726010322570801 , 0.012043764093982908  , 0.009322500228881836 , 0.000838719091180254  , gini           ,              25,                   ,                      4,                       5, random        , "{'criterion': 'gini', 'max_depth': 25, 'max_features': None, 'min_samples_leaf': 4, 'min_samples_split': 5, 'splitter': 'random'}"        , 0.5536277602523659 , 0.5818452380952381 , 0.5845674201091192 , 0.5454545454545454 , 0.5453183520599251 , 0.5621626631942388 , 0.01746489891965335  ,             303
0.08222122192382812 , 0.0029907366009674194 , 0.009331607818603515 , 0.0011042801863868094 , gini           ,              25,                   ,                      4,                       2, random        , "{'criterion': 'gini', 'max_depth': 25, 'max_features': None, 'min_samples_leaf': 4, 'min_samples_split': 2, 'splitter': 'random'}"        , 0.5536277602523659 , 0.5818452380952381 , 0.5845674201091192 , 0.5454545454545454 , 0.5453183520599251 , 0.5621626631942388 , 0.01746489891965335  ,             303
0.05779881477355957 , 0.0033690513410261445 , 0.005977010726928711 , 0.0005657528422489058 , gini           ,              10, log2              ,                      4,                      10, best          , "{'criterion': 'gini', 'max_depth': 10, 'max_features': 'log2', 'min_samples_leaf': 4, 'min_samples_split': 10, 'splitter': 'best'}"       , 0.539622641509434  , 0.5588044184535412 , 0.5782811459027315 , 0.5748884639898024 , 0.5585106382978723 , 0.5620214616306762 , 0.013815349958927277 ,             305
0.8275599002838134  , 0.010011148049960625  , 0.010255193710327149 , 0.0008993968516680791 , gini           ,              25,                   ,                      2,                       5, best          , "{'criterion': 'gini', 'max_depth': 25, 'max_features': None, 'min_samples_leaf': 2, 'min_samples_split': 5, 'splitter': 'best'}"          , 0.5506993006993007 , 0.5806988352745425 , 0.5637583892617449 , 0.5547826086956522 , 0.5599329421626152 , 0.5619744152187712 , 0.010361509258241626 ,             306
0.09402022361755372 , 0.0034093147770638    , 0.0061856269836425785, 0.0005269441244911534 , entropy        ,              15, sqrt              ,                      2,                       2, best          , "{'criterion': 'entropy', 'max_depth': 15, 'max_features': 'sqrt', 'min_samples_leaf': 2, 'min_samples_split': 2, 'splitter': 'best'}"     , 0.5697674418604651 , 0.5757358219669777 , 0.5496915695681974 , 0.5667613636363636 , 0.547550432276657  , 0.5619013258617321 , 0.01124202229138587  ,             307
0.07895493507385254 , 0.00449403769388599   , 0.0064296722412109375, 0.0008111905328331266 , gini           ,              15, sqrt              ,                      2,                      20, best          , "{'criterion': 'gini', 'max_depth': 15, 'max_features': 'sqrt', 'min_samples_leaf': 2, 'min_samples_split': 20, 'splitter': 'best'}"       , 0.5592841163310962 , 0.5890052356020943 , 0.5601151907847373 , 0.5598320503848845 , 0.5408990420044215 , 0.5618271270214468 , 0.015427328273792942 ,             308
0.09418354034423829 , 0.007992202636933064  , 0.0058209896087646484, 0.00034909837473168616, entropy        ,              15, sqrt              ,                      2,                      20, best          , "{'criterion': 'entropy', 'max_depth': 15, 'max_features': 'sqrt', 'min_samples_leaf': 2, 'min_samples_split': 20, 'splitter': 'best'}"    , 0.5784447476125512 , 0.5450847457627118 , 0.5509065550906556 , 0.5655737704918032 , 0.5689307330195024 , 0.5617881103954449 , 0.012167189318839205 ,             309
0.08028554916381836 , 0.00427177618225241   , 0.00989837646484375  , 0.0020191643952828667 , gini           ,              20,                   ,                      4,                       5, random        , "{'criterion': 'gini', 'max_depth': 20, 'max_features': None, 'min_samples_leaf': 4, 'min_samples_split': 5, 'splitter': 'random'}"        , 0.5774647887323944 , 0.5780346820809249 , 0.5416974169741697 , 0.5613519470977223 , 0.5503649635036496 , 0.5617827596777722 , 0.014450077353026213 ,             310
0.08397893905639649 , 0.00830244976364449   , 0.011161327362060547 , 0.004031160415250391  , gini           ,              20,                   ,                      4,                       2, random        , "{'criterion': 'gini', 'max_depth': 20, 'max_features': None, 'min_samples_leaf': 4, 'min_samples_split': 2, 'splitter': 'random'}"        , 0.5774647887323944 , 0.5780346820809249 , 0.5416974169741697 , 0.5613519470977223 , 0.5503649635036496 , 0.5617827596777722 , 0.014450077353026213 ,             310
1.02525634765625    , 0.00448681411581575   , 0.01003403663635254  , 0.00024312090444343027, entropy        ,                ,                   ,                      2,                      20, best          , "{'criterion': 'entropy', 'max_depth': None, 'max_features': None, 'min_samples_leaf': 2, 'min_samples_split': 20, 'splitter': 'best'}"    , 0.5763831544178365 , 0.5638126009693053 , 0.5776             , 0.5562913907284768 , 0.534453781512605  , 0.5617081855256447 , 0.015776420681601143 ,             312
0.08342814445495605 , 0.007527900391175473  , 0.006297969818115234 , 0.00046182584926004306, entropy        ,              15, log2              ,                      2,                      20, best          , "{'criterion': 'entropy', 'max_depth': 15, 'max_features': 'log2', 'min_samples_leaf': 2, 'min_samples_split': 20, 'splitter': 'best'}"    , 0.5648648648648649 , 0.58972554539057   , 0.5636007827788649 , 0.5371965544244323 , 0.5522788203753352 , 0.5615333135668135 , 0.017251661299620698 ,             313
0.8444008827209473  , 0.01328178394320607   , 0.00963606834411621  , 0.001588411893766462  , gini           ,              25,                   ,                      1,                      10, best          , "{'criterion': 'gini', 'max_depth': 25, 'max_features': None, 'min_samples_leaf': 1, 'min_samples_split': 10, 'splitter': 'best'}"         , 0.5376532399299475 , 0.5816666666666667 , 0.5723849372384937 , 0.5637931034482758 , 0.5518394648829431 , 0.5614674824332654 , 0.01544294819120166  ,             314
0.93471360206604    , 0.007298062186173676  , 0.010476398468017577 , 0.0022397401935515997 , entropy        ,                ,                   ,                      1,                      20, best          , "{'criterion': 'entropy', 'max_depth': None, 'max_features': None, 'min_samples_leaf': 1, 'min_samples_split': 20, 'splitter': 'best'}"    , 0.5733113673805601 , 0.5658852061438965 , 0.5776347546259051 , 0.5534062237174096 , 0.5370370370370371 , 0.5614549177809616 , 0.014717366262811725 ,             315
0.10457820892333984 , 0.004692219017290725  , 0.008066654205322266 , 0.0003273510186154884 , gini           ,              15, sqrt              ,                      1,                       2, best          , "{'criterion': 'gini', 'max_depth': 15, 'max_features': 'sqrt', 'min_samples_leaf': 1, 'min_samples_split': 2, 'splitter': 'best'}"        , 0.5696689761354888 , 0.5912137006701415 , 0.5356083086053413 , 0.5712109672505712 , 0.5385802469135802 , 0.5612564399150245 , 0.021162878919477598 ,             316
0.08491678237915039 , 0.004974260834647111  , 0.00913701057434082  , 0.0005017510834648978 , gini           ,                ,                   ,                      8,                      10, random        , "{'criterion': 'gini', 'max_depth': None, 'max_features': None, 'min_samples_leaf': 8, 'min_samples_split': 10, 'splitter': 'random'}"     , 0.5663026521060842 , 0.5567010309278351 , 0.5371775417298937 , 0.5627705627705628 , 0.5830815709969789 , 0.5612066717062709 , 0.014863551908751835 ,             317
0.07339177131652833 , 0.0033658844165065354 , 0.008718204498291016 , 0.0005303088325589667 , gini           ,                ,                   ,                      8,                       2, random        , "{'criterion': 'gini', 'max_depth': None, 'max_features': None, 'min_samples_leaf': 8, 'min_samples_split': 2, 'splitter': 'random'}"      , 0.5663026521060842 , 0.5567010309278351 , 0.5371775417298937 , 0.5627705627705628 , 0.5830815709969789 , 0.5612066717062709 , 0.014863551908751835 ,             317
0.0989689826965332  , 0.040608977022213465  , 0.009430408477783203 , 0.001060312146689605  , gini           ,                ,                   ,                      8,                       5, random        , "{'criterion': 'gini', 'max_depth': None, 'max_features': None, 'min_samples_leaf': 8, 'min_samples_split': 5, 'splitter': 'random'}"      , 0.5663026521060842 , 0.5567010309278351 , 0.5371775417298937 , 0.5627705627705628 , 0.5830815709969789 , 0.5612066717062709 , 0.014863551908751835 ,             317
0.8314342498779297  , 0.018282429141140415  , 0.011083126068115234 , 0.003210779692357151  , gini           ,                ,                   ,                      2,                      20, best          , "{'criterion': 'gini', 'max_depth': None, 'max_features': None, 'min_samples_leaf': 2, 'min_samples_split': 20, 'splitter': 'best'}"       , 0.5611990008326395 , 0.5741780272654371 , 0.5684877276326208 , 0.5520745131244708 , 0.5494327390599676 , 0.5610744015830271 , 0.009414926794007133 ,             320
0.07950282096862793 , 0.001557497546375029  , 0.006408309936523438 , 0.0008042859375116719 , entropy        ,              10, sqrt              ,                      2,                       2, best          , "{'criterion': 'entropy', 'max_depth': 10, 'max_features': 'sqrt', 'min_samples_leaf': 2, 'min_samples_split': 2, 'splitter': 'best'}"     , 0.5685483870967742 , 0.5573314801945796 , 0.5759019741320627 , 0.5653573728267869 , 0.5370716510903427 , 0.5608421730681091 , 0.013296112598424717 ,             321
0.15458221435546876 , 0.00366720479454217   , 0.009600019454956055 , 0.0009488771017282044 , entropy        ,              20, sqrt              ,                      1,                       2, best          , "{'criterion': 'entropy', 'max_depth': 20, 'max_features': 'sqrt', 'min_samples_leaf': 1, 'min_samples_split': 2, 'splitter': 'best'}"     , 0.5674570727718724 , 0.5776293823038398 , 0.5362318840579711 , 0.5533596837944664 , 0.5693106004447739 , 0.5607977246745847 , 0.01455283922018764  ,             322
1.0896548271179198  , 0.08448674328586375   , 0.027909374237060545 , 0.023893187542390244  , entropy        ,                ,                   ,                      4,                      10, best          , "{'criterion': 'entropy', 'max_depth': None, 'max_features': None, 'min_samples_leaf': 4, 'min_samples_split': 10, 'splitter': 'best'}"    , 0.5563258232235702 , 0.5681255161023947 , 0.5794701986754967 , 0.5457570715474209 , 0.5542168674698795 , 0.5607790954037524 , 0.01176335758109501  ,             323
0.14518370628356933 , 0.014110463393691918  , 0.016130828857421876 , 0.006462939918118375  , entropy        ,              20,                   ,                      1,                      10, random        , "{'criterion': 'entropy', 'max_depth': 20, 'max_features': None, 'min_samples_leaf': 1, 'min_samples_split': 10, 'splitter': 'random'}"    , 0.56732223903177   , 0.5681114551083591 , 0.5611847233047544 , 0.5500370644922165 , 0.5571321882001493 , 0.5607575340274499 , 0.0067146049349165035,             324
0.06942558288574219 , 0.0014322070722095968 , 0.006761789321899414 , 0.0007163143747728394 , gini           ,              10, sqrt              ,                      8,                       5, best          , "{'criterion': 'gini', 'max_depth': 10, 'max_features': 'sqrt', 'min_samples_leaf': 8, 'min_samples_split': 5, 'splitter': 'best'}"        , 0.5406790518898142 , 0.5764309764309764 , 0.5621854780733285 , 0.5668835864063629 , 0.5571245186136072 , 0.5606607222828178 , 0.011845013483344692 ,             325
0.0683485984802246  , 0.001686948682371844  , 0.006976556777954101 , 0.0004272705043477948 , gini           ,              10, sqrt              ,                      8,                      10, best          , "{'criterion': 'gini', 'max_depth': 10, 'max_features': 'sqrt', 'min_samples_leaf': 8, 'min_samples_split': 10, 'splitter': 'best'}"       , 0.5406790518898142 , 0.5764309764309764 , 0.5621854780733285 , 0.5668835864063629 , 0.5571245186136072 , 0.5606607222828178 , 0.011845013483344692 ,             325
0.07084093093872071 , 0.0029472577125085812 , 0.0078032493591308595, 0.0012643520043504979 , gini           ,              10, sqrt              ,                      8,                       2, best          , "{'criterion': 'gini', 'max_depth': 10, 'max_features': 'sqrt', 'min_samples_leaf': 8, 'min_samples_split': 2, 'splitter': 'best'}"        , 0.5406790518898142 , 0.5764309764309764 , 0.5621854780733285 , 0.5668835864063629 , 0.5571245186136072 , 0.5606607222828178 , 0.011845013483344692 ,             325
0.10565762519836426 , 0.015557288746023233  , 0.010791969299316407 , 0.0019467473993298155 , entropy        ,              20,                   ,                      8,                      20, random        , "{'criterion': 'entropy', 'max_depth': 20, 'max_features': None, 'min_samples_leaf': 8, 'min_samples_split': 20, 'splitter': 'random'}"    , 0.5381818181818182 , 0.560639070442992  , 0.5705794947994056 , 0.5834542815674891 , 0.5500725689404935 , 0.5605854467864397 , 0.015718210144177024 ,             328
1.1256582260131835  , 0.015157826020533212  , 0.011447763442993164 , 0.0011945524934274096 , entropy        ,              25,                   ,                      4,                       2, best          , "{'criterion': 'entropy', 'max_depth': 25, 'max_features': None, 'min_samples_leaf': 4, 'min_samples_split': 2, 'splitter': 'best'}"       , 0.5550660792951542 , 0.5695364238410596 , 0.5798722044728435 , 0.5327731092436975 , 0.5640194489465153 , 0.560253453159854  , 0.015920614444025788 ,             329
1.160103988647461   , 0.020823671739577526  , 0.013811588287353516 , 0.003835595871377323  , entropy        ,              25,                   ,                      4,                       5, best          , "{'criterion': 'entropy', 'max_depth': 25, 'max_features': None, 'min_samples_leaf': 4, 'min_samples_split': 5, 'splitter': 'best'}"       , 0.5550660792951542 , 0.5695364238410596 , 0.5798722044728435 , 0.5327731092436975 , 0.5640194489465153 , 0.560253453159854  , 0.015920614444025788 ,             329
0.12091255187988281 , 0.008568918462119447  , 0.009592485427856446 , 0.0010736509270679426 , entropy        ,              20, log2              ,                      2,                      20, best          , "{'criterion': 'entropy', 'max_depth': 20, 'max_features': 'log2', 'min_samples_leaf': 2, 'min_samples_split': 20, 'splitter': 'best'}"    , 0.5552367288378766 , 0.5632352941176471 , 0.5587583148558758 , 0.5589080459770115 , 0.564434845212383  , 0.5601146458001589 , 0.0033314309099059477,             331
0.10384893417358398 , 0.007687910115200333  , 0.006145620346069336 , 0.0006764157973615159 , entropy        ,              20, sqrt              ,                      2,                       2, best          , "{'criterion': 'entropy', 'max_depth': 20, 'max_features': 'sqrt', 'min_samples_leaf': 2, 'min_samples_split': 2, 'splitter': 'best'}"     , 0.5759244689221086 , 0.5828025477707006 , 0.557403008709422  , 0.5574534161490683 , 0.5259792166266987 , 0.5599125316355996 , 0.01971877174734112  ,             332
0.08067288398742675 , 0.002649956568516667  , 0.006612968444824219 , 0.0011457197155888864 , entropy        ,              15, log2              ,                      2,                      10, best          , "{'criterion': 'entropy', 'max_depth': 15, 'max_features': 'log2', 'min_samples_leaf': 2, 'min_samples_split': 10, 'splitter': 'best'}"    , 0.5917076598735067 , 0.5548980933596318 , 0.5476510067114094 , 0.5635876840696118 , 0.5414364640883977 , 0.5598561816205114 , 0.017557196274781316 ,             333
0.8128328323364258  , 0.021386186099999295  , 0.009914207458496093 , 0.00089071916810156   , gini           ,              25,                   ,                      1,                      20, best          , "{'criterion': 'gini', 'max_depth': 25, 'max_features': None, 'min_samples_leaf': 1, 'min_samples_split': 20, 'splitter': 'best'}"         , 0.5437392795883362 , 0.5673076923076923 , 0.5764331210191083 , 0.5606557377049181 , 0.549717057396928  , 0.5595705776033966 , 0.01177376527828768  ,             334
0.10239315032958984 , 0.003251778055919461  , 0.009718942642211913 , 0.0004931408624323319 , entropy        ,              25,                   ,                      2,                       5, random        , "{'criterion': 'entropy', 'max_depth': 25, 'max_features': None, 'min_samples_leaf': 2, 'min_samples_split': 5, 'splitter': 'random'}"     , 0.566340160284951  , 0.5794392523364486 , 0.5681063122923588 , 0.5278246205733558 , 0.5532953620829943 , 0.5590011415140216 , 0.017657933527408316 ,             335
0.09374732971191406 , 0.0031026625380402837 , 0.010825443267822265 , 0.001008102674934013  , entropy        ,                ,                   ,                      8,                      20, random        , "{'criterion': 'entropy', 'max_depth': None, 'max_features': None, 'min_samples_leaf': 8, 'min_samples_split': 20, 'splitter': 'random'}"  , 0.5521292217327459 , 0.5714285714285714 , 0.5873821609862219 , 0.5510052122114668 , 0.5323529411764706 , 0.5588596215070953 , 0.018873833151337605 ,             336
0.0842207908630371  , 0.0033862351249030758 , 0.006566476821899414 , 0.00018319450637549917, entropy        ,              15, log2              ,                      4,                       5, best          , "{'criterion': 'entropy', 'max_depth': 15, 'max_features': 'log2', 'min_samples_leaf': 4, 'min_samples_split': 5, 'splitter': 'best'}"     , 0.5545762711864407 , 0.5699067909454061 , 0.5656016315431679 , 0.5440666204024983 , 0.5590062111801242 , 0.5586315050515275 , 0.008993730333082544 ,             337
0.083856201171875   , 0.004114739617878314  , 0.006907796859741211 , 0.0008028952947063051 , entropy        ,              15, log2              ,                      4,                       2, best          , "{'criterion': 'entropy', 'max_depth': 15, 'max_features': 'log2', 'min_samples_leaf': 4, 'min_samples_split': 2, 'splitter': 'best'}"     , 0.5545762711864407 , 0.5699067909454061 , 0.5656016315431679 , 0.5440666204024983 , 0.5590062111801242 , 0.5586315050515275 , 0.008993730333082544 ,             337
0.8294364452362061  , 0.014728395918810162  , 0.009449625015258789 , 0.0009202345719062999 , gini           ,                ,                   ,                      2,                      10, best          , "{'criterion': 'gini', 'max_depth': None, 'max_features': None, 'min_samples_leaf': 2, 'min_samples_split': 10, 'splitter': 'best'}"       , 0.5440414507772021 , 0.5723849372384937 , 0.5631229235880398 , 0.5622280243690165 , 0.5511945392491467 , 0.5585943750443797 , 0.009903897611335285 ,             339
0.08481969833374023 , 0.00574664065584471   , 0.008978652954101562 , 0.0002965453852215697 , gini           ,              20,                   ,                      2,                       5, random        , "{'criterion': 'gini', 'max_depth': 20, 'max_features': None, 'min_samples_leaf': 2, 'min_samples_split': 5, 'splitter': 'random'}"        , 0.5438165438165438 , 0.5869894099848714 , 0.5429200293470287 , 0.5681645087585682 , 0.5508145849495734 , 0.5585410153713172 , 0.016866806307439235 ,             340
0.08658175468444824 , 0.0024373699766217275 , 0.00967707633972168  , 0.0012692230164494957 , entropy        ,                ,                   ,                      1,                      20, random        , "{'criterion': 'entropy', 'max_depth': None, 'max_features': None, 'min_samples_leaf': 1, 'min_samples_split': 20, 'splitter': 'random'}"  , 0.563011456628478  , 0.5745682888540031 , 0.565015479876161  , 0.5347334410339257 , 0.5545023696682464 , 0.5583662072121628 , 0.013429337261606271 ,             341
0.05658316612243652 , 0.0005267201181065876 , 0.006055116653442383 , 0.0004158564081382416 , gini           ,              10, log2              ,                      2,                      10, best          , "{'criterion': 'gini', 'max_depth': 10, 'max_features': 'log2', 'min_samples_leaf': 2, 'min_samples_split': 10, 'splitter': 'best'}"       , 0.5494949494949495 , 0.5910290237467019 , 0.5487411233053583 , 0.5301038062283737 , 0.5706907682375726 , 0.5580119342025911 , 0.020919998110316255 ,             342
0.1117642879486084  , 0.01421130646530064   , 0.011171102523803711 , 0.0012357568405144974 , entropy        ,              25,                   ,                      4,                       5, random        , "{'criterion': 'entropy', 'max_depth': 25, 'max_features': None, 'min_samples_leaf': 4, 'min_samples_split': 5, 'splitter': 'random'}"     , 0.5472868217054263 , 0.5770690964312832 , 0.5739692805173807 , 0.5519937451133698 , 0.5392385392385393 , 0.5579114966011998 , 0.014976307231949423 ,             343
0.10822553634643554 , 0.006063200634002807  , 0.011587047576904297 , 0.004119253130142473  , entropy        ,              25,                   ,                      4,                       2, random        , "{'criterion': 'entropy', 'max_depth': 25, 'max_features': None, 'min_samples_leaf': 4, 'min_samples_split': 2, 'splitter': 'random'}"     , 0.5472868217054263 , 0.5770690964312832 , 0.5739692805173807 , 0.5519937451133698 , 0.5392385392385393 , 0.5579114966011998 , 0.014976307231949423 ,             343
0.06746692657470703 , 0.0034581491901819568 , 0.006103992462158203 , 0.0007081569946595953 , entropy        ,              10, log2              ,                      2,                      20, best          , "{'criterion': 'entropy', 'max_depth': 10, 'max_features': 'log2', 'min_samples_leaf': 2, 'min_samples_split': 20, 'splitter': 'best'}"    , 0.5453137103020914 , 0.6036217303822937 , 0.5544848035581913 , 0.5498525073746313 , 0.5352517985611511 , 0.5577049100356718 , 0.023824641654161833 ,             345
0.08377256393432617 , 0.003644056665875421  , 0.009505605697631836 , 0.0022190760732316455 , gini           ,              20,                   ,                      1,                      10, random        , "{'criterion': 'gini', 'max_depth': 20, 'max_features': None, 'min_samples_leaf': 1, 'min_samples_split': 10, 'splitter': 'random'}"       , 0.5508253692441355 , 0.5659213569776407 , 0.5447154471544715 , 0.56               , 0.5670553935860059 , 0.5577035133924506 , 0.008674827936173128 ,             346
0.12969522476196288 , 0.006142014279795881  , 0.007002782821655273 , 0.0007824555371526815 , entropy        ,              20, sqrt              ,                      1,                       5, best          , "{'criterion': 'entropy', 'max_depth': 20, 'max_features': 'sqrt', 'min_samples_leaf': 1, 'min_samples_split': 5, 'splitter': 'best'}"     , 0.5468392993145469 , 0.5740740740740741 , 0.556923076923077  , 0.5493072534637327 , 0.5612903225806452 , 0.5576868052712152 , 0.009695323313644586 ,             347
0.8092102527618408  , 0.0053827855278249966 , 0.009223699569702148 , 0.0007138222953619016 , gini           ,              25,                   ,                      2,                       2, best          , "{'criterion': 'gini', 'max_depth': 25, 'max_features': None, 'min_samples_leaf': 2, 'min_samples_split': 2, 'splitter': 'best'}"          , 0.5361930294906166 , 0.5747702589807853 , 0.5641891891891891 , 0.5596491228070175 , 0.5532271584241408 , 0.5576057517783498 , 0.012804796572681689 ,             348
0.027450752258300782, 0.00641209395198629   , 0.0074345111846923825, 0.0013992847431769317 , gini           ,              10, sqrt              ,                      1,                       5, random        , "{'criterion': 'gini', 'max_depth': 10, 'max_features': 'sqrt', 'min_samples_leaf': 1, 'min_samples_split': 5, 'splitter': 'random'}"      , 0.552              , 0.5458115183246073 , 0.5577051367578385 , 0.5652973635806254 , 0.5665349143610013 , 0.5574697866048146 , 0.007865579152716682 ,             349
0.08280096054077149 , 0.002781615106821856  , 0.006238031387329102 , 0.000602401470020101  , entropy        ,              15, log2              ,                      1,                       5, best          , "{'criterion': 'entropy', 'max_depth': 15, 'max_features': 'log2', 'min_samples_leaf': 1, 'min_samples_split': 5, 'splitter': 'best'}"     , 0.5899379738111648 , 0.5836200963523744 , 0.5268225584594223 , 0.5391566265060241 , 0.5471562275017998 , 0.5573386965261571 , 0.024975707735667266 ,             350
0.08263101577758789 , 0.0030469867754045507 , 0.005629396438598633 , 0.0005396703122382206 , entropy        ,              15, log2              ,                      1,                      10, best          , "{'criterion': 'entropy', 'max_depth': 15, 'max_features': 'log2', 'min_samples_leaf': 1, 'min_samples_split': 10, 'splitter': 'best'}"    , 0.5854341736694678 , 0.5650969529085873 , 0.5391304347826087 , 0.559322033898305  , 0.5375796178343949 , 0.5573126426186727 , 0.01775071039466261  ,             351
0.8873057842254639  , 0.012671662512595789  , 0.009403800964355469 , 0.0006536742249245954 , gini           ,              25,                   ,                      1,                       5, best          , "{'criterion': 'gini', 'max_depth': 25, 'max_features': None, 'min_samples_leaf': 1, 'min_samples_split': 5, 'splitter': 'best'}"          , 0.519742883379247  , 0.5750853242320819 , 0.5697177074422584 , 0.5659388646288209 , 0.5560307955517536 , 0.5573031150468324 , 0.01978532303762361  ,             352
1.0400550842285157  , 0.018560419445130264  , 0.01068735122680664  , 0.00046814402026624336, entropy        ,              25,                   ,                      1,                      10, best          , "{'criterion': 'entropy', 'max_depth': 25, 'max_features': None, 'min_samples_leaf': 1, 'min_samples_split': 10, 'splitter': 'best'}"      , 0.5632798573975044 , 0.5571797076526225 , 0.5700082850041425 , 0.544839255499154  , 0.5498742665549036 , 0.5570362744216654 , 0.009025935821835713 ,             353
0.07626023292541503 , 0.0031350357264166265 , 0.006453561782836914 , 0.0006092504052744922 , gini           ,              15, sqrt              ,                      4,                      10, best          , "{'criterion': 'gini', 'max_depth': 15, 'max_features': 'sqrt', 'min_samples_leaf': 4, 'min_samples_split': 10, 'splitter': 'best'}"       , 0.5519203413940256 , 0.5625879043600562 , 0.5646580907244414 , 0.563564875491481  , 0.5423497267759563 , 0.5570161877491921 , 0.008641767710090596 ,             354
0.8291873931884766  , 0.010558284527377627  , 0.009539985656738281 , 0.001323547423201989  , gini           ,              25,                   ,                      1,                       2, best          , "{'criterion': 'gini', 'max_depth': 25, 'max_features': None, 'min_samples_leaf': 1, 'min_samples_split': 2, 'splitter': 'best'}"          , 0.5297397769516728 , 0.5780845556514237 , 0.5770887166236004 , 0.5502645502645502 , 0.5490877497827976 , 0.556853069854809  , 0.018434190123498284 ,             355
0.09708929061889648 , 0.005181248089318841  , 0.009300994873046874 , 0.0007075407768194823 , entropy        ,                ,                   ,                      2,                      10, random        , "{'criterion': 'entropy', 'max_depth': None, 'max_features': None, 'min_samples_leaf': 2, 'min_samples_split': 10, 'splitter': 'random'}"  , 0.5486415425065732 , 0.570727718724448  , 0.5282700421940928 , 0.5617977528089888 , 0.5740281224152192 , 0.5566930357298643 , 0.016710648091946306 ,             356
0.020505428314208984, 0.0006989744609202792 , 0.0063975811004638675, 0.0005523625863897485 , entropy        ,              10, sqrt              ,                      1,                       5, random        , "{'criterion': 'entropy', 'max_depth': 10, 'max_features': 'sqrt', 'min_samples_leaf': 1, 'min_samples_split': 5, 'splitter': 'random'}"   , 0.5515394912985274 , 0.5608667941363926 , 0.5482483097725875 , 0.5738125802310655 , 0.548469387755102  , 0.5565873126387351 , 0.009756474558125637 ,             357
0.08239293098449707 , 0.003652211493873223  , 0.006034278869628906 , 0.00024150296189715578, gini           ,              20, sqrt              ,                      4,                       5, best          , "{'criterion': 'gini', 'max_depth': 20, 'max_features': 'sqrt', 'min_samples_leaf': 4, 'min_samples_split': 5, 'splitter': 'best'}"        , 0.5687134502923976 , 0.5398956002982849 , 0.5734974656046343 , 0.5284431137724551 , 0.5722585330428468 , 0.5565616326021238 , 0.01870448892666988  ,             358
0.13902702331542968 , 0.021756766733726497  , 0.008096027374267577 , 0.0011526080269112342 , gini           ,              20, sqrt              ,                      4,                       2, best          , "{'criterion': 'gini', 'max_depth': 20, 'max_features': 'sqrt', 'min_samples_leaf': 4, 'min_samples_split': 2, 'splitter': 'best'}"        , 0.5687134502923976 , 0.5398956002982849 , 0.5734974656046343 , 0.5284431137724551 , 0.5722585330428468 , 0.5565616326021238 , 0.01870448892666988  ,             358
0.07999973297119141 , 0.005272987927980394  , 0.006410121917724609 , 0.00044853696854548327, gini           ,              15, sqrt              ,                      2,                      10, best          , "{'criterion': 'gini', 'max_depth': 15, 'max_features': 'sqrt', 'min_samples_leaf': 2, 'min_samples_split': 10, 'splitter': 'best'}"       , 0.5403348554033486 , 0.5708154506437768 , 0.5517241379310345 , 0.5655172413793104 , 0.554016620498615  , 0.556481661171217  , 0.010738054011265569 ,             360
0.021724367141723634, 0.0008614464612427576 , 0.006123256683349609 , 0.0005708536532391017 , entropy        ,              10, sqrt              ,                      2,                       2, random        , "{'criterion': 'entropy', 'max_depth': 10, 'max_features': 'sqrt', 'min_samples_leaf': 2, 'min_samples_split': 2, 'splitter': 'random'}"   , 0.5575447570332481 , 0.5660377358490566 , 0.5498783454987834 , 0.565016501650165  , 0.5438485804416404 , 0.5564651840945787 , 0.00858474678928782  ,             361
0.09483447074890136 , 0.005935537347447187  , 0.0064319133758544925, 0.0007208143501885097 , entropy        ,              20, sqrt              ,                      8,                       5, best          , "{'criterion': 'entropy', 'max_depth': 20, 'max_features': 'sqrt', 'min_samples_leaf': 8, 'min_samples_split': 5, 'splitter': 'best'}"     , 0.5748324646314222 , 0.5961538461538461 , 0.5373352855051244 , 0.5568181818181818 , 0.5171658144631117 , 0.5564611185143372 , 0.027651636076715155 ,             362
0.09271512031555176 , 0.0061596523681063    , 0.00647282600402832  , 0.000560032037276438  , entropy        ,              20, sqrt              ,                      8,                      10, best          , "{'criterion': 'entropy', 'max_depth': 20, 'max_features': 'sqrt', 'min_samples_leaf': 8, 'min_samples_split': 10, 'splitter': 'best'}"    , 0.5748324646314222 , 0.5961538461538461 , 0.5373352855051244 , 0.5568181818181818 , 0.5171658144631117 , 0.5564611185143372 , 0.027651636076715155 ,             362
0.10163564682006836 , 0.009135134272949558  , 0.006865787506103516 , 0.0010410220162226113 , entropy        ,              20, sqrt              ,                      8,                       2, best          , "{'criterion': 'entropy', 'max_depth': 20, 'max_features': 'sqrt', 'min_samples_leaf': 8, 'min_samples_split': 2, 'splitter': 'best'}"     , 0.5748324646314222 , 0.5961538461538461 , 0.5373352855051244 , 0.5568181818181818 , 0.5171658144631117 , 0.5564611185143372 , 0.027651636076715155 ,             362
0.07983064651489258 , 0.002819677676374706  , 0.006463479995727539 , 0.0007995597506293489 , gini           ,              15, sqrt              ,                      2,                       5, best          , "{'criterion': 'gini', 'max_depth': 15, 'max_features': 'sqrt', 'min_samples_leaf': 2, 'min_samples_split': 5, 'splitter': 'best'}"        , 0.5526315789473685 , 0.5548567435359888 , 0.5344705046197583 , 0.5852631578947368 , 0.554734721289456  , 0.5563913412574617 , 0.016329972855745094 ,             365
0.07070503234863282 , 0.0019340663242525412 , 0.0065272808074951175, 0.0002777487667449485 , gini           ,              15, log2              ,                      2,                       2, best          , "{'criterion': 'gini', 'max_depth': 15, 'max_features': 'log2', 'min_samples_leaf': 2, 'min_samples_split': 2, 'splitter': 'best'}"        , 0.5954415954415955 , 0.5536888239590942 , 0.5090361445783133 , 0.5724331926863573 , 0.549685534591195  , 0.5560570582513111 , 0.028553426129924814 ,             366
0.09018783569335938 , 0.0025940538033117507 , 0.006148386001586914 , 0.0005729005753208817 , entropy        ,              15, sqrt              ,                      4,                      10, best          , "{'criterion': 'entropy', 'max_depth': 15, 'max_features': 'sqrt', 'min_samples_leaf': 4, 'min_samples_split': 10, 'splitter': 'best'}"    , 0.5764192139737991 , 0.5732217573221757 , 0.5330634278002699 , 0.5666666666666667 , 0.5303788420300214 , 0.5559499815585867 , 0.02004908263798175  ,             367
0.09324378967285156 , 0.004910502450332688  , 0.007290935516357422 , 0.0007727490284738493 , gini           ,              20, sqrt              ,                      1,                      20, best          , "{'criterion': 'gini', 'max_depth': 20, 'max_features': 'sqrt', 'min_samples_leaf': 1, 'min_samples_split': 20, 'splitter': 'best'}"       , 0.5745614035087719 , 0.5631067961165048 , 0.5674891146589259 , 0.5545126353790614 , 0.5200617283950617 , 0.5559463356116652 , 0.019082920253651027 ,             368
0.0698319911956787  , 0.0016687103440213866 , 0.006446027755737304 , 0.00046688018607570007, gini           ,              15, log2              ,                      1,                      20, best          , "{'criterion': 'gini', 'max_depth': 15, 'max_features': 'log2', 'min_samples_leaf': 1, 'min_samples_split': 20, 'splitter': 'best'}"       , 0.5302806499261448 , 0.603042876901798  , 0.5476878612716763 , 0.5554072096128171 , 0.5428571428571428 , 0.5558551481139158 , 0.024966337615414544 ,             369
1.0220634937286377  , 0.015625774348612044  , 0.012441539764404297 , 0.004169459436750802  , entropy        ,                ,                   ,                      2,                      10, best          , "{'criterion': 'entropy', 'max_depth': None, 'max_features': None, 'min_samples_leaf': 2, 'min_samples_split': 10, 'splitter': 'best'}"    , 0.5704162976085031 , 0.559931506849315  , 0.5655526992287918 , 0.5626072041166381 , 0.5180616740088105 , 0.5553138763624117 , 0.01894813100240389  ,             370
0.06907410621643066 , 0.003597605263639101  , 0.006113481521606445 , 0.0005824677317549271 , gini           ,              15, log2              ,                      4,                       2, best          , "{'criterion': 'gini', 'max_depth': 15, 'max_features': 'log2', 'min_samples_leaf': 4, 'min_samples_split': 2, 'splitter': 'best'}"        , 0.549618320610687  , 0.572829131652661  , 0.5469277515192438 , 0.5538881309686221 , 0.5527065527065527 , 0.5551939774915533 , 0.009146689247667244 ,             371
0.06898164749145508 , 0.0036695000488819463 , 0.0058615684509277345, 0.0003349744687952241 , gini           ,              15, log2              ,                      4,                       5, best          , "{'criterion': 'gini', 'max_depth': 15, 'max_features': 'log2', 'min_samples_leaf': 4, 'min_samples_split': 5, 'splitter': 'best'}"        , 0.549618320610687  , 0.572829131652661  , 0.5469277515192438 , 0.5538881309686221 , 0.5527065527065527 , 0.5551939774915533 , 0.009146689247667244 ,             371
0.08295230865478516 , 0.004945659166213671  , 0.006420040130615234 , 0.0005277918693144379 , entropy        ,              15, log2              ,                      2,                       5, best          , "{'criterion': 'entropy', 'max_depth': 15, 'max_features': 'log2', 'min_samples_leaf': 2, 'min_samples_split': 5, 'splitter': 'best'}"     , 0.5457543281121187 , 0.5869565217391305 , 0.5511049723756906 , 0.5379310344827586 , 0.5540636042402827 , 0.5551620921899962 , 0.016816468249744455 ,             373
1.2906603813171387  , 0.017556819216675398  , 0.012195396423339843 , 0.0029477197622677902 , entropy        ,              25,                   ,                      2,                      10, best          , "{'criterion': 'entropy', 'max_depth': 25, 'max_features': None, 'min_samples_leaf': 2, 'min_samples_split': 10, 'splitter': 'best'}"      , 0.5669014084507042 , 0.5511411665257819 , 0.5700164744645799 , 0.5489539748953974 , 0.5383980181668043 , 0.5550822085006536 , 0.01178282693927876  ,             374
0.10905313491821289 , 0.007194291748474421  , 0.007114315032958984 , 0.000672783614223862  , entropy        ,              20, sqrt              ,                      2,                      20, best          , "{'criterion': 'entropy', 'max_depth': 20, 'max_features': 'sqrt', 'min_samples_leaf': 2, 'min_samples_split': 20, 'splitter': 'best'}"    , 0.5532591414944356 , 0.5651465798045603 , 0.5624082232011748 , 0.5521380345086272 , 0.5412445730824892 , 0.5548393104182574 , 0.008463320288320865 ,             375
0.06911840438842773 , 0.004613966462440682  , 0.006212711334228516 , 0.0006174368435064265 , gini           ,              15, log2              ,                      2,                       5, best          , "{'criterion': 'gini', 'max_depth': 15, 'max_features': 'log2', 'min_samples_leaf': 2, 'min_samples_split': 5, 'splitter': 'best'}"        , 0.5224111282843895 , 0.5751445086705202 , 0.5433691756272402 , 0.5933014354066986 , 0.5385149201943095 , 0.5545482336366316 , 0.025848981453981117 ,             376
0.02267460823059082 , 0.0006103543825382411 , 0.00674591064453125  , 0.00043517864999766505, entropy        ,              15, sqrt              ,                      8,                      20, random        , "{'criterion': 'entropy', 'max_depth': 15, 'max_features': 'sqrt', 'min_samples_leaf': 8, 'min_samples_split': 20, 'splitter': 'random'}"  , 0.5584854631507775 , 0.5497808390732624 , 0.5619615639496355 , 0.5460440985732814 , 0.5554789800137836 , 0.5543501889521482 , 0.005765028829218973 ,             377
0.9372402667999268  , 0.01640183936328929   , 0.010045671463012695 , 0.0012124102092871188 , entropy        ,                ,                   ,                      1,                      10, best          , "{'criterion': 'entropy', 'max_depth': None, 'max_features': None, 'min_samples_leaf': 1, 'min_samples_split': 10, 'splitter': 'best'}"    , 0.5545454545454546 , 0.5574912891986062 , 0.5674740484429066 , 0.5499557913351016 , 0.5412186379928315 , 0.5541370443029802 , 0.008644784961465351 ,             378
0.12259011268615723 , 0.02145438591239089   , 0.012637090682983399 , 0.0023241818569286468 , entropy        ,              20,                   ,                      1,                       5, random        , "{'criterion': 'entropy', 'max_depth': 20, 'max_features': None, 'min_samples_leaf': 1, 'min_samples_split': 5, 'splitter': 'random'}"     , 0.5409015025041736 , 0.5725806451612904 , 0.5665680473372781 , 0.5457438345266508 , 0.5445783132530121 , 0.5540744685564809 , 0.012897065920450174 ,             379
0.1314683437347412  , 0.011827766186413497  , 0.010059642791748046 , 0.0006561990771420583 , entropy        ,              20, log2              ,                      4,                      20, best          , "{'criterion': 'entropy', 'max_depth': 20, 'max_features': 'log2', 'min_samples_leaf': 4, 'min_samples_split': 20, 'splitter': 'best'}"    , 0.5405405405405406 , 0.5525925925925926 , 0.5673959068454482 , 0.5405405405405406 , 0.5685884691848907 , 0.5539316099408025 , 0.012300774454167789 ,             380
0.1018838882446289  , 0.007517471564845279  , 0.013289117813110351 , 0.0029590870517783026 , entropy        ,              25,                   ,                      1,                      10, random        , "{'criterion': 'entropy', 'max_depth': 25, 'max_features': None, 'min_samples_leaf': 1, 'min_samples_split': 10, 'splitter': 'random'}"    , 0.5522875816993464 , 0.5725677830940988 , 0.554177005789909  , 0.5376518218623482 , 0.5525291828793775 , 0.553842675065016  , 0.011108814088483543 ,             381
0.08641262054443359 , 0.005831550203097073  , 0.006330633163452148 , 0.0001783076812841011 , gini           ,              20, sqrt              ,                      2,                      10, best          , "{'criterion': 'gini', 'max_depth': 20, 'max_features': 'sqrt', 'min_samples_leaf': 2, 'min_samples_split': 10, 'splitter': 'best'}"       , 0.560717196414018  , 0.5734375          , 0.5626865671641791 , 0.5457317073170732 , 0.5262368815592204 , 0.5537619704908983 , 0.016353994632649055 ,             382
0.06962494850158692 , 0.002941733925118553  , 0.0061242103576660155, 0.0005154018429945505 , gini           ,              20, log2              ,                      8,                       5, best          , "{'criterion': 'gini', 'max_depth': 20, 'max_features': 'log2', 'min_samples_leaf': 8, 'min_samples_split': 5, 'splitter': 'best'}"        , 0.5372262773722628 , 0.5767309064953604 , 0.5615550755939525 , 0.56758669497523   , 0.5255366395262768 , 0.5537271187926166 , 0.019232887963921315 ,             383
0.07042760848999023 , 0.003026031848110094  , 0.006560802459716797 , 0.0005505411994146724 , gini           ,              20, log2              ,                      8,                       2, best          , "{'criterion': 'gini', 'max_depth': 20, 'max_features': 'log2', 'min_samples_leaf': 8, 'min_samples_split': 2, 'splitter': 'best'}"        , 0.5372262773722628 , 0.5767309064953604 , 0.5615550755939525 , 0.56758669497523   , 0.5255366395262768 , 0.5537271187926166 , 0.019232887963921315 ,             383
0.06987347602844238 , 0.0038817005425087086 , 0.006065654754638672 , 0.0004241020459011345 , gini           ,              20, log2              ,                      8,                      10, best          , "{'criterion': 'gini', 'max_depth': 20, 'max_features': 'log2', 'min_samples_leaf': 8, 'min_samples_split': 10, 'splitter': 'best'}"       , 0.5372262773722628 , 0.5767309064953604 , 0.5615550755939525 , 0.56758669497523   , 0.5255366395262768 , 0.5537271187926166 , 0.019232887963921315 ,             383
0.06821517944335938 , 0.005144939207419675  , 0.006168985366821289 , 0.0005238448598415134 , gini           ,              15, log2              ,                      4,                      20, best          , "{'criterion': 'gini', 'max_depth': 15, 'max_features': 'log2', 'min_samples_leaf': 4, 'min_samples_split': 20, 'splitter': 'best'}"       , 0.5390915860014892 , 0.5736434108527132 , 0.5391766268260292 , 0.5633617859487853 , 0.5533101045296167 , 0.5537167028317267 , 0.013531995385880468 ,             386
0.06686244010925294 , 0.0020047021486516024 , 0.005966091156005859 , 0.000295433796119507  , entropy        ,              10, log2              ,                      8,                      10, best          , "{'criterion': 'entropy', 'max_depth': 10, 'max_features': 'log2', 'min_samples_leaf': 8, 'min_samples_split': 10, 'splitter': 'best'}"    , 0.5376344086021505 , 0.5766710353866317 , 0.5611421477343265 , 0.5629348513598988 , 0.5299260255548084 , 0.5536616937275631 , 0.017272140922905823 ,             387
0.06743574142456055 , 0.0020664171041804725 , 0.006077432632446289 , 0.00025055020865933156, entropy        ,              10, log2              ,                      8,                       2, best          , "{'criterion': 'entropy', 'max_depth': 10, 'max_features': 'log2', 'min_samples_leaf': 8, 'min_samples_split': 2, 'splitter': 'best'}"     , 0.5376344086021505 , 0.5766710353866317 , 0.5611421477343265 , 0.5629348513598988 , 0.5299260255548084 , 0.5536616937275631 , 0.017272140922905823 ,             387
0.06906523704528808 , 0.00299856965140503   , 0.006263351440429688 , 0.0005436019855098315 , entropy        ,              10, log2              ,                      8,                       5, best          , "{'criterion': 'entropy', 'max_depth': 10, 'max_features': 'log2', 'min_samples_leaf': 8, 'min_samples_split': 5, 'splitter': 'best'}"     , 0.5376344086021505 , 0.5766710353866317 , 0.5611421477343265 , 0.5629348513598988 , 0.5299260255548084 , 0.5536616937275631 , 0.017272140922905823 ,             387
0.09361057281494141 , 0.0027287580447409856 , 0.006376075744628906 , 0.0006624683622973228 , entropy        ,              15, sqrt              ,                      2,                      10, best          , "{'criterion': 'entropy', 'max_depth': 15, 'max_features': 'sqrt', 'min_samples_leaf': 2, 'min_samples_split': 10, 'splitter': 'best'}"    , 0.5358778625954198 , 0.5726256983240223 , 0.5461956521739131 , 0.5666199158485273 , 0.5457025920873124 , 0.5534043442058391 , 0.013874952772001597 ,             390
1.0017316341400146  , 0.021867625147866648  , 0.011589479446411134 , 0.0018236925428557417 , entropy        ,                ,                   ,                      4,                       5, best          , "{'criterion': 'entropy', 'max_depth': None, 'max_features': None, 'min_samples_leaf': 4, 'min_samples_split': 5, 'splitter': 'best'}"     , 0.5511111111111111 , 0.5621890547263682 , 0.5721352019785655 , 0.5320786997433704 , 0.5494505494505495 , 0.553392923401993  , 0.013443883682858378 ,             391
1.0141343593597412  , 0.015846075284764935  , 0.011841678619384765 , 0.002806663357640378  , entropy        ,                ,                   ,                      4,                       2, best          , "{'criterion': 'entropy', 'max_depth': None, 'max_features': None, 'min_samples_leaf': 4, 'min_samples_split': 2, 'splitter': 'best'}"     , 0.5511111111111111 , 0.5621890547263682 , 0.5721352019785655 , 0.5320786997433704 , 0.5494505494505495 , 0.553392923401993  , 0.013443883682858378 ,             391
0.078804349899292   , 0.004235169118153216  , 0.006355428695678711 , 0.0005995180046142433 , gini           ,              15, sqrt              ,                      8,                       2, best          , "{'criterion': 'gini', 'max_depth': 15, 'max_features': 'sqrt', 'min_samples_leaf': 8, 'min_samples_split': 2, 'splitter': 'best'}"        , 0.5730994152046783 , 0.5458422174840085 , 0.5442073170731707 , 0.5647382920110193 , 0.5389876880984952 , 0.5533749859742744 , 0.013160250202215338 ,             393
0.07781667709350586 , 0.004461685067625992  , 0.006519794464111328 , 0.0008297064248967755 , gini           ,              15, sqrt              ,                      8,                       5, best          , "{'criterion': 'gini', 'max_depth': 15, 'max_features': 'sqrt', 'min_samples_leaf': 8, 'min_samples_split': 5, 'splitter': 'best'}"        , 0.5730994152046783 , 0.5458422174840085 , 0.5442073170731707 , 0.5647382920110193 , 0.5389876880984952 , 0.5533749859742744 , 0.013160250202215338 ,             393
0.0859715461730957  , 0.006521174295576593  , 0.007297658920288086 , 0.0009403765863279913 , gini           ,              15, sqrt              ,                      8,                      10, best          , "{'criterion': 'gini', 'max_depth': 15, 'max_features': 'sqrt', 'min_samples_leaf': 8, 'min_samples_split': 10, 'splitter': 'best'}"       , 0.5730994152046783 , 0.5458422174840085 , 0.5442073170731707 , 0.5647382920110193 , 0.5389876880984952 , 0.5533749859742744 , 0.013160250202215338 ,             393
0.02272958755493164 , 0.0005725833791419717 , 0.006335735321044922 , 0.00023685606114145122, entropy        ,              15, sqrt              ,                      1,                      20, random        , "{'criterion': 'entropy', 'max_depth': 15, 'max_features': 'sqrt', 'min_samples_leaf': 1, 'min_samples_split': 20, 'splitter': 'random'}"  , 0.5487106017191977 , 0.5898989898989899 , 0.5247376311844077 , 0.5443349753694581 , 0.5588437715072264 , 0.553305193935856  , 0.02138907424284569  ,             396
0.10480809211730957 , 0.009794694440304058  , 0.009634017944335938 , 0.0006116660313551241 , entropy        ,              25,                   ,                      4,                      10, random        , "{'criterion': 'entropy', 'max_depth': 25, 'max_features': None, 'min_samples_leaf': 4, 'min_samples_split': 10, 'splitter': 'random'}"    , 0.5528846153846154 , 0.5821011673151751 , 0.5222135619641465 , 0.5576036866359447 , 0.5515104570100697 , 0.5532626976619903 , 0.01906705870502047  ,             397
0.0867609977722168  , 0.005458550661290275  , 0.009997320175170899 , 0.001941517330475928  , gini           ,                ,                   ,                      1,                      20, random        , "{'criterion': 'gini', 'max_depth': None, 'max_features': None, 'min_samples_leaf': 1, 'min_samples_split': 20, 'splitter': 'random'}"     , 0.5375494071146245 , 0.5853658536585366 , 0.5519379844961241 , 0.5516693163751988 , 0.539360872954014  , 0.5531766869196997 , 0.017175782920343326 ,             398
0.10701961517333984 , 0.00954874005019591   , 0.007256412506103515 , 0.0006626884202482539 , entropy        ,              25, log2              ,                      4,                      20, best          , "{'criterion': 'entropy', 'max_depth': 25, 'max_features': 'log2', 'min_samples_leaf': 4, 'min_samples_split': 20, 'splitter': 'best'}"    , 0.5460076045627377 , 0.542713567839196  , 0.5561959654178674 , 0.5382830626450116 , 0.5826330532212886 , 0.5531666507372203 , 0.01587126775961749  ,             399
0.08760595321655273 , 0.002414851415760167  , 0.009893369674682618 , 0.0006738597429295553 , gini           ,                ,                   ,                      4,                      10, random        , "{'criterion': 'gini', 'max_depth': None, 'max_features': None, 'min_samples_leaf': 4, 'min_samples_split': 10, 'splitter': 'random'}"     , 0.5586854460093896 , 0.5666156202143952 , 0.5467511885895404 , 0.5700483091787439 , 0.5229283990345938 , 0.5530057926053326 , 0.0170393833039644   ,             400
0.8068869590759278  , 0.01845401773074038   , 0.00955510139465332  , 0.0008912907966157518 , gini           ,              25,                   ,                      4,                      10, best          , "{'criterion': 'gini', 'max_depth': 25, 'max_features': None, 'min_samples_leaf': 4, 'min_samples_split': 10, 'splitter': 'best'}"         , 0.5469940728196444 , 0.5714285714285714 , 0.5605815831987075 , 0.5360323886639676 , 0.5482562854825629 , 0.5526585803186908 , 0.012190025716726671 ,             401
0.06413640975952148 , 0.0030726860114099583 , 0.005699682235717774 , 0.0003472748225223092 , gini           ,              15, log2              ,                      8,                      20, best          , "{'criterion': 'gini', 'max_depth': 15, 'max_features': 'log2', 'min_samples_leaf': 8, 'min_samples_split': 20, 'splitter': 'best'}"       , 0.5286855482933914 , 0.5852981969486823 , 0.5560655737704918 , 0.5746799431009957 , 0.5183058147882269 , 0.5526070153803577 , 0.025755380277860583 ,             402
0.07941617965698242 , 0.0050017889307730256 , 0.006790876388549805 , 0.0005249558942322996 , gini           ,              15, sqrt              ,                      1,                      10, best          , "{'criterion': 'gini', 'max_depth': 15, 'max_features': 'sqrt', 'min_samples_leaf': 1, 'min_samples_split': 10, 'splitter': 'best'}"       , 0.54421768707483   , 0.5911111111111111 , 0.5424696645253391 , 0.541019955654102  , 0.5424657534246575 , 0.552256834358008  , 0.019453555527103934 ,             403
0.028534603118896485, 0.0022228671492899397 , 0.007964324951171876 , 0.0008216983399942682 , entropy        ,              10, sqrt              ,                      1,                       2, random        , "{'criterion': 'entropy', 'max_depth': 10, 'max_features': 'sqrt', 'min_samples_leaf': 1, 'min_samples_split': 2, 'splitter': 'random'}"   , 0.5498108448928121 , 0.5733976567884218 , 0.5360824742268041 , 0.5477351916376306 , 0.5542319749216301 , 0.5522516284934598 , 0.012156261438318064 ,             404
0.07779936790466309 , 0.0013514957511034519 , 0.0062163352966308595, 0.0005025911466671418 , entropy        ,              15, log2              ,                      8,                      10, best          , "{'criterion': 'entropy', 'max_depth': 15, 'max_features': 'log2', 'min_samples_leaf': 8, 'min_samples_split': 10, 'splitter': 'best'}"    , 0.5451895043731778 , 0.5536723163841808 , 0.5520902455209025 , 0.5661492978566149 , 0.544127405441274  , 0.55224575391523   , 0.00788753493827878  ,             405
0.08053274154663086 , 0.0015385327802947889 , 0.006171703338623047 , 0.0004451643019839149 , entropy        ,              15, log2              ,                      8,                       2, best          , "{'criterion': 'entropy', 'max_depth': 15, 'max_features': 'log2', 'min_samples_leaf': 8, 'min_samples_split': 2, 'splitter': 'best'}"     , 0.5451895043731778 , 0.5536723163841808 , 0.5520902455209025 , 0.5661492978566149 , 0.544127405441274  , 0.55224575391523   , 0.00788753493827878  ,             405
0.07613892555236816 , 0.0013731253328646393 , 0.006492328643798828 , 0.0006985973475000205 , entropy        ,              15, log2              ,                      8,                       5, best          , "{'criterion': 'entropy', 'max_depth': 15, 'max_features': 'log2', 'min_samples_leaf': 8, 'min_samples_split': 5, 'splitter': 'best'}"     , 0.5451895043731778 , 0.5536723163841808 , 0.5520902455209025 , 0.5661492978566149 , 0.544127405441274  , 0.55224575391523   , 0.00788753493827878  ,             405
0.05903053283691406 , 0.002042750595345966  , 0.00639810562133789  , 0.0005933110718878914 , gini           ,              10, log2              ,                      1,                       2, best          , "{'criterion': 'gini', 'max_depth': 10, 'max_features': 'log2', 'min_samples_leaf': 1, 'min_samples_split': 2, 'splitter': 'best'}"        , 0.5178258328462887 , 0.5635910224438903 , 0.5482825664290344 , 0.5686711210096511 , 0.5624607658505963 , 0.5521662617158921 , 0.018456762974084526 ,             408
0.060753822326660156, 0.0025526039430950305 , 0.005942583084106445 , 0.00045829148956675237, gini           ,              10, log2              ,                      1,                      10, best          , "{'criterion': 'gini', 'max_depth': 10, 'max_features': 'log2', 'min_samples_leaf': 1, 'min_samples_split': 10, 'splitter': 'best'}"       , 0.5531628532974427 , 0.5588773642464918 , 0.5331616226658081 , 0.5484098939929328 , 0.566990291262136  , 0.5521204050929623 , 0.011323074085152712 ,             409
0.10907177925109864 , 0.011268378773945778  , 0.011432600021362305 , 0.0027115064922406716 , entropy        ,              25,                   ,                      2,                       2, random        , "{'criterion': 'entropy', 'max_depth': 25, 'max_features': None, 'min_samples_leaf': 2, 'min_samples_split': 2, 'splitter': 'random'}"     , 0.5426774483378257 , 0.5787304204451772 , 0.5617977528089888 , 0.5487179487179488 , 0.5284888521882741 , 0.5520824844996429 , 0.017093467877264304 ,             410
0.9626120090484619  , 0.01425265856561254   , 0.009814691543579102 , 0.001089344557909509  , entropy        ,                ,                   ,                      2,                       2, best          , "{'criterion': 'entropy', 'max_depth': None, 'max_features': None, 'min_samples_leaf': 2, 'min_samples_split': 2, 'splitter': 'best'}"     , 0.5598526703499079 , 0.5483870967741935 , 0.555256064690027  , 0.5618181818181818 , 0.5347985347985348 , 0.5520225096861691 , 0.009773474555870531 ,             411
0.022423362731933592, 0.0008010197026985075 , 0.006285381317138672 , 0.00024319393484520903, entropy        ,              15, sqrt              ,                      2,                      20, random        , "{'criterion': 'entropy', 'max_depth': 15, 'max_features': 'sqrt', 'min_samples_leaf': 2, 'min_samples_split': 20, 'splitter': 'random'}"  , 0.5704560925799864 , 0.5576208178438662 , 0.5362318840579711 , 0.5434356629653821 , 0.551170568561873  , 0.5517830052018158 , 0.011786897968143329 ,             412
0.06648759841918946 , 0.003109196524331252  , 0.006227636337280273 , 0.0007581592744831594 , entropy        ,              10, log2              ,                      2,                      10, best          , "{'criterion': 'entropy', 'max_depth': 10, 'max_features': 'log2', 'min_samples_leaf': 2, 'min_samples_split': 10, 'splitter': 'best'}"    , 0.5682295311406578 , 0.5665083135391924 , 0.5472154963680388 , 0.517945109078114  , 0.5587863463969659 , 0.5517369593045938 , 0.018451148792881768 ,             413
0.16614151000976562 , 0.045491985816562795  , 0.009828138351440429 , 0.004109622538763782  , entropy        ,              15, log2              ,                      4,                      10, best          , "{'criterion': 'entropy', 'max_depth': 15, 'max_features': 'log2', 'min_samples_leaf': 4, 'min_samples_split': 10, 'splitter': 'best'}"    , 0.5740378343118069 , 0.573170731707317  , 0.5311036789297658 , 0.5293296089385475 , 0.5500667556742324 , 0.551541721912334  , 0.01942758979864608  ,             414
0.02176823616027832 , 0.0010502525689471932 , 0.006529521942138672 , 0.0003836123197861658 , gini           ,              10, sqrt              ,                      4,                      20, random        , "{'criterion': 'gini', 'max_depth': 10, 'max_features': 'sqrt', 'min_samples_leaf': 4, 'min_samples_split': 20, 'splitter': 'random'}"     , 0.5377483443708609 , 0.5674121405750798 , 0.5501319261213721 , 0.5674232309746329 , 0.5348837209302325 , 0.5515198725944357 , 0.013955815393998093 ,             415
1.0802499294281005  , 0.02114739458601902   , 0.011016225814819336 , 0.0007792539395524417 , entropy        ,              25,                   ,                      1,                       5, best          , "{'criterion': 'entropy', 'max_depth': 25, 'max_features': None, 'min_samples_leaf': 1, 'min_samples_split': 5, 'splitter': 'best'}"       , 0.5661764705882353 , 0.5595026642984015 , 0.5517241379310345 , 0.5475352112676056 , 0.5326460481099656 , 0.5515169064390485 , 0.011407727951158535 ,             416
0.0871394157409668  , 0.0031128306830683302 , 0.00666966438293457  , 0.0004899366311940296 , gini           ,              20, sqrt              ,                      2,                      20, best          , "{'criterion': 'gini', 'max_depth': 20, 'max_features': 'sqrt', 'min_samples_leaf': 2, 'min_samples_split': 20, 'splitter': 'best'}"       , 0.5758754863813229 , 0.5358435916002896 , 0.5617147080561715 , 0.5391566265060241 , 0.5447470817120622 , 0.5514674988511741 , 0.015110150323338093 ,             417
0.10940375328063964 , 0.0030621616770957747 , 0.011195135116577149 , 0.0018424305806954992 , entropy        ,              25,                   ,                      1,                       2, random        , "{'criterion': 'entropy', 'max_depth': 25, 'max_features': None, 'min_samples_leaf': 1, 'min_samples_split': 2, 'splitter': 'random'}"     , 0.568935427574171  , 0.5482142857142858 , 0.5640107430617726 , 0.5379803395889187 , 0.5379061371841155 , 0.5514093866246527 , 0.01295254426734986  ,             418
0.09229369163513183 , 0.00126095938616269   , 0.009459257125854492 , 0.0007851370043908663 , gini           ,              25,                   ,                      2,                       2, random        , "{'criterion': 'gini', 'max_depth': 25, 'max_features': None, 'min_samples_leaf': 2, 'min_samples_split': 2, 'splitter': 'random'}"        , 0.5564304461942258 , 0.5834738617200674 , 0.5454545454545454 , 0.5160744500846024 , 0.5541346973572038 , 0.551113600162129  , 0.021653403180230846 ,             419
1.0503801345825194  , 0.008729593722412944  , 0.011606311798095703 , 0.0014035735941061683 , entropy        ,              25,                   ,                      2,                       2, best          , "{'criterion': 'entropy', 'max_depth': 25, 'max_features': None, 'min_samples_leaf': 2, 'min_samples_split': 2, 'splitter': 'best'}"       , 0.5615314494074749 , 0.5537117903930131 , 0.5584192439862543 , 0.5334507042253521 , 0.547759932375317  , 0.5509746240774823 , 0.009917489760990805 ,             420
1.0020216941833495  , 0.009712192049301205  , 0.012850809097290038 , 0.002814632718103077  , entropy        ,              25,                   ,                      1,                       2, best          , "{'criterion': 'entropy', 'max_depth': 25, 'max_features': None, 'min_samples_leaf': 1, 'min_samples_split': 2, 'splitter': 'best'}"       , 0.5682242990654206 , 0.5471014492753623 , 0.5516637478108581 , 0.5460930640913082 , 0.5416666666666666 , 0.5509498453819232 , 0.009203176526597648 ,             421
0.08136653900146484 , 0.002897321930070731  , 0.006276416778564453 , 0.0002927033114728777 , gini           ,              20, sqrt              ,                      8,                       2, best          , "{'criterion': 'gini', 'max_depth': 20, 'max_features': 'sqrt', 'min_samples_leaf': 8, 'min_samples_split': 2, 'splitter': 'best'}"        , 0.5428796223446105 , 0.5679012345679012 , 0.5290227773695811 , 0.5476369092273068 , 0.5665680473372781 , 0.5508017181693357 , 0.014751735333523365 ,             422
0.08099327087402344 , 0.002956463722888219  , 0.006348943710327149 , 0.0005251735960850891 , gini           ,              20, sqrt              ,                      8,                       5, best          , "{'criterion': 'gini', 'max_depth': 20, 'max_features': 'sqrt', 'min_samples_leaf': 8, 'min_samples_split': 5, 'splitter': 'best'}"        , 0.5428796223446105 , 0.5679012345679012 , 0.5290227773695811 , 0.5476369092273068 , 0.5665680473372781 , 0.5508017181693357 , 0.014751735333523365 ,             422
0.08002777099609375 , 0.004593747521242326  , 0.006261301040649414 , 0.00033900910049157365, gini           ,              20, sqrt              ,                      8,                      10, best          , "{'criterion': 'gini', 'max_depth': 20, 'max_features': 'sqrt', 'min_samples_leaf': 8, 'min_samples_split': 10, 'splitter': 'best'}"       , 0.5428796223446105 , 0.5679012345679012 , 0.5290227773695811 , 0.5476369092273068 , 0.5665680473372781 , 0.5508017181693357 , 0.014751735333523365 ,             422
0.02152538299560547 , 0.0016087875951055375 , 0.00658574104309082  , 0.0007872300111212186 , entropy        ,              10, sqrt              ,                      2,                       5, random        , "{'criterion': 'entropy', 'max_depth': 10, 'max_features': 'sqrt', 'min_samples_leaf': 2, 'min_samples_split': 5, 'splitter': 'random'}"   , 0.5768229166666666 , 0.5453392517438174 , 0.533090467516697  , 0.5474452554744526 , 0.5506287227001986 , 0.5506653228203664 , 0.014365461782806637 ,             425
0.06602473258972168 , 0.001997224564210626  , 0.005896806716918945 , 0.0003961605754562164 , entropy        ,              10, log2              ,                      2,                       5, best          , "{'criterion': 'entropy', 'max_depth': 10, 'max_features': 'log2', 'min_samples_leaf': 2, 'min_samples_split': 5, 'splitter': 'best'}"     , 0.5956873315363881 , 0.55078125         , 0.5338865836791148 , 0.5370650529500757 , 0.5352286773794809 , 0.5505297791090118 , 0.023373858464663423 ,             426
0.08456826210021973 , 0.0038086076857840293 , 0.0062372684478759766, 0.0005899237496432888 , gini           ,              15, sqrt              ,                      1,                       5, best          , "{'criterion': 'gini', 'max_depth': 15, 'max_features': 'sqrt', 'min_samples_leaf': 1, 'min_samples_split': 5, 'splitter': 'best'}"        , 0.5463035019455252 , 0.5683297180043384 , 0.5627644569816643 , 0.5457102672292545 , 0.5294117647058824 , 0.550503941773333  , 0.013810007061822026 ,             427
0.09524736404418946 , 0.001820127899233763  , 0.00958099365234375  , 0.0006844147666317913 , entropy        ,                ,                   ,                      4,                      10, random        , "{'criterion': 'entropy', 'max_depth': None, 'max_features': None, 'min_samples_leaf': 4, 'min_samples_split': 10, 'splitter': 'random'}"  , 0.536              , 0.5721115537848606 , 0.5298329355608592 , 0.5552099533437014 , 0.5585874799357945 , 0.5503483845250432 , 0.015439642906997614 ,             428
0.802699613571167   , 0.019428849433721952  , 0.009582614898681641 , 0.001161178879823098  , gini           ,                ,                   ,                      4,                      10, best          , "{'criterion': 'gini', 'max_depth': None, 'max_features': None, 'min_samples_leaf': 4, 'min_samples_split': 10, 'splitter': 'best'}"       , 0.5494880546075085 , 0.5638126009693053 , 0.5544871794871795 , 0.5359801488833746 , 0.5476973684210527 , 0.5502930704736841 , 0.009084202765023372 ,             429
0.10342049598693848 , 0.0071017303057869866 , 0.009391689300537109 , 0.0014592479327085763 , gini           ,              25,                   ,                      1,                       5, random        , "{'criterion': 'gini', 'max_depth': 25, 'max_features': None, 'min_samples_leaf': 1, 'min_samples_split': 5, 'splitter': 'random'}"        , 0.5397676496872207 , 0.5473145780051151 , 0.551219512195122  , 0.5754560530679934 , 0.5371621621621622 , 0.5501839910235227 , 0.013609196514677352 ,             430
0.10398879051208496 , 0.005498737453686851  , 0.0062081336975097655, 0.0007864976631728501 , entropy        ,              20, sqrt              ,                      4,                       5, best          , "{'criterion': 'entropy', 'max_depth': 20, 'max_features': 'sqrt', 'min_samples_leaf': 4, 'min_samples_split': 5, 'splitter': 'best'}"     , 0.5602365114560236 , 0.5577630610743194 , 0.5480696442089327 , 0.5407020164301718 , 0.5437645236250969 , 0.5501071513589089 , 0.007668817568976496 ,             431
0.10365071296691894 , 0.003210189787833584  , 0.006409406661987305 , 0.0007565857699491687 , entropy        ,              20, sqrt              ,                      4,                       2, best          , "{'criterion': 'entropy', 'max_depth': 20, 'max_features': 'sqrt', 'min_samples_leaf': 4, 'min_samples_split': 2, 'splitter': 'best'}"     , 0.5602365114560236 , 0.5577630610743194 , 0.5480696442089327 , 0.5407020164301718 , 0.5437645236250969 , 0.5501071513589089 , 0.007668817568976496 ,             431
0.0943270206451416  , 0.003394380854312274  , 0.009682607650756837 , 0.0007359648175810267 , gini           ,              25,                   ,                      2,                       5, random        , "{'criterion': 'gini', 'max_depth': 25, 'max_features': None, 'min_samples_leaf': 2, 'min_samples_split': 5, 'splitter': 'random'}"        , 0.5463829787234042 , 0.5841584158415841 , 0.5199063231850117 , 0.5539748953974896 , 0.5459098497495827 , 0.5500664925794145 , 0.02058162586455832  ,             433
0.1038353443145752  , 0.0045696915156594655 , 0.006271982192993164 , 0.0008201133304497383 , entropy        ,              20, sqrt              ,                      1,                      20, best          , "{'criterion': 'entropy', 'max_depth': 20, 'max_features': 'sqrt', 'min_samples_leaf': 1, 'min_samples_split': 20, 'splitter': 'best'}"    , 0.5541795665634675 , 0.5621621621621622 , 0.56071964017991   , 0.5532879818594104 , 0.5196969696969697 , 0.5500092640923839 , 0.015552374042833947 ,             434
0.02370896339416504 , 0.0013987769910940384 , 0.006802701950073242 , 0.0010794018531159759 , gini           ,              20, sqrt              ,                      4,                      20, random        , "{'criterion': 'gini', 'max_depth': 20, 'max_features': 'sqrt', 'min_samples_leaf': 4, 'min_samples_split': 20, 'splitter': 'random'}"     , 0.5557103064066853 , 0.5708245243128964 , 0.5428176795580111 , 0.5394021739130435 , 0.5404682274247492 , 0.5498445823230771 , 0.012007514080543371 ,             435
0.0838282585144043  , 0.0048007305510722    , 0.009134578704833984 , 0.0006878120130014111 , gini           ,              25,                   ,                      2,                      10, random        , "{'criterion': 'gini', 'max_depth': 25, 'max_features': None, 'min_samples_leaf': 2, 'min_samples_split': 10, 'splitter': 'random'}"       , 0.5620496397117695 , 0.5415676959619953 , 0.5575853852263701 , 0.5295031055900621 , 0.5584725536992841 , 0.5498356760378961 , 0.012374227025733976 ,             436
0.08011698722839355 , 0.0015697349681643988 , 0.0062774658203125   , 0.0007893145210184374 , gini           ,              25, sqrt              ,                      8,                      20, best          , "{'criterion': 'gini', 'max_depth': 25, 'max_features': 'sqrt', 'min_samples_leaf': 8, 'min_samples_split': 20, 'splitter': 'best'}"       , 0.5381649961449498 , 0.5635948210205636 , 0.574468085106383  , 0.5467836257309941 , 0.526080476900149  , 0.549818400980608  , 0.017354523452672615 ,             437
0.021353530883789062, 0.0005997491157305158 , 0.006503009796142578 , 0.0005655691862611464 , gini           ,              10, sqrt              ,                      2,                      10, random        , "{'criterion': 'gini', 'max_depth': 10, 'max_features': 'sqrt', 'min_samples_leaf': 2, 'min_samples_split': 10, 'splitter': 'random'}"     , 0.542008843967151  , 0.5598480050664978 , 0.5343980343980343 , 0.5794871794871795 , 0.5330043183220234 , 0.5497492762481773 , 0.017676514062368937 ,             438
0.06744413375854492 , 0.0020981430424563204 , 0.006345033645629883 , 0.0005773064343237427 , entropy        ,              10, log2              ,                      2,                       2, best          , "{'criterion': 'entropy', 'max_depth': 10, 'max_features': 'log2', 'min_samples_leaf': 2, 'min_samples_split': 2, 'splitter': 'best'}"     , 0.5673494723774053 , 0.5500618046971569 , 0.5569461827284106 , 0.5425531914893617 , 0.5315515961395694 , 0.5496924494863806 , 0.012203139690185797 ,             439
0.07936148643493653 , 0.0028555783735485655 , 0.0062981128692626955, 0.0011005785408963829 , gini           ,              20, log2              ,                      2,                      10, best          , "{'criterion': 'gini', 'max_depth': 20, 'max_features': 'log2', 'min_samples_leaf': 2, 'min_samples_split': 10, 'splitter': 'best'}"       , 0.5653876272513704 , 0.5584218512898331 , 0.5455915599095704 , 0.5494672754946728 , 0.529320987654321  , 0.5496378603199537 , 0.012283245636704382 ,             440
0.809425163269043   , 0.010246455540691412  , 0.009795188903808594 , 0.000576898613387735  , gini           ,                ,                   ,                      4,                       2, best          , "{'criterion': 'gini', 'max_depth': None, 'max_features': None, 'min_samples_leaf': 4, 'min_samples_split': 2, 'splitter': 'best'}"        , 0.5490533562822719 , 0.5642276422764227 , 0.5529506871463218 , 0.5345545378850958 , 0.5468102734051367 , 0.5495192993990499 , 0.009587593901118104 ,             441
0.7999598026275635  , 0.01572443450425472   , 0.010320758819580078 , 0.002420483659677749  , gini           ,                ,                   ,                      4,                       5, best          , "{'criterion': 'gini', 'max_depth': None, 'max_features': None, 'min_samples_leaf': 4, 'min_samples_split': 5, 'splitter': 'best'}"        , 0.5490533562822719 , 0.5642276422764227 , 0.5529506871463218 , 0.5345545378850958 , 0.5468102734051367 , 0.5495192993990499 , 0.009587593901118104 ,             441
0.08367438316345215 , 0.003707815136992739  , 0.006817960739135742 , 0.0007208983942757309 , gini           ,                , sqrt              ,                      8,                      20, best          , "{'criterion': 'gini', 'max_depth': None, 'max_features': 'sqrt', 'min_samples_leaf': 8, 'min_samples_split': 20, 'splitter': 'best'}"     , 0.5482625482625483 , 0.5645645645645646 , 0.574468085106383  , 0.5333333333333333 , 0.526080476900149  , 0.5493418016333956 , 0.018229578744017247 ,             443
0.7923689365386963  , 0.019872408345293788  , 0.012620353698730468 , 0.002526477747372544  , gini           ,              25,                   ,                      4,                       2, best          , "{'criterion': 'gini', 'max_depth': 25, 'max_features': None, 'min_samples_leaf': 4, 'min_samples_split': 2, 'splitter': 'best'}"          , 0.5429787234042553 , 0.5599356395816573 , 0.5586319218241043 , 0.535303776683087  , 0.5495934959349593 , 0.5492887114856126 , 0.009339592088415505 ,             444
0.8183528423309326  , 0.021231135239583632  , 0.009854555130004883 , 0.0006463550457128045 , gini           ,              25,                   ,                      4,                       5, best          , "{'criterion': 'gini', 'max_depth': 25, 'max_features': None, 'min_samples_leaf': 4, 'min_samples_split': 5, 'splitter': 'best'}"          , 0.5429787234042553 , 0.5599356395816573 , 0.5586319218241043 , 0.535303776683087  , 0.5495934959349593 , 0.5492887114856126 , 0.009339592088415505 ,             444
0.8531613349914551  , 0.011959715996995595  , 0.009180641174316407 , 0.00021881748059288531, gini           ,                ,                   ,                      1,                      20, best          , "{'criterion': 'gini', 'max_depth': None, 'max_features': None, 'min_samples_leaf': 1, 'min_samples_split': 20, 'splitter': 'best'}"       , 0.5349439171699741 , 0.5657237936772047 , 0.5643086816720257 , 0.543313708999159  , 0.5378850957535387 , 0.5492350394543805 , 0.013169762777258735 ,             446
0.13013463020324706 , 0.011142189827300388  , 0.009151029586791991 , 0.0013579137772568124 , entropy        ,              20, log2              ,                      2,                       5, best          , "{'criterion': 'entropy', 'max_depth': 20, 'max_features': 'log2', 'min_samples_leaf': 2, 'min_samples_split': 5, 'splitter': 'best'}"     , 0.559025133282559  , 0.5633575464083939 , 0.5718799368088467 , 0.5380392156862746 , 0.5138576779026217 , 0.5492319020177392 , 0.020904481084292957 ,             447
0.09057140350341797 , 0.006716487226654643  , 0.009752559661865234 , 0.001394728370257686  , gini           ,                ,                   ,                      2,                      10, random        , "{'criterion': 'gini', 'max_depth': None, 'max_features': None, 'min_samples_leaf': 2, 'min_samples_split': 10, 'splitter': 'random'}"     , 0.5194174757281553 , 0.5737179487179487 , 0.5594179466451091 , 0.5586152635719905 , 0.5345394736842105 , 0.5491416216694829 , 0.019473552191728728 ,             448
1.2275471687316895  , 0.04638861687940766   , 0.02188401222229004  , 0.0043998376750687285 , entropy        ,              25,                   ,                      2,                       5, best          , "{'criterion': 'entropy', 'max_depth': 25, 'max_features': None, 'min_samples_leaf': 2, 'min_samples_split': 5, 'splitter': 'best'}"       , 0.5587703435804702 , 0.5500878734622144 , 0.5559322033898305 , 0.5406330196749358 , 0.540084388185654  , 0.5491015656586209 , 0.0076699601310210854,             449
0.024109458923339842, 0.0008107108545562026 , 0.006390142440795899 , 0.00037595709783814254, entropy        ,              15, sqrt              ,                      1,                       5, random        , "{'criterion': 'entropy', 'max_depth': 15, 'max_features': 'sqrt', 'min_samples_leaf': 1, 'min_samples_split': 5, 'splitter': 'random'}"   , 0.5210084033613446 , 0.559638942617666  , 0.5769230769230769 , 0.5585106382978723 , 0.5286750164798946 , 0.5489512155359708 , 0.020880421947657588 ,             450
0.023358726501464845, 0.0007065485029238225 , 0.0066013336181640625, 0.0009010417570834593 , entropy        ,              15, sqrt              ,                      1,                      10, random        , "{'criterion': 'entropy', 'max_depth': 15, 'max_features': 'sqrt', 'min_samples_leaf': 1, 'min_samples_split': 10, 'splitter': 'random'}"  , 0.5067232837933475 , 0.5667412378821775 , 0.5483207676490747 , 0.5699937225360954 , 0.5521126760563381 , 0.5487783375834067 , 0.022595190100620943 ,             451
0.07313013076782227 , 0.003817451242908721  , 0.0065861701965332035, 0.00027083060240566274, gini           ,              15, log2              ,                      2,                      20, best          , "{'criterion': 'gini', 'max_depth': 15, 'max_features': 'log2', 'min_samples_leaf': 2, 'min_samples_split': 20, 'splitter': 'best'}"       , 0.5370370370370371 , 0.5592747559274756 , 0.5418502202643172 , 0.5642105263157895 , 0.5413427561837456 , 0.548743059145673  , 0.010857862065277642 ,             452
0.019948911666870118, 0.0007917297026438287 , 0.006205320358276367 , 0.0006410891965433113 , entropy        ,              10, sqrt              ,                      2,                      20, random        , "{'criterion': 'entropy', 'max_depth': 10, 'max_features': 'sqrt', 'min_samples_leaf': 2, 'min_samples_split': 20, 'splitter': 'random'}"  , 0.5403422982885085 , 0.5693215339233039 , 0.5600513808606294 , 0.5462287104622872 , 0.5270362765229295 , 0.5485960400115317 , 0.014827830826965059 ,             453
0.021172237396240235, 0.001469566861581427  , 0.006201410293579101 , 0.0001844470354360404 , entropy        ,              10, sqrt              ,                      4,                      10, random        , "{'criterion': 'entropy', 'max_depth': 10, 'max_features': 'sqrt', 'min_samples_leaf': 4, 'min_samples_split': 10, 'splitter': 'random'}"  , 0.5247732030704815 , 0.5647887323943662 , 0.5347938144329897 , 0.5634758995247794 , 0.5549936788874842 , 0.5485650656620201 , 0.01601603872819607  ,             454
0.9317337512969971  , 0.012612496504541538  , 0.010652732849121094 , 0.001674847890100993  , entropy        ,                ,                   ,                      1,                       5, best          , "{'criterion': 'entropy', 'max_depth': None, 'max_features': None, 'min_samples_leaf': 1, 'min_samples_split': 5, 'splitter': 'best'}"     , 0.5631431244153414 , 0.5565693430656934 , 0.5517873510540788 , 0.5469462169553327 , 0.5225390984360626 , 0.5481970267853018 , 0.013901552107775553 ,             455
0.10617094039916992 , 0.008888006652769192  , 0.010354232788085938 , 0.0007620706290172261 , entropy        ,              25,                   ,                      1,                       5, random        , "{'criterion': 'entropy', 'max_depth': 25, 'max_features': None, 'min_samples_leaf': 1, 'min_samples_split': 5, 'splitter': 'random'}"     , 0.5636523266022827 , 0.5601374570446735 , 0.5383966244725739 , 0.5383304940374787 , 0.5402097902097902 , 0.5481453384733598 , 0.01130149645730257  ,             456
0.06824121475219727 , 0.004240471047633264  , 0.006783628463745117 , 0.00046764673809611006, entropy        ,              10, log2              ,                      4,                      20, best          , "{'criterion': 'entropy', 'max_depth': 10, 'max_features': 'log2', 'min_samples_leaf': 4, 'min_samples_split': 20, 'splitter': 'best'}"    , 0.5390879478827362 , 0.5572139303482587 , 0.5426751592356688 , 0.549618320610687  , 0.55198973042362   , 0.5481170177001942 , 0.006498362244599988 ,             457
0.06674342155456543 , 0.0029228624994949754 , 0.00609893798828125  , 0.00034337816188660013, entropy        ,              10, log2              ,                      8,                      20, best          , "{'criterion': 'entropy', 'max_depth': 10, 'max_features': 'log2', 'min_samples_leaf': 8, 'min_samples_split': 20, 'splitter': 'best'}"    , 0.5819793205317577 , 0.5707070707070707 , 0.5100354191263282 , 0.574345883854499  , 0.5032953864589574 , 0.5480726161357226 , 0.03407079801596167  ,             458
0.023103952407836914, 0.00138136255808667   , 0.0061493396759033205, 0.0007516314775378956 , gini           ,              15, sqrt              ,                      1,                      20, random        , "{'criterion': 'gini', 'max_depth': 15, 'max_features': 'sqrt', 'min_samples_leaf': 1, 'min_samples_split': 20, 'splitter': 'random'}"     , 0.5340453938584779 , 0.5572715572715573 , 0.5394566623544631 , 0.5517241379310345 , 0.5574912891986062 , 0.5479978081228278 , 0.009566976271421833 ,             459
0.02119598388671875 , 0.0013613321780055886 , 0.00640721321105957  , 0.00024990004158103257, gini           ,              10, sqrt              ,                      1,                      10, random        , "{'criterion': 'gini', 'max_depth': 10, 'max_features': 'sqrt', 'min_samples_leaf': 1, 'min_samples_split': 10, 'splitter': 'random'}"     , 0.5218560860793544 , 0.5608011444921316 , 0.5559796437659033 , 0.5580838323353293 , 0.5416133162612036 , 0.5476668045867845 , 0.014511833501379323 ,             460
0.07950420379638672 , 0.00203086658321879   , 0.005991649627685547 , 0.00043404740832021446, entropy        ,              15, log2              ,                      1,                      20, best          , "{'criterion': 'entropy', 'max_depth': 15, 'max_features': 'log2', 'min_samples_leaf': 1, 'min_samples_split': 20, 'splitter': 'best'}"    , 0.5487558843308675 , 0.5586822237474263 , 0.5636743215031316 , 0.5003573981415297 , 0.5659881812212738 , 0.5474916017888458 , 0.024300063587093117 ,             461
0.08538408279418945 , 0.002543452286656063  , 0.0059964656829833984, 0.0004326339620981344 , gini           ,                , sqrt              ,                      4,                       2, best          , "{'criterion': 'gini', 'max_depth': None, 'max_features': 'sqrt', 'min_samples_leaf': 4, 'min_samples_split': 2, 'splitter': 'best'}"      , 0.5292207792207793 , 0.5447530864197531 , 0.5580322828593389 , 0.5458823529411765 , 0.5594405594405595 , 0.5474658121763214 , 0.010934279367804538 ,             462
0.08855175971984863 , 0.004990653922320609  , 0.007916402816772462 , 0.0012919364524830944 , gini           ,                , sqrt              ,                      4,                       5, best          , "{'criterion': 'gini', 'max_depth': None, 'max_features': 'sqrt', 'min_samples_leaf': 4, 'min_samples_split': 5, 'splitter': 'best'}"      , 0.5292207792207793 , 0.5447530864197531 , 0.5580322828593389 , 0.5458823529411765 , 0.5594405594405595 , 0.5474658121763214 , 0.010934279367804538 ,             462
0.022938060760498046, 0.0012729795331153225 , 0.006194686889648438 , 0.0005486317389397783 , gini           ,              15, sqrt              ,                      4,                      10, random        , "{'criterion': 'gini', 'max_depth': 15, 'max_features': 'sqrt', 'min_samples_leaf': 4, 'min_samples_split': 10, 'splitter': 'random'}"     , 0.545338441890166  , 0.5688775510204082 , 0.5357142857142857 , 0.5366847826086957 , 0.5483460559796438 , 0.5469922234426399 , 0.01197472868250194  ,             464
0.14278802871704102 , 0.01040354492777978   , 0.010672378540039062 , 0.0007976493215079033 , entropy        ,                , sqrt              ,                      4,                      20, best          , "{'criterion': 'entropy', 'max_depth': None, 'max_features': 'sqrt', 'min_samples_leaf': 4, 'min_samples_split': 20, 'splitter': 'best'}"  , 0.5603174603174603 , 0.5315712187958884 , 0.5535851966075559 , 0.5226586102719033 , 0.565593087195601  , 0.5467451146376817 , 0.016713157485827357 ,             465
0.0751349925994873  , 0.002055737251780918  , 0.006504726409912109 , 0.0006441266887250639 , gini           ,              15, sqrt              ,                      4,                      20, best          , "{'criterion': 'gini', 'max_depth': 15, 'max_features': 'sqrt', 'min_samples_leaf': 4, 'min_samples_split': 20, 'splitter': 'best'}"       , 0.5352517985611511 , 0.5751189666893269 , 0.5373563218390804 , 0.5559146735617324 , 0.5293691080493111 , 0.5466021737401204 , 0.016800151667282725 ,             466
0.8264529705047607  , 0.015231942968605248  , 0.011486673355102539 , 0.002046696487889354  , gini           ,                ,                   ,                      2,                       5, best          , "{'criterion': 'gini', 'max_depth': None, 'max_features': None, 'min_samples_leaf': 2, 'min_samples_split': 5, 'splitter': 'best'}"        , 0.5242369838420108 , 0.5626072041166381 , 0.5524296675191815 , 0.546916890080429  , 0.5467248908296943 , 0.5465831272775907 , 0.012573262840623446 ,             467
0.024779367446899413, 0.0003572004434301621 , 0.006262826919555664 , 0.0003817995671973271 , gini           ,              25, sqrt              ,                      1,                      20, random        , "{'criterion': 'gini', 'max_depth': 25, 'max_features': 'sqrt', 'min_samples_leaf': 1, 'min_samples_split': 20, 'splitter': 'random'}"     , 0.5536089698668535 , 0.5653104925053534 , 0.5303558967201675 , 0.5631768953068592 , 0.5200291332847778 , 0.5464962775368023 , 0.018131903948670272 ,             468
0.02279653549194336 , 0.0010153043766984989 , 0.006456851959228516 , 0.0005599883295423886 , gini           ,              15, sqrt              ,                      2,                      20, random        , "{'criterion': 'gini', 'max_depth': 15, 'max_features': 'sqrt', 'min_samples_leaf': 2, 'min_samples_split': 20, 'splitter': 'random'}"     , 0.5338865836791148 , 0.577580747308423  , 0.5627817128139085 , 0.5437262357414449 , 0.5137491616364855 , 0.5463448882358752 , 0.022227893197812744 ,             469
0.13022661209106445 , 0.009139601368199744  , 0.011407232284545899 , 0.0020702298194406467 , entropy        ,              20, log2              ,                      2,                       2, best          , "{'criterion': 'entropy', 'max_depth': 20, 'max_features': 'log2', 'min_samples_leaf': 2, 'min_samples_split': 2, 'splitter': 'best'}"     , 0.555379746835443  , 0.5641025641025641 , 0.5535324107793154 , 0.5451807228915663 , 0.5135135135135135 , 0.5463417916244804 , 0.017480724250310917 ,             470
0.10978736877441406 , 0.017263771595005     , 0.009557247161865234 , 0.0013614728240815416 , entropy        ,                ,                   ,                      2,                       5, random        , "{'criterion': 'entropy', 'max_depth': None, 'max_features': None, 'min_samples_leaf': 2, 'min_samples_split': 5, 'splitter': 'random'}"   , 0.5314437555358724 , 0.5768911055694098 , 0.5541125541125541 , 0.5239338555265448 , 0.5446735395189003 , 0.5462109620526563 , 0.018549446864108896 ,             471
0.021069860458374022, 0.0006252852145972608 , 0.0063057422637939455, 0.0003698451607349526 , entropy        ,              10, sqrt              ,                      2,                      10, random        , "{'criterion': 'entropy', 'max_depth': 10, 'max_features': 'sqrt', 'min_samples_leaf': 2, 'min_samples_split': 10, 'splitter': 'random'}"  , 0.5459317585301837 , 0.5575679172056921 , 0.4858401510383889 , 0.5767326732673267 , 0.5647840531561462 , 0.5461713106395475 , 0.03178118913732739  ,             472
0.08357553482055664 , 0.0039995253225328575 , 0.0069523811340332035, 0.000547437334825627  , gini           ,              20, sqrt              ,                      4,                      20, best          , "{'criterion': 'gini', 'max_depth': 20, 'max_features': 'sqrt', 'min_samples_leaf': 4, 'min_samples_split': 20, 'splitter': 'best'}"       , 0.5313432835820896 , 0.5764785859959212 , 0.5533184190902312 , 0.5211678832116788 , 0.5482233502538071 , 0.5461063044267456 , 0.019072721912879995 ,             473
0.11565108299255371 , 0.007553000964846758  , 0.006258153915405273 , 0.00036918990643377214, entropy        ,              25, sqrt              ,                      2,                      20, best          , "{'criterion': 'entropy', 'max_depth': 25, 'max_features': 'sqrt', 'min_samples_leaf': 2, 'min_samples_split': 20, 'splitter': 'best'}"    , 0.5355715427657873 , 0.5339435545385202 , 0.5618677042801556 , 0.5467181467181467 , 0.5519287833827893 , 0.5460059463370799 , 0.010407311534571355 ,             474
0.10056562423706054 , 0.003313883193440712  , 0.006581020355224609 , 0.0005658054439411775 , entropy        ,              20, sqrt              ,                      4,                      10, best          , "{'criterion': 'entropy', 'max_depth': 20, 'max_features': 'sqrt', 'min_samples_leaf': 4, 'min_samples_split': 10, 'splitter': 'best'}"    , 0.5469953775038521 , 0.55               , 0.5478260869565217 , 0.5415713196033562 , 0.5421686746987951 , 0.545712291752505  , 0.003292529525724553 ,             475
0.8734870433807373  , 0.020681528704311     , 0.008632135391235352 , 0.00045169456353293374, entropy        ,                ,                   ,                      1,                       2, best          , "{'criterion': 'entropy', 'max_depth': None, 'max_features': None, 'min_samples_leaf': 1, 'min_samples_split': 2, 'splitter': 'best'}"     , 0.55396370582617   , 0.5495327102803739 , 0.5498602050326188 , 0.5481481481481482 , 0.5268109125117592 , 0.5456631363598141 , 0.009623617499070153 ,             476
0.05699081420898437 , 0.0029695588879663794 , 0.006299448013305664 , 0.0004557069479836903 , gini           ,              10, log2              ,                      1,                       5, best          , "{'criterion': 'gini', 'max_depth': 10, 'max_features': 'log2', 'min_samples_leaf': 1, 'min_samples_split': 5, 'splitter': 'best'}"        , 0.570673712021136  , 0.5451936872309899 , 0.5406091370558376 , 0.5602649006622517 , 0.5114268066707844 , 0.5456336487281999 , 0.020182297342362394 ,             477
0.06701579093933105 , 0.004376220752483797  , 0.006301403045654297 , 0.0004678938221705159 , gini           ,              15, log2              ,                      4,                      10, best          , "{'criterion': 'gini', 'max_depth': 15, 'max_features': 'log2', 'min_samples_leaf': 4, 'min_samples_split': 10, 'splitter': 'best'}"       , 0.5259146341463414 , 0.5432098765432098 , 0.5611510791366906 , 0.5678832116788322 , 0.5296928327645051 , 0.5455703268539158 , 0.016641138608582955 ,             478
0.12071394920349121 , 0.005536456419718604  , 0.009458351135253906 , 0.0006491118644221005 , entropy        ,              20, log2              ,                      4,                       2, best          , "{'criterion': 'entropy', 'max_depth': 20, 'max_features': 'log2', 'min_samples_leaf': 4, 'min_samples_split': 2, 'splitter': 'best'}"     , 0.5584615384615385 , 0.5617198335644937 , 0.5130970724191063 , 0.5580693815987934 , 0.5361131794489948 , 0.5454922010985854 , 0.01858566999427786  ,             479
0.13005356788635253 , 0.00525956601586506   , 0.010180473327636719 , 0.0011399155748400972 , entropy        ,              20, log2              ,                      4,                       5, best          , "{'criterion': 'entropy', 'max_depth': 20, 'max_features': 'log2', 'min_samples_leaf': 4, 'min_samples_split': 5, 'splitter': 'best'}"     , 0.5584615384615385 , 0.5617198335644937 , 0.5130970724191063 , 0.5580693815987934 , 0.5361131794489948 , 0.5454922010985854 , 0.01858566999427786  ,             479
0.019928789138793944, 0.0008255391477639038 , 0.0063893795013427734, 0.0003602597035374808 , gini           ,              10, sqrt              ,                      2,                      20, random        , "{'criterion': 'gini', 'max_depth': 10, 'max_features': 'sqrt', 'min_samples_leaf': 2, 'min_samples_split': 20, 'splitter': 'random'}"     , 0.5528877352368592 , 0.5332419465387251 , 0.5456790123456791 , 0.570275722932078  , 0.5247101891397193 , 0.5453589212386121 , 0.01581659709506487  ,             481
0.0807034969329834  , 0.0037624892245093997 , 0.005927944183349609 , 0.0007906186505516197 , gini           ,              25, sqrt              ,                      8,                      10, best          , "{'criterion': 'gini', 'max_depth': 25, 'max_features': 'sqrt', 'min_samples_leaf': 8, 'min_samples_split': 10, 'splitter': 'best'}"       , 0.5570776255707762 , 0.5345957756737072 , 0.5294556301267711 , 0.5611620795107034 , 0.54421768707483   , 0.5453017595913576 , 0.012305396307179563 ,             482
0.08601193428039551 , 0.00422801588537308   , 0.00687251091003418  , 0.00041615624168260296, gini           ,              25, sqrt              ,                      8,                       5, best          , "{'criterion': 'gini', 'max_depth': 25, 'max_features': 'sqrt', 'min_samples_leaf': 8, 'min_samples_split': 5, 'splitter': 'best'}"        , 0.5570776255707762 , 0.5345957756737072 , 0.5294556301267711 , 0.5611620795107034 , 0.54421768707483   , 0.5453017595913576 , 0.012305396307179563 ,             482
0.08082709312438965 , 0.004139827573521768  , 0.006198215484619141 , 0.00042139717065398633, gini           ,              25, sqrt              ,                      8,                       2, best          , "{'criterion': 'gini', 'max_depth': 25, 'max_features': 'sqrt', 'min_samples_leaf': 8, 'min_samples_split': 2, 'splitter': 'best'}"        , 0.5570776255707762 , 0.5345957756737072 , 0.5294556301267711 , 0.5611620795107034 , 0.54421768707483   , 0.5453017595913576 , 0.012305396307179563 ,             482
0.08673415184020997 , 0.005432465822357787  , 0.007367897033691406 , 0.0016224746777131344 , gini           ,                , sqrt              ,                      8,                       5, best          , "{'criterion': 'gini', 'max_depth': None, 'max_features': 'sqrt', 'min_samples_leaf': 8, 'min_samples_split': 5, 'splitter': 'best'}"      , 0.5570776255707762 , 0.5345957756737072 , 0.5294556301267711 , 0.556390977443609  , 0.5486988847583643 , 0.5452437787146456 , 0.011303834157340896 ,             485
0.08254351615905761 , 0.005174232923067514  , 0.006424331665039062 , 0.00034688913849029705, gini           ,                , sqrt              ,                      8,                       2, best          , "{'criterion': 'gini', 'max_depth': None, 'max_features': 'sqrt', 'min_samples_leaf': 8, 'min_samples_split': 2, 'splitter': 'best'}"      , 0.5570776255707762 , 0.5345957756737072 , 0.5294556301267711 , 0.556390977443609  , 0.5486988847583643 , 0.5452437787146456 , 0.011303834157340896 ,             485
0.08161787986755371 , 0.005864348765842942  , 0.0062523365020751955, 0.0004341859170982367 , gini           ,                , sqrt              ,                      8,                      10, best          , "{'criterion': 'gini', 'max_depth': None, 'max_features': 'sqrt', 'min_samples_leaf': 8, 'min_samples_split': 10, 'splitter': 'best'}"     , 0.5570776255707762 , 0.5345957756737072 , 0.5294556301267711 , 0.556390977443609  , 0.5486988847583643 , 0.5452437787146456 , 0.011303834157340896 ,             485
0.9794031143188476  , 0.012995925120536775  , 0.010272836685180664 , 0.0003182464064175198 , entropy        ,                ,                   ,                      2,                       5, best          , "{'criterion': 'entropy', 'max_depth': None, 'max_features': None, 'min_samples_leaf': 2, 'min_samples_split': 5, 'splitter': 'best'}"     , 0.5616942909760589 , 0.5501792114695341 , 0.5547576301615799 , 0.5357466063348416 , 0.5233812949640287 , 0.5451518067812087 , 0.01381023826203058  ,             488
0.0874946117401123  , 0.006636478147728046  , 0.009067726135253907 , 0.0010874198617672841 , gini           ,                ,                   ,                      4,                       2, random        , "{'criterion': 'gini', 'max_depth': None, 'max_features': None, 'min_samples_leaf': 4, 'min_samples_split': 2, 'splitter': 'random'}"      , 0.5591054313099042 , 0.5596399099774944 , 0.5308641975308642 , 0.5410852713178295 , 0.5333333333333333 , 0.544805628693885  , 0.012364128588597787 ,             489
0.08395519256591796 , 0.0026209317101211125 , 0.009509849548339843 , 0.0012566074657145378 , gini           ,                ,                   ,                      4,                       5, random        , "{'criterion': 'gini', 'max_depth': None, 'max_features': None, 'min_samples_leaf': 4, 'min_samples_split': 5, 'splitter': 'random'}"      , 0.5591054313099042 , 0.5596399099774944 , 0.5308641975308642 , 0.5410852713178295 , 0.5333333333333333 , 0.544805628693885  , 0.012364128588597787 ,             489
0.11761307716369629 , 0.004116195664488495  , 0.010372352600097657 , 0.00095411594894029   , entropy        ,              20, log2              ,                      8,                      20, best          , "{'criterion': 'entropy', 'max_depth': 20, 'max_features': 'log2', 'min_samples_leaf': 8, 'min_samples_split': 20, 'splitter': 'best'}"    , 0.5663338088445078 , 0.5417298937784522 , 0.5263157894736842 , 0.5281065088757396 , 0.5600568585643213 , 0.5445085719073409 , 0.016283833957923197 ,             491
0.024231767654418944, 0.0008605937902787776 , 0.006279659271240234 , 0.0005192116320443843 , entropy        ,              20, sqrt              ,                      1,                      20, random        , "{'criterion': 'entropy', 'max_depth': 20, 'max_features': 'sqrt', 'min_samples_leaf': 1, 'min_samples_split': 20, 'splitter': 'random'}"  , 0.5293701344656758 , 0.5829216654904729 , 0.5532223026792179 , 0.5413929040735874 , 0.515015015015015  , 0.5443844043447938 , 0.023065850719449405 ,             492
0.10903105735778809 , 0.0057014926326990605 , 0.008828401565551758 , 0.0018408725639943767 , entropy        ,              25, log2              ,                      1,                      20, best          , "{'criterion': 'entropy', 'max_depth': 25, 'max_features': 'log2', 'min_samples_leaf': 1, 'min_samples_split': 20, 'splitter': 'best'}"    , 0.5171339563862928 , 0.5687352710133543 , 0.5910808767951625 , 0.5331369661266568 , 0.5117335352006056 , 0.5443641211044145 , 0.030687763770107252 ,             493
0.07727041244506835 , 0.0019955745227286364 , 0.006230592727661133 , 0.0006235866810004921 , gini           ,              20, sqrt              ,                      8,                      20, best          , "{'criterion': 'gini', 'max_depth': 20, 'max_features': 'sqrt', 'min_samples_leaf': 8, 'min_samples_split': 20, 'splitter': 'best'}"       , 0.5341335333833458 , 0.5772113943028486 , 0.5699928212491027 , 0.5272591486183719 , 0.5131578947368421 , 0.5443509584581021 , 0.024927279572282024 ,             494
0.10219569206237793 , 0.015059645142315978  , 0.008690214157104493 , 0.000423075648954184  , gini           ,              25,                   ,                      1,                       2, random        , "{'criterion': 'gini', 'max_depth': 25, 'max_features': None, 'min_samples_leaf': 1, 'min_samples_split': 2, 'splitter': 'random'}"        , 0.5099904852521409 , 0.5823223570190641 , 0.5504273504273505 , 0.5288640595903166 , 0.5497287522603979 , 0.544266600909854  , 0.02419967309166902  ,             495
0.08681111335754395 , 0.004018779021614952  , 0.009770441055297851 , 0.000994261429033152  , gini           ,              25,                   ,                      1,                      10, random        , "{'criterion': 'gini', 'max_depth': 25, 'max_features': None, 'min_samples_leaf': 1, 'min_samples_split': 10, 'splitter': 'random'}"       , 0.5500848896434635 , 0.5652173913043478 , 0.5310734463276836 , 0.5269076305220883 , 0.5467289719626168 , 0.54400246595204   , 0.01381228234229098  ,             496
0.0445798397064209  , 0.003742271058652584  , 0.012886381149291993 , 0.0015286055774752353 , gini           ,              10, sqrt              ,                      1,                       2, random        , "{'criterion': 'gini', 'max_depth': 10, 'max_features': 'sqrt', 'min_samples_leaf': 1, 'min_samples_split': 2, 'splitter': 'random'}"      , 0.536403235843186  , 0.5542544886807181 , 0.5468451242829828 , 0.5648762824381413 , 0.5169491525423728 , 0.5438656567574802 , 0.016361157489747803 ,             497
0.09696617126464843 , 0.006591340341421506  , 0.01049809455871582  , 0.0016739259154975384 , entropy        ,                ,                   ,                      4,                       2, random        , "{'criterion': 'entropy', 'max_depth': None, 'max_features': None, 'min_samples_leaf': 4, 'min_samples_split': 2, 'splitter': 'random'}"   , 0.5463494667760459 , 0.5554681353265145 , 0.5353697749196141 , 0.5404556166535742 , 0.5409197194076384 , 0.5437125426166773 , 0.006828711884903063 ,             498
0.10017647743225097 , 0.006593808955248275  , 0.010047340393066406 , 0.000649757173612416  , entropy        ,                ,                   ,                      4,                       5, random        , "{'criterion': 'entropy', 'max_depth': None, 'max_features': None, 'min_samples_leaf': 4, 'min_samples_split': 5, 'splitter': 'random'}"   , 0.5463494667760459 , 0.5554681353265145 , 0.5353697749196141 , 0.5404556166535742 , 0.5409197194076384 , 0.5437125426166773 , 0.006828711884903063 ,             498
0.8350282192230225  , 0.016544396961444024  , 0.009725189208984375 , 0.0007882141533255803 , gini           ,                ,                   ,                      2,                       2, best          , "{'criterion': 'gini', 'max_depth': None, 'max_features': None, 'min_samples_leaf': 2, 'min_samples_split': 2, 'splitter': 'best'}"        , 0.5215794306703397 , 0.5532646048109966 , 0.5587467362924282 , 0.5481209899175069 , 0.5360281195079086 , 0.5435479762398361 , 0.013307838830779998 ,             500
0.8538156509399414  , 0.01037626134673582   , 0.00884995460510254  , 0.00042978670763279056, gini           ,                ,                   ,                      1,                      10, best          , "{'criterion': 'gini', 'max_depth': None, 'max_features': None, 'min_samples_leaf': 1, 'min_samples_split': 10, 'splitter': 'best'}"       , 0.5207956600361664 , 0.5654082528533801 , 0.5481099656357389 , 0.5383936451897617 , 0.5441819772528433 , 0.5433779001935781 , 0.014444208459112338 ,             501
0.02077059745788574 , 0.0010084333953893807 , 0.006058692932128906 , 9.906043785190667e-05 , gini           ,              10, sqrt              ,                      4,                       2, random        , "{'criterion': 'gini', 'max_depth': 10, 'max_features': 'sqrt', 'min_samples_leaf': 4, 'min_samples_split': 2, 'splitter': 'random'}"      , 0.5248990578734859 , 0.5598430346631785 , 0.5461254612546126 , 0.5521162349968415 , 0.5325814536340853 , 0.5431130484844408 , 0.012749026470156155 ,             502
0.021690511703491212, 0.0013395062489401023 , 0.006608486175537109 , 0.0005487427224188031 , gini           ,              10, sqrt              ,                      4,                       5, random        , "{'criterion': 'gini', 'max_depth': 10, 'max_features': 'sqrt', 'min_samples_leaf': 4, 'min_samples_split': 5, 'splitter': 'random'}"      , 0.5248990578734859 , 0.5598430346631785 , 0.5461254612546126 , 0.5521162349968415 , 0.5325814536340853 , 0.5431130484844408 , 0.012749026470156155 ,             502
0.06737957000732422 , 0.0013811547797703604 , 0.006613683700561523 , 0.000385307952190777  , gini           ,              15, log2              ,                      8,                       2, best          , "{'criterion': 'gini', 'max_depth': 15, 'max_features': 'log2', 'min_samples_leaf': 8, 'min_samples_split': 2, 'splitter': 'best'}"        , 0.5261648745519714 , 0.5467836257309941 , 0.5454545454545454 , 0.5763648928818245 , 0.5205288796102993 , 0.5430593636459269 , 0.019605671497213702 ,             504
0.06750144958496093 , 0.0009473412831046186 , 0.006458854675292969 , 0.0006020864132045645 , gini           ,              15, log2              ,                      8,                       5, best          , "{'criterion': 'gini', 'max_depth': 15, 'max_features': 'log2', 'min_samples_leaf': 8, 'min_samples_split': 5, 'splitter': 'best'}"        , 0.5261648745519714 , 0.5467836257309941 , 0.5454545454545454 , 0.5763648928818245 , 0.5205288796102993 , 0.5430593636459269 , 0.019605671497213702 ,             504
0.06771917343139648 , 0.0013760110157636615 , 0.0067746639251708984, 0.0006776041750473052 , gini           ,              15, log2              ,                      8,                      10, best          , "{'criterion': 'gini', 'max_depth': 15, 'max_features': 'log2', 'min_samples_leaf': 8, 'min_samples_split': 10, 'splitter': 'best'}"       , 0.5261648745519714 , 0.5467836257309941 , 0.5454545454545454 , 0.5763648928818245 , 0.5205288796102993 , 0.5430593636459269 , 0.019605671497213702 ,             504
0.10647521018981934 , 0.008236435046682651  , 0.007364940643310547 , 0.0008147953653649408 , entropy        ,                , log2              ,                      4,                      20, best          , "{'criterion': 'entropy', 'max_depth': None, 'max_features': 'log2', 'min_samples_leaf': 4, 'min_samples_split': 20, 'splitter': 'best'}"  , 0.5316846986089645 , 0.5574499629355077 , 0.5709876543209876 , 0.5099540581929556 , 0.5450516986706057 , 0.5430256145458042 , 0.021054152681233045 ,             507
0.08166160583496093 , 0.004902651845257807  , 0.006521272659301758 , 0.0004679923724624592 , gini           ,              15, sqrt              ,                      4,                       5, best          , "{'criterion': 'gini', 'max_depth': 15, 'max_features': 'sqrt', 'min_samples_leaf': 4, 'min_samples_split': 5, 'splitter': 'best'}"        , 0.5488776249094859 , 0.5281638624725676 , 0.5349301397205589 , 0.5429200293470287 , 0.5596650383810189 , 0.5429113389661321 , 0.01093133744690679  ,             508
0.07927141189575196 , 0.003304233013927413  , 0.006383705139160156 , 0.0006686122045173597 , gini           ,              15, sqrt              ,                      4,                       2, best          , "{'criterion': 'gini', 'max_depth': 15, 'max_features': 'sqrt', 'min_samples_leaf': 4, 'min_samples_split': 2, 'splitter': 'best'}"        , 0.5488776249094859 , 0.5281638624725676 , 0.5349301397205589 , 0.5429200293470287 , 0.5596650383810189 , 0.5429113389661321 , 0.01093133744690679  ,             508
0.11664719581604004 , 0.008273375755260385  , 0.0077022075653076175, 0.0013544396315701341 , entropy        ,              25, sqrt              ,                      4,                      20, best          , "{'criterion': 'entropy', 'max_depth': 25, 'max_features': 'sqrt', 'min_samples_leaf': 4, 'min_samples_split': 20, 'splitter': 'best'}"    , 0.550486163051608  , 0.5488721804511278 , 0.5364387678437266 , 0.5157421289355323 , 0.562358276643991  , 0.5427795033851972 , 0.015818130254243834 ,             510
0.1037858009338379  , 0.00676750374595854   , 0.007853221893310548 , 0.0010017861450199348 , entropy        ,              25, sqrt              ,                      8,                      20, best          , "{'criterion': 'entropy', 'max_depth': 25, 'max_features': 'sqrt', 'min_samples_leaf': 8, 'min_samples_split': 20, 'splitter': 'best'}"    , 0.5463035019455252 , 0.5777126099706745 , 0.5249070631970261 , 0.5443873807776962 , 0.5193452380952381 , 0.542531158797232  , 0.020511490945628014 ,             511
0.023311471939086913, 0.0009568163681428065 , 0.006690502166748047 , 0.0008745817845435904 , entropy        ,              15, sqrt              ,                      4,                      20, random        , "{'criterion': 'entropy', 'max_depth': 15, 'max_features': 'sqrt', 'min_samples_leaf': 4, 'min_samples_split': 20, 'splitter': 'random'}"  , 0.5544933078393881 , 0.5452127659574468 , 0.5493827160493827 , 0.5341365461847389 , 0.5294117647058824 , 0.5425274201473678 , 0.009378867903946875 ,             512
0.11624326705932617 , 0.0049732977752616645 , 0.00840764045715332  , 0.0006538702865265856 , entropy        ,                , sqrt              ,                      8,                      20, best          , "{'criterion': 'entropy', 'max_depth': None, 'max_features': 'sqrt', 'min_samples_leaf': 8, 'min_samples_split': 20, 'splitter': 'best'}"  , 0.5463035019455252 , 0.577259475218659  , 0.5249070631970261 , 0.5443873807776962 , 0.5193621867881549 , 0.5424439215854122 , 0.020352415347387888 ,             513
0.08296427726745606 , 0.0015152720403012131 , 0.006343317031860351 , 0.0007030538288660467 , gini           ,              20, sqrt              ,                      4,                      10, best          , "{'criterion': 'gini', 'max_depth': 20, 'max_features': 'sqrt', 'min_samples_leaf': 4, 'min_samples_split': 10, 'splitter': 'best'}"       , 0.5304212168486739 , 0.5745775165319618 , 0.5257494235203689 , 0.5436447166921899 , 0.5377643504531722 , 0.5424314448092733 , 0.017199762414288635 ,             514
0.11605839729309082 , 0.006156002412088049  , 0.00719451904296875  , 0.001224913757773998  , entropy        ,              25, sqrt              ,                      2,                      10, best          , "{'criterion': 'entropy', 'max_depth': 25, 'max_features': 'sqrt', 'min_samples_leaf': 2, 'min_samples_split': 10, 'splitter': 'best'}"    , 0.518581081081081  , 0.5734485467399842 , 0.5410235580828595 , 0.5365461847389559 , 0.5421785421785422 , 0.5423555825642846 , 0.017706236627902744 ,             515
0.09505262374877929 , 0.0036841060731681538 , 0.008890008926391602 , 0.0007592040139185388 , entropy        ,                ,                   ,                      1,                      10, random        , "{'criterion': 'entropy', 'max_depth': None, 'max_features': None, 'min_samples_leaf': 1, 'min_samples_split': 10, 'splitter': 'random'}"  , 0.5568760611205433 , 0.5493775933609959 , 0.5441055234954658 , 0.5357436318816763 , 0.5256305939788446 , 0.5423466807675051 , 0.0108319708751172   ,             516
0.0200714111328125  , 0.0004954913228035784 , 0.006179428100585938 , 0.0005211308253370441 , entropy        ,              10, sqrt              ,                      1,                      20, random        , "{'criterion': 'entropy', 'max_depth': 10, 'max_features': 'sqrt', 'min_samples_leaf': 1, 'min_samples_split': 20, 'splitter': 'random'}"  , 0.5610658771280533 , 0.5323636363636364 , 0.5401273885350318 , 0.5297225891677675 , 0.5474722564734895 , 0.5421503495335956 , 0.01131760779702844  ,             517
0.025269699096679688, 0.0015875962128333373 , 0.006259250640869141 , 0.00035726393301725175, entropy        ,              20, sqrt              ,                      8,                       2, random        , "{'criterion': 'entropy', 'max_depth': 20, 'max_features': 'sqrt', 'min_samples_leaf': 8, 'min_samples_split': 2, 'splitter': 'random'}"   , 0.5320970042796006 , 0.5528120713305898 , 0.553306342780027  , 0.5438477226376615 , 0.5285326086956522 , 0.5421191499447062 , 0.010271487932125624 ,             518
0.023784637451171875, 0.0010293700878627155 , 0.006437826156616211 , 0.00023483590538496207, entropy        ,              20, sqrt              ,                      8,                      10, random        , "{'criterion': 'entropy', 'max_depth': 20, 'max_features': 'sqrt', 'min_samples_leaf': 8, 'min_samples_split': 10, 'splitter': 'random'}"  , 0.5320970042796006 , 0.5528120713305898 , 0.553306342780027  , 0.5438477226376615 , 0.5285326086956522 , 0.5421191499447062 , 0.010271487932125624 ,             518
0.024265336990356445, 0.0016344989818530575 , 0.006524324417114258 , 0.0005777550354437091 , entropy        ,              20, sqrt              ,                      8,                       5, random        , "{'criterion': 'entropy', 'max_depth': 20, 'max_features': 'sqrt', 'min_samples_leaf': 8, 'min_samples_split': 5, 'splitter': 'random'}"   , 0.5320970042796006 , 0.5528120713305898 , 0.553306342780027  , 0.5438477226376615 , 0.5285326086956522 , 0.5421191499447062 , 0.010271487932125624 ,             518
0.08607358932495117 , 0.004154895292450218  , 0.00670013427734375  , 0.00026959681358683916, gini           ,              25, sqrt              ,                      4,                       2, best          , "{'criterion': 'gini', 'max_depth': 25, 'max_features': 'sqrt', 'min_samples_leaf': 4, 'min_samples_split': 2, 'splitter': 'best'}"        , 0.5282714054927302 , 0.5446293494704992 , 0.536547433903577  , 0.5441527446300716 , 0.5535851966075559 , 0.5414372260208868 , 0.008513351630692893 ,             521
0.08578052520751953 , 0.003919113497747924  , 0.006161737442016602 , 0.0005674120032328774 , gini           ,              25, sqrt              ,                      4,                       5, best          , "{'criterion': 'gini', 'max_depth': 25, 'max_features': 'sqrt', 'min_samples_leaf': 4, 'min_samples_split': 5, 'splitter': 'best'}"        , 0.5282714054927302 , 0.5446293494704992 , 0.536547433903577  , 0.5441527446300716 , 0.5535851966075559 , 0.5414372260208868 , 0.008513351630692893 ,             521
0.07527670860290528 , 0.003351089217347464  , 0.006105661392211914 , 0.0006026974579417662 , gini           ,              20, log2              ,                      2,                       5, best          , "{'criterion': 'gini', 'max_depth': 20, 'max_features': 'log2', 'min_samples_leaf': 2, 'min_samples_split': 5, 'splitter': 'best'}"        , 0.5121759622937941 , 0.5605590062111802 , 0.5722501797268152 , 0.556923076923077  , 0.505              , 0.5413816450309733 , 0.02734508994560416  ,             523
0.020687580108642578, 0.0014410175525235926 , 0.006134033203125    , 0.0004693979753896688 , entropy        ,              10, sqrt              ,                      4,                      20, random        , "{'criterion': 'entropy', 'max_depth': 10, 'max_features': 'sqrt', 'min_samples_leaf': 4, 'min_samples_split': 20, 'splitter': 'random'}"  , 0.5117845117845118 , 0.5419630156472262 , 0.5556246115599751 , 0.5465686274509803 , 0.5509641873278237 , 0.5413809907541033 , 0.015478503061371947 ,             524
0.09247503280639649 , 0.004170155259607341  , 0.0065521240234375   , 0.0005053212485273576 , gini           ,                , sqrt              ,                      2,                      20, best          , "{'criterion': 'gini', 'max_depth': None, 'max_features': 'sqrt', 'min_samples_leaf': 2, 'min_samples_split': 20, 'splitter': 'best'}"     , 0.5320197044334976 , 0.5520431765612953 , 0.547711404189294  , 0.5416012558869702 , 0.5334358186010761 , 0.5413622719344267 , 0.007804646658534061 ,             525
0.02234621047973633 , 0.0010977834014856904 , 0.006334829330444336 , 0.00030541281882218776, gini           ,              15, sqrt              ,                      4,                      20, random        , "{'criterion': 'gini', 'max_depth': 15, 'max_features': 'sqrt', 'min_samples_leaf': 4, 'min_samples_split': 20, 'splitter': 'random'}"     , 0.5558375634517766 , 0.5382059800664452 , 0.5454545454545454 , 0.5402298850574713 , 0.5248618784530387 , 0.5409179704966555 , 0.010087628181820725 ,             526
0.14784541130065917 , 0.011643326409721605  , 0.009581995010375977 , 0.0012824603974314337 , entropy        ,                , sqrt              ,                      2,                      20, best          , "{'criterion': 'entropy', 'max_depth': None, 'max_features': 'sqrt', 'min_samples_leaf': 2, 'min_samples_split': 20, 'splitter': 'best'}"  , 0.5223251895534962 , 0.5235109717868338 , 0.5571984435797666 , 0.5598159509202454 , 0.5412698412698412 , 0.5408240794220366 , 0.015943414380589185 ,             527
0.07320971488952636 , 0.006962678677678575  , 0.006068229675292969 , 0.0005085777120427843 , gini           ,              20, log2              ,                      4,                      10, best          , "{'criterion': 'gini', 'max_depth': 20, 'max_features': 'log2', 'min_samples_leaf': 4, 'min_samples_split': 10, 'splitter': 'best'}"       , 0.5003825554705432 , 0.5642135642135642 , 0.5361766945925361 , 0.5546468401486989 , 0.5481263776634827 , 0.540709206417765  , 0.02212920847551406  ,             528
0.024690628051757812, 0.0013114445175606115 , 0.006406116485595703 , 0.0004270822134088973 , gini           ,                , sqrt              ,                      2,                      20, random        , "{'criterion': 'gini', 'max_depth': None, 'max_features': 'sqrt', 'min_samples_leaf': 2, 'min_samples_split': 20, 'splitter': 'random'}"   , 0.537890044576523  , 0.5534050179211469 , 0.53954802259887   , 0.5314207650273224 , 0.5408532176428055 , 0.5406234135533335 , 0.007165734180060994 ,             529
0.022553348541259767, 0.0022605073233848464 , 0.006494951248168945 , 0.0004965717558113563 , gini           ,              10, sqrt              ,                      2,                       2, random        , "{'criterion': 'gini', 'max_depth': 10, 'max_features': 'sqrt', 'min_samples_leaf': 2, 'min_samples_split': 2, 'splitter': 'random'}"      , 0.5342639593908629 , 0.5419440745672437 , 0.5227552275522755 , 0.5503030303030303 , 0.5537244561634805 , 0.5405981495953787 , 0.011196320648165375 ,             530
0.10361623764038086 , 0.005377607003616171  , 0.00724339485168457  , 0.0006716959651559801 , entropy        ,              20, sqrt              ,                      8,                      20, best          , "{'criterion': 'entropy', 'max_depth': 20, 'max_features': 'sqrt', 'min_samples_leaf': 8, 'min_samples_split': 20, 'splitter': 'best'}"    , 0.5463108320251178 , 0.5633187772925764 , 0.5340909090909091 , 0.5662563359884142 , 0.49284099472494347, 0.5405635698243921 , 0.026571745271910183 ,             531
0.1379319667816162  , 0.00850977098568763   , 0.011133050918579102 , 0.001820617739190488  , entropy        ,              20, log2              ,                      1,                       5, best          , "{'criterion': 'entropy', 'max_depth': 20, 'max_features': 'log2', 'min_samples_leaf': 1, 'min_samples_split': 5, 'splitter': 'best'}"     , 0.5145161290322581 , 0.564873417721519  , 0.5341246290801187 , 0.5387509405568096 , 0.5501519756838906 , 0.5404834184149192 , 0.01676954898055041  ,             532
0.07543501853942872 , 0.003190003961515352  , 0.006622934341430664 , 0.0005073847080642148 , gini           ,              20, log2              ,                      1,                       5, best          , "{'criterion': 'gini', 'max_depth': 20, 'max_features': 'log2', 'min_samples_leaf': 1, 'min_samples_split': 5, 'splitter': 'best'}"        , 0.5284280936454849 , 0.566953797963978  , 0.539815590947192  , 0.5587548638132296 , 0.5072             , 0.5402304692739769 , 0.021390509971858658 ,             533
0.0213226318359375  , 0.0015491566775813065 , 0.006325578689575196 , 0.0005544260216783293 , entropy        ,              10, sqrt              ,                      4,                       5, random        , "{'criterion': 'entropy', 'max_depth': 10, 'max_features': 'sqrt', 'min_samples_leaf': 4, 'min_samples_split': 5, 'splitter': 'random'}"   , 0.5283757338551859 , 0.556930693069307  , 0.5231788079470199 , 0.5418181818181819 , 0.550778816199377  , 0.5402164465778142 , 0.012837280486726724 ,             534
0.020733356475830078, 0.0009949284493123854 , 0.006074142456054687 , 0.0005613119226511605 , entropy        ,              10, sqrt              ,                      4,                       2, random        , "{'criterion': 'entropy', 'max_depth': 10, 'max_features': 'sqrt', 'min_samples_leaf': 4, 'min_samples_split': 2, 'splitter': 'random'}"   , 0.5283757338551859 , 0.556930693069307  , 0.5231788079470199 , 0.5418181818181819 , 0.550778816199377  , 0.5402164465778142 , 0.012837280486726724 ,             534
0.07135100364685058 , 0.0016886097781139376 , 0.006208658218383789 , 0.00035653985140283876, gini           ,              25, log2              ,                      8,                       5, best          , "{'criterion': 'gini', 'max_depth': 25, 'max_features': 'log2', 'min_samples_leaf': 8, 'min_samples_split': 5, 'splitter': 'best'}"        , 0.5195402298850574 , 0.5459896983075792 , 0.575037147102526  , 0.5434131736526946 , 0.5169675090252708 , 0.5401895515946256 , 0.02109050071432854  ,             536
0.0693234920501709  , 0.0014300724182277002 , 0.006139326095581055 , 0.0006164926433979465 , gini           ,              25, log2              ,                      8,                      10, best          , "{'criterion': 'gini', 'max_depth': 25, 'max_features': 'log2', 'min_samples_leaf': 8, 'min_samples_split': 10, 'splitter': 'best'}"       , 0.5195402298850574 , 0.5459896983075792 , 0.575037147102526  , 0.5434131736526946 , 0.5169675090252708 , 0.5401895515946256 , 0.02109050071432854  ,             536
0.0713587760925293  , 0.003171126306452318  , 0.006655597686767578 , 0.0007021154825858682 , gini           ,              25, log2              ,                      8,                       2, best          , "{'criterion': 'gini', 'max_depth': 25, 'max_features': 'log2', 'min_samples_leaf': 8, 'min_samples_split': 2, 'splitter': 'best'}"        , 0.5195402298850574 , 0.5459896983075792 , 0.575037147102526  , 0.5434131736526946 , 0.5169675090252708 , 0.5401895515946256 , 0.02109050071432854  ,             536
0.10700230598449707 , 0.006532549580991862  , 0.007399797439575195 , 0.0008219441146839298 , entropy        ,              25, sqrt              ,                      8,                       2, best          , "{'criterion': 'entropy', 'max_depth': 25, 'max_features': 'sqrt', 'min_samples_leaf': 8, 'min_samples_split': 2, 'splitter': 'best'}"     , 0.5600612088752869 , 0.5553047404063205 , 0.5088235294117647 , 0.5619335347432024 , 0.5142857142857142 , 0.5400817455444578 , 0.023456046227950885 ,             539
0.10790896415710449 , 0.006004357300036213  , 0.007605314254760742 , 0.0013233790434644824 , entropy        ,              25, sqrt              ,                      8,                      10, best          , "{'criterion': 'entropy', 'max_depth': 25, 'max_features': 'sqrt', 'min_samples_leaf': 8, 'min_samples_split': 10, 'splitter': 'best'}"    , 0.5600612088752869 , 0.5553047404063205 , 0.5088235294117647 , 0.5619335347432024 , 0.5142857142857142 , 0.5400817455444578 , 0.023456046227950885 ,             539
0.11550202369689941 , 0.004794227745171297  , 0.007011890411376953 , 0.00029900457932428837, entropy        ,              25, sqrt              ,                      8,                       5, best          , "{'criterion': 'entropy', 'max_depth': 25, 'max_features': 'sqrt', 'min_samples_leaf': 8, 'min_samples_split': 5, 'splitter': 'best'}"     , 0.5600612088752869 , 0.5553047404063205 , 0.5088235294117647 , 0.5619335347432024 , 0.5142857142857142 , 0.5400817455444578 , 0.023456046227950885 ,             539
0.024048328399658203, 0.0011698091878969213 , 0.006282615661621094 , 0.0003242723863438101 , gini           ,                , sqrt              ,                      1,                      20, random        , "{'criterion': 'gini', 'max_depth': None, 'max_features': 'sqrt', 'min_samples_leaf': 1, 'min_samples_split': 20, 'splitter': 'random'}"   , 0.5192307692307693 , 0.5457205559619605 , 0.542713567839196  , 0.5601750547045952 , 0.5323741007194245 , 0.5400428096911891 , 0.013686688178664638 ,             542
0.02953801155090332 , 0.0021930710194021956 , 0.007000350952148437 , 0.0007203935881483651 , entropy        ,              20, sqrt              ,                      1,                       5, random        , "{'criterion': 'entropy', 'max_depth': 20, 'max_features': 'sqrt', 'min_samples_leaf': 1, 'min_samples_split': 5, 'splitter': 'random'}"   , 0.5294117647058824 , 0.5564229950319376 , 0.543026706231454  , 0.5334261838440112 , 0.5376661742983752 , 0.539990764822332  , 0.009377076494195185 ,             543
0.11218461990356446 , 0.006754091221835195  , 0.0075531005859375   , 0.0005347282805199526 , entropy        ,              25, log2              ,                      4,                       2, best          , "{'criterion': 'entropy', 'max_depth': 25, 'max_features': 'log2', 'min_samples_leaf': 4, 'min_samples_split': 2, 'splitter': 'best'}"     , 0.5268817204301075 , 0.5646711012564671 , 0.5286059629331185 , 0.5496736765772299 , 0.5293668954996186 , 0.5398398713393082 , 0.014947182347581009 ,             544
0.11107697486877441 , 0.004750885546373182  , 0.00790419578552246  , 0.0007106230689388597 , entropy        ,              25, log2              ,                      4,                       5, best          , "{'criterion': 'entropy', 'max_depth': 25, 'max_features': 'log2', 'min_samples_leaf': 4, 'min_samples_split': 5, 'splitter': 'best'}"     , 0.5268817204301075 , 0.5646711012564671 , 0.5286059629331185 , 0.5496736765772299 , 0.5293668954996186 , 0.5398398713393082 , 0.014947182347581009 ,             544
0.08028903007507324 , 0.004137732330995144  , 0.0062503814697265625, 0.0006101643379470574 , gini           ,              15, sqrt              ,                      2,                       2, best          , "{'criterion': 'gini', 'max_depth': 15, 'max_features': 'sqrt', 'min_samples_leaf': 2, 'min_samples_split': 2, 'splitter': 'best'}"        , 0.5317269076305221 , 0.5875281743050338 , 0.5179340028694405 , 0.5166279969064191 , 0.5453237410071943 , 0.539828164543722  , 0.026033535101047313 ,             546
0.02625861167907715 , 0.0014878999832193202 , 0.006341886520385742 , 0.0011340814566778623 , entropy        ,              20, sqrt              ,                      1,                      10, random        , "{'criterion': 'entropy', 'max_depth': 20, 'max_features': 'sqrt', 'min_samples_leaf': 1, 'min_samples_split': 10, 'splitter': 'random'}"  , 0.547144754316069  , 0.5300480769230769 , 0.5391672547635851 , 0.5529495380241649 , 0.5283875851627555 , 0.5395394418379303 , 0.009510624543982977 ,             547
0.020443534851074217, 0.00040484375039413886, 0.006057167053222656 , 0.000257524276414102  , entropy        ,              10, sqrt              ,                      1,                      10, random        , "{'criterion': 'entropy', 'max_depth': 10, 'max_features': 'sqrt', 'min_samples_leaf': 1, 'min_samples_split': 10, 'splitter': 'random'}"  , 0.560832791151594  , 0.48941942485078677, 0.5383980181668043 , 0.5617825793382849 , 0.546975546975547  , 0.5394816720966034 , 0.026520791144098894 ,             548
0.025063180923461915, 0.0012466760692144213 , 0.006847763061523437 , 0.0005664297723112124 , gini           ,              25, sqrt              ,                      2,                      20, random        , "{'criterion': 'gini', 'max_depth': 25, 'max_features': 'sqrt', 'min_samples_leaf': 2, 'min_samples_split': 20, 'splitter': 'random'}"     , 0.5443873807776962 , 0.5654974946313529 , 0.5377358490566038 , 0.5214940098661028 , 0.5279770444763271 , 0.5394183557616166 , 0.015230425485315524 ,             549
0.022548866271972657, 0.0010937204594626251 , 0.006348991394042968 , 0.0005881748481538923 , gini           ,              25, sqrt              ,                      4,                      20, random        , "{'criterion': 'gini', 'max_depth': 25, 'max_features': 'sqrt', 'min_samples_leaf': 4, 'min_samples_split': 20, 'splitter': 'random'}"     , 0.5365148228488793 , 0.5388383484954513 , 0.536097212294496  , 0.5480028030833918 , 0.5375268048606148 , 0.5393959983165666 , 0.004406021041439066 ,             550
0.07131056785583496 , 0.0036855472791189558 , 0.006403350830078125 , 0.0004292692346127017 , gini           ,              15, log2              ,                      1,                      10, best          , "{'criterion': 'gini', 'max_depth': 15, 'max_features': 'log2', 'min_samples_leaf': 1, 'min_samples_split': 10, 'splitter': 'best'}"       , 0.5403050108932462 , 0.5753033547466095 , 0.5491039426523298 , 0.5214057507987221 , 0.509325681492109  , 0.5390887481166032 , 0.02285523869547052  ,             551
0.15532951354980468 , 0.007060010054017749  , 0.00953531265258789  , 0.0020572200000627773 , entropy        ,                , sqrt              ,                      4,                       5, best          , "{'criterion': 'entropy', 'max_depth': None, 'max_features': 'sqrt', 'min_samples_leaf': 4, 'min_samples_split': 5, 'splitter': 'best'}"   , 0.5316045380875203 , 0.5356576862123613 , 0.5387627251370399 , 0.5563549160671463 , 0.5328947368421053 , 0.5390549204692346 , 0.008993024923235825 ,             552
0.15041713714599608 , 0.008096150304956475  , 0.009848070144653321 , 0.0010000871745525586 , entropy        ,                , sqrt              ,                      4,                       2, best          , "{'criterion': 'entropy', 'max_depth': None, 'max_features': 'sqrt', 'min_samples_leaf': 4, 'min_samples_split': 2, 'splitter': 'best'}"   , 0.5316045380875203 , 0.5356576862123613 , 0.5387627251370399 , 0.5563549160671463 , 0.5328947368421053 , 0.5390549204692346 , 0.008993024923235825 ,             552
0.07215352058410644 , 0.004464589489763896  , 0.006234025955200196 , 0.0007325028428136286 , gini           ,              20, log2              ,                      2,                      20, best          , "{'criterion': 'gini', 'max_depth': 20, 'max_features': 'log2', 'min_samples_leaf': 2, 'min_samples_split': 20, 'splitter': 'best'}"       , 0.5558121632024634 , 0.5755813953488372 , 0.5468277945619335 , 0.5161787365177196 , 0.500780031201248  , 0.5390360241664404 , 0.027069138435201184 ,             554
0.02509961128234863 , 0.0019502039902469057 , 0.0063914299011230465, 0.0007378821469433253 , gini           ,              20, sqrt              ,                      2,                      20, random        , "{'criterion': 'gini', 'max_depth': 20, 'max_features': 'sqrt', 'min_samples_leaf': 2, 'min_samples_split': 20, 'splitter': 'random'}"     , 0.5557029177718833 , 0.5304709141274239 , 0.5188172043010753 , 0.5657104736490994 , 0.5241660993873384 , 0.5389735218473641 , 0.018398741884288344 ,             555
0.034545183181762695, 0.0020987079785551323 , 0.008638286590576172 , 0.0004160853992840251 , gini           ,              20, sqrt              ,                      1,                       2, random        , "{'criterion': 'gini', 'max_depth': 20, 'max_features': 'sqrt', 'min_samples_leaf': 1, 'min_samples_split': 2, 'splitter': 'random'}"      , 0.5519287833827893 , 0.5460030165912518 , 0.5138888888888888 , 0.5499612703330752 , 0.532648569332355  , 0.5388861057056721 , 0.014192877380293676 ,             556
0.024202299118041993, 0.0010306479983769221 , 0.006477975845336914 , 0.0008470600237873235 , gini           ,              15, sqrt              ,                      2,                      10, random        , "{'criterion': 'gini', 'max_depth': 15, 'max_features': 'sqrt', 'min_samples_leaf': 2, 'min_samples_split': 10, 'splitter': 'random'}"     , 0.5288919102651257 , 0.5400516795865633 , 0.541994750656168  , 0.568738229755179  , 0.514030612244898  , 0.5387414365015868 , 0.017998591044615545 ,             557
0.8726902008056641  , 0.012857128604208462  , 0.009901952743530274 , 0.0010731065666799101 , gini           ,                ,                   ,                      1,                       5, best          , "{'criterion': 'gini', 'max_depth': None, 'max_features': None, 'min_samples_leaf': 1, 'min_samples_split': 5, 'splitter': 'best'}"        , 0.5215759849906192 , 0.5686448184233835 , 0.5328596802841918 , 0.526508226691042  , 0.5436543654365437 , 0.5386486151651562 , 0.01671649033812628  ,             558
0.12114758491516113 , 0.0037059845914509102 , 0.010294198989868164 , 0.0009120378328321701 , entropy        ,              20, log2              ,                      8,                       5, best          , "{'criterion': 'entropy', 'max_depth': 20, 'max_features': 'log2', 'min_samples_leaf': 8, 'min_samples_split': 5, 'splitter': 'best'}"     , 0.5018896447467877 , 0.5666666666666667 , 0.5740740740740741 , 0.5182427401340283 , 0.5319465081723626 , 0.5385639267587837 , 0.027757803833751725 ,             559
0.12750678062438964 , 0.0024330257789744866 , 0.011709070205688477 , 0.0024055982109100938 , entropy        ,              20, log2              ,                      8,                      10, best          , "{'criterion': 'entropy', 'max_depth': 20, 'max_features': 'log2', 'min_samples_leaf': 8, 'min_samples_split': 10, 'splitter': 'best'}"    , 0.5018896447467877 , 0.5666666666666667 , 0.5740740740740741 , 0.5182427401340283 , 0.5319465081723626 , 0.5385639267587837 , 0.027757803833751725 ,             559
0.11987218856811524 , 0.00545139633696946   , 0.010549449920654297 , 0.0010493292587937864 , entropy        ,              20, log2              ,                      8,                       2, best          , "{'criterion': 'entropy', 'max_depth': 20, 'max_features': 'log2', 'min_samples_leaf': 8, 'min_samples_split': 2, 'splitter': 'best'}"     , 0.5018896447467877 , 0.5666666666666667 , 0.5740740740740741 , 0.5182427401340283 , 0.5319465081723626 , 0.5385639267587837 , 0.027757803833751725 ,             559
0.10541534423828125 , 0.003013341328031684  , 0.0066890716552734375, 0.0010418849787856108 , entropy        ,              20, sqrt              ,                      2,                       5, best          , "{'criterion': 'entropy', 'max_depth': 20, 'max_features': 'sqrt', 'min_samples_leaf': 2, 'min_samples_split': 5, 'splitter': 'best'}"     , 0.5509076558800315 , 0.5214574898785425 , 0.5552147239263804 , 0.5347166799680766 , 0.5305164319248826 , 0.5385625963155827 , 0.012663414624758526 ,             562
0.07132925987243652 , 0.0024487050374018804 , 0.0068610191345214845, 0.00036142109502667306, gini           ,                , log2              ,                      8,                       5, best          , "{'criterion': 'gini', 'max_depth': None, 'max_features': 'log2', 'min_samples_leaf': 8, 'min_samples_split': 5, 'splitter': 'best'}"      , 0.5325264750378215 , 0.5528089887640449 , 0.5529953917050692 , 0.54627539503386   , 0.507959479015919  , 0.5385131459113429 , 0.016992503443833493 ,             563
0.07079777717590333 , 0.002036965062416168  , 0.006295442581176758 , 0.0006028752155285307 , gini           ,                , log2              ,                      8,                       2, best          , "{'criterion': 'gini', 'max_depth': None, 'max_features': 'log2', 'min_samples_leaf': 8, 'min_samples_split': 2, 'splitter': 'best'}"      , 0.5325264750378215 , 0.5528089887640449 , 0.5529953917050692 , 0.54627539503386   , 0.507959479015919  , 0.5385131459113429 , 0.016992503443833493 ,             563
0.07356405258178711 , 0.0020698182361255043 , 0.0063454627990722655, 0.0005927043755060169 , gini           ,                , log2              ,                      8,                      10, best          , "{'criterion': 'gini', 'max_depth': None, 'max_features': 'log2', 'min_samples_leaf': 8, 'min_samples_split': 10, 'splitter': 'best'}"     , 0.5325264750378215 , 0.5528089887640449 , 0.5529953917050692 , 0.54627539503386   , 0.507959479015919  , 0.5385131459113429 , 0.016992503443833493 ,             563
0.09289970397949218 , 0.004814883879503601  , 0.008904075622558594 , 0.0005615316776197109 , gini           ,                ,                   ,                      1,                      10, random        , "{'criterion': 'gini', 'max_depth': None, 'max_features': None, 'min_samples_leaf': 1, 'min_samples_split': 10, 'splitter': 'random'}"     , 0.5562336530078466 , 0.5475792988313857 , 0.5413153456998314 , 0.49917081260364843, 0.5478119935170178 , 0.538422220731946  , 0.02019064260556108  ,             566
0.020168352127075195, 0.0011482576332801672 , 0.006245231628417969 , 0.00041206099261812545, entropy        ,              10, sqrt              ,                      8,                      10, random        , "{'criterion': 'entropy', 'max_depth': 10, 'max_features': 'sqrt', 'min_samples_leaf': 8, 'min_samples_split': 10, 'splitter': 'random'}"  , 0.5511400651465798 , 0.5226666666666666 , 0.5213394615889692 , 0.562206572769953  , 0.5345997286295794 , 0.5383904989603495 , 0.01601314164542529  ,             567
0.020515584945678712, 0.0011000756799196601 , 0.006217050552368164 , 7.722383297750132e-05 , entropy        ,              10, sqrt              ,                      8,                       2, random        , "{'criterion': 'entropy', 'max_depth': 10, 'max_features': 'sqrt', 'min_samples_leaf': 8, 'min_samples_split': 2, 'splitter': 'random'}"   , 0.5511400651465798 , 0.5226666666666666 , 0.5213394615889692 , 0.562206572769953  , 0.5345997286295794 , 0.5383904989603495 , 0.01601314164542529  ,             567
0.020859575271606444, 0.0012308266038981233 , 0.006386518478393555 , 0.0007644777584874325 , entropy        ,              10, sqrt              ,                      8,                       5, random        , "{'criterion': 'entropy', 'max_depth': 10, 'max_features': 'sqrt', 'min_samples_leaf': 8, 'min_samples_split': 5, 'splitter': 'random'}"   , 0.5511400651465798 , 0.5226666666666666 , 0.5213394615889692 , 0.562206572769953  , 0.5345997286295794 , 0.5383904989603495 , 0.01601314164542529  ,             567
0.09820947647094727 , 0.004419763604803112  , 0.006931400299072266 , 0.00036763596314173065, entropy        ,              20, sqrt              ,                      4,                      20, best          , "{'criterion': 'entropy', 'max_depth': 20, 'max_features': 'sqrt', 'min_samples_leaf': 4, 'min_samples_split': 20, 'splitter': 'best'}"    , 0.5410700828937453 , 0.5283842794759825 , 0.5373352855051244 , 0.5424460431654676 , 0.5422781271837875 , 0.5383027636448215 , 0.005290381431180758 ,             570
0.0922656536102295  , 0.007075623770937632  , 0.006559848785400391 , 0.0007785537581998505 , gini           ,              25, sqrt              ,                      2,                      10, best          , "{'criterion': 'gini', 'max_depth': 25, 'max_features': 'sqrt', 'min_samples_leaf': 2, 'min_samples_split': 10, 'splitter': 'best'}"       , 0.5483071841453344 , 0.551231135822081  , 0.5457413249211357 , 0.5220125786163522 , 0.5240726124704025 , 0.5382729671950612 , 0.012573196269308737 ,             571
0.02424912452697754 , 0.0011094355737899049 , 0.006377410888671875 , 0.0004813163994183117 , entropy        ,              15, sqrt              ,                      2,                      10, random        , "{'criterion': 'entropy', 'max_depth': 15, 'max_features': 'sqrt', 'min_samples_leaf': 2, 'min_samples_split': 10, 'splitter': 'random'}"  , 0.5566433566433566 , 0.5761092150170648 , 0.48014018691588783, 0.5337620578778135 , 0.5438373570520966 , 0.5380984347012439 , 0.03224788808622755  ,             572
0.12907276153564454 , 0.009315929112313801  , 0.007942008972167968 , 0.0011463931926029563 , entropy        ,                , sqrt              ,                      8,                       5, best          , "{'criterion': 'entropy', 'max_depth': None, 'max_features': 'sqrt', 'min_samples_leaf': 8, 'min_samples_split': 5, 'splitter': 'best'}"   , 0.5487528344671202 , 0.5549658832448825 , 0.5101275318829708 , 0.5665171898355755 , 0.5094768764215315 , 0.5379680631704161 , 0.02369444119314276  ,             573
0.12928104400634766 , 0.00755507953654892   , 0.008318948745727538 , 0.0008954762825300227 , entropy        ,                , sqrt              ,                      8,                       2, best          , "{'criterion': 'entropy', 'max_depth': None, 'max_features': 'sqrt', 'min_samples_leaf': 8, 'min_samples_split': 2, 'splitter': 'best'}"   , 0.5487528344671202 , 0.5549658832448825 , 0.5101275318829708 , 0.5665171898355755 , 0.5094768764215315 , 0.5379680631704161 , 0.02369444119314276  ,             573
0.12354111671447754 , 0.008699815494427166  , 0.007573413848876953 , 0.00061010373195113   , entropy        ,                , sqrt              ,                      8,                      10, best          , "{'criterion': 'entropy', 'max_depth': None, 'max_features': 'sqrt', 'min_samples_leaf': 8, 'min_samples_split': 10, 'splitter': 'best'}"  , 0.5487528344671202 , 0.5549658832448825 , 0.5101275318829708 , 0.5665171898355755 , 0.5094768764215315 , 0.5379680631704161 , 0.02369444119314276  ,             573
0.11138997077941895 , 0.005237784816204735  , 0.008594751358032227 , 0.0011365187548482067 , entropy        ,              25, log2              ,                      8,                       5, best          , "{'criterion': 'entropy', 'max_depth': 25, 'max_features': 'log2', 'min_samples_leaf': 8, 'min_samples_split': 5, 'splitter': 'best'}"     , 0.538403041825095  , 0.55               , 0.5372918175235337 , 0.5224550898203593 , 0.5411585365853658 , 0.5378616971508707 , 0.008901560678853537 ,             576
0.11605277061462402 , 0.005065501842567672  , 0.008733654022216797 , 0.0003379783498297548 , entropy        ,              25, log2              ,                      8,                      10, best          , "{'criterion': 'entropy', 'max_depth': 25, 'max_features': 'log2', 'min_samples_leaf': 8, 'min_samples_split': 10, 'splitter': 'best'}"    , 0.538403041825095  , 0.55               , 0.5372918175235337 , 0.5224550898203593 , 0.5411585365853658 , 0.5378616971508707 , 0.008901560678853537 ,             576
0.1266122817993164  , 0.007477714149287345  , 0.00968313217163086  , 0.0016028913167092658 , entropy        ,              25, log2              ,                      8,                       2, best          , "{'criterion': 'entropy', 'max_depth': 25, 'max_features': 'log2', 'min_samples_leaf': 8, 'min_samples_split': 2, 'splitter': 'best'}"     , 0.538403041825095  , 0.55               , 0.5372918175235337 , 0.5224550898203593 , 0.5411585365853658 , 0.5378616971508707 , 0.008901560678853537 ,             576
0.15466017723083497 , 0.008827600721083325  , 0.007601261138916016 , 0.0007383376028829385 , entropy        ,              25, sqrt              ,                      1,                       5, best          , "{'criterion': 'entropy', 'max_depth': 25, 'max_features': 'sqrt', 'min_samples_leaf': 1, 'min_samples_split': 5, 'splitter': 'best'}"     , 0.5211389128559103 , 0.5756336876533116 , 0.5451358457493427 , 0.5004329004329005 , 0.546644844517185  , 0.53779723824173   , 0.025445336490538324 ,             579
0.09296345710754395 , 0.002929569033373315  , 0.006133556365966797 , 0.0006900567020390846 , gini           ,              25, sqrt              ,                      1,                      20, best          , "{'criterion': 'gini', 'max_depth': 25, 'max_features': 'sqrt', 'min_samples_leaf': 1, 'min_samples_split': 20, 'splitter': 'best'}"       , 0.5559906029757243 , 0.5571428571428572 , 0.5329153605015674 , 0.5166666666666667 , 0.5260625501202887 , 0.5377556074814208 , 0.016206662309538267 ,             580
0.021933650970458983, 0.0005112122804206351 , 0.006052589416503907 , 0.00040182633599629143, gini           ,              15, sqrt              ,                      8,                      20, random        , "{'criterion': 'gini', 'max_depth': 15, 'max_features': 'sqrt', 'min_samples_leaf': 8, 'min_samples_split': 20, 'splitter': 'random'}"     , 0.5538664904163912 , 0.5552763819095478 , 0.5218525766470972 , 0.5338441890166028 , 0.5238415043653458 , 0.5377362284709969 , 0.014341157954813406 ,             581
0.11656622886657715 , 0.010232521820197318  , 0.007182407379150391 , 0.001229803285091544  , entropy        ,              25, sqrt              ,                      4,                       5, best          , "{'criterion': 'entropy', 'max_depth': 25, 'max_features': 'sqrt', 'min_samples_leaf': 4, 'min_samples_split': 5, 'splitter': 'best'}"     , 0.5323505323505323 , 0.5419254658385093 , 0.5538221528861155 , 0.5301016419077405 , 0.5295546558704454 , 0.5375508897706686 , 0.009277560959142353 ,             582
0.11708359718322754 , 0.008041402549655898  , 0.006554937362670899 , 0.000936122084390896  , entropy        ,              25, sqrt              ,                      4,                       2, best          , "{'criterion': 'entropy', 'max_depth': 25, 'max_features': 'sqrt', 'min_samples_leaf': 4, 'min_samples_split': 2, 'splitter': 'best'}"     , 0.5323505323505323 , 0.5419254658385093 , 0.5538221528861155 , 0.5301016419077405 , 0.5295546558704454 , 0.5375508897706686 , 0.009277560959142353 ,             582
0.08899235725402832 , 0.007038087104979107  , 0.006486654281616211 , 0.0003841242815411637 , gini           ,                , sqrt              ,                      4,                      20, best          , "{'criterion': 'gini', 'max_depth': None, 'max_features': 'sqrt', 'min_samples_leaf': 4, 'min_samples_split': 20, 'splitter': 'best'}"     , 0.5429017160686428 , 0.581081081081081  , 0.5429657794676807 , 0.5048255382331106 , 0.5152439024390244 , 0.5374036034579078 , 0.026537791086690906 ,             584
0.025066184997558593, 0.0031666657357622588 , 0.007388067245483398 , 0.0011773277882529336 , entropy        ,              25, sqrt              ,                      1,                      20, random        , "{'criterion': 'entropy', 'max_depth': 25, 'max_features': 'sqrt', 'min_samples_leaf': 1, 'min_samples_split': 20, 'splitter': 'random'}"  , 0.5229681978798587 , 0.5275707898658718 , 0.5434329395413482 , 0.5451957295373665 , 0.5464788732394367 , 0.5371293060127764 , 0.009839914694236514 ,             585
0.10117850303649903 , 0.003200470287402906  , 0.009105348587036132 , 0.0004111970777870976 , entropy        ,                ,                   ,                      2,                       2, random        , "{'criterion': 'entropy', 'max_depth': None, 'max_features': None, 'min_samples_leaf': 2, 'min_samples_split': 2, 'splitter': 'random'}"   , 0.5316455696202531 , 0.5650224215246636 , 0.5297670405522001 , 0.5222707423580786 , 0.536283185840708  , 0.5369977919791807 , 0.01472213682870315  ,             586
0.02904982566833496 , 0.0035647764833917498 , 0.0076367855072021484, 0.0008500917464426226 , gini           ,              20, sqrt              ,                      1,                       5, random        , "{'criterion': 'gini', 'max_depth': 20, 'max_features': 'sqrt', 'min_samples_leaf': 1, 'min_samples_split': 5, 'splitter': 'random'}"      , 0.5508474576271186 , 0.5341614906832298 , 0.5364806866952789 , 0.534542916957432  , 0.5285714285714286 , 0.5369207961068976 , 0.007444805051925672 ,             587
0.09369988441467285 , 0.00478934249094516   , 0.00653996467590332  , 0.00039534443696467934, entropy        ,                , log2              ,                      8,                       2, best          , "{'criterion': 'entropy', 'max_depth': None, 'max_features': 'log2', 'min_samples_leaf': 8, 'min_samples_split': 2, 'splitter': 'best'}"   , 0.5389312977099237 , 0.5464150943396227 , 0.5497835497835498 , 0.5224550898203593 , 0.5259259259259259 , 0.5367021915158763 , 0.010858537070919487 ,             588
0.09319038391113281 , 0.004477902977840784  , 0.006970596313476562 , 0.0009707247322227872 , entropy        ,                , log2              ,                      8,                      10, best          , "{'criterion': 'entropy', 'max_depth': None, 'max_features': 'log2', 'min_samples_leaf': 8, 'min_samples_split': 10, 'splitter': 'best'}"  , 0.5389312977099237 , 0.5464150943396227 , 0.5497835497835498 , 0.5224550898203593 , 0.5259259259259259 , 0.5367021915158763 , 0.010858537070919487 ,             588
0.09312691688537597 , 0.004974413065501199  , 0.0070225238800048825, 0.001013509910293941  , entropy        ,                , log2              ,                      8,                       5, best          , "{'criterion': 'entropy', 'max_depth': None, 'max_features': 'log2', 'min_samples_leaf': 8, 'min_samples_split': 5, 'splitter': 'best'}"   , 0.5389312977099237 , 0.5464150943396227 , 0.5497835497835498 , 0.5224550898203593 , 0.5259259259259259 , 0.5367021915158763 , 0.010858537070919487 ,             588
0.09403223991394043 , 0.004606195101535041  , 0.006485700607299805 , 0.00025198852023663315, gini           ,                , sqrt              ,                      1,                      20, best          , "{'criterion': 'gini', 'max_depth': None, 'max_features': 'sqrt', 'min_samples_leaf': 1, 'min_samples_split': 20, 'splitter': 'best'}"     , 0.5664739884393064 , 0.5432883240667196 , 0.5408906882591094 , 0.5201863354037267 , 0.5122918318794607 , 0.5366262336096645 , 0.019057234068322243 ,             591
0.02315492630004883 , 0.0009109794564517206 , 0.0064884662628173825, 0.00048199478791484114, gini           ,              15, sqrt              ,                      1,                       5, random        , "{'criterion': 'gini', 'max_depth': 15, 'max_features': 'sqrt', 'min_samples_leaf': 1, 'min_samples_split': 5, 'splitter': 'random'}"      , 0.5445816186556928 , 0.5626204238921002 , 0.4956369982547993 , 0.5499655410062027 , 0.5303131245836109 , 0.5366235412784811 , 0.022964737863940526 ,             592
0.0973139762878418  , 0.00412001111099471   , 0.008428573608398438 , 0.0004538431515083468 , gini           ,                ,                   ,                      1,                       5, random        , "{'criterion': 'gini', 'max_depth': None, 'max_features': None, 'min_samples_leaf': 1, 'min_samples_split': 5, 'splitter': 'random'}"      , 0.5205992509363296 , 0.5711743772241993 , 0.5282685512367491 , 0.5274527452745275 , 0.5345858240819812 , 0.5364161497507574 , 0.017935354686234264 ,             593
0.020415735244750977, 0.0013591313234121234 , 0.006098031997680664 , 0.0002890772720724455 , gini           ,              10, sqrt              ,                      8,                      20, random        , "{'criterion': 'gini', 'max_depth': 10, 'max_features': 'sqrt', 'min_samples_leaf': 8, 'min_samples_split': 20, 'splitter': 'random'}"     , 0.535964353914704  , 0.49624927870744373, 0.5598548972188634 , 0.5411042944785276 , 0.5487646293888166 , 0.536387490741671  , 0.021621360158081568 ,             594
0.025024843215942384, 0.0024824673941524927 , 0.006502628326416016 , 0.0006398481477157839 , gini           ,              20, sqrt              ,                      1,                      20, random        , "{'criterion': 'gini', 'max_depth': 20, 'max_features': 'sqrt', 'min_samples_leaf': 1, 'min_samples_split': 20, 'splitter': 'random'}"     , 0.5082084225553176 , 0.5542662116040956 , 0.5414599574769667 , 0.5624553890078515 , 0.5149303251493033 , 0.536264061158707  , 0.021350913625757594 ,             595
0.018863153457641602, 0.0006089517515444523 , 0.006151914596557617 , 0.0003362550357873338 , gini           ,              10, log2              ,                      4,                      10, random        , "{'criterion': 'gini', 'max_depth': 10, 'max_features': 'log2', 'min_samples_leaf': 4, 'min_samples_split': 10, 'splitter': 'random'}"     , 0.5229180116204003 , 0.5231143552311436 , 0.5548705302096177 , 0.5340699815837937 , 0.5446808510638298 , 0.535930745941757  , 0.012428461989494991 ,             596
0.10558023452758789 , 0.00219142305197928   , 0.00697479248046875  , 0.00024403618277298394, entropy        ,              20, sqrt              ,                      2,                      10, best          , "{'criterion': 'entropy', 'max_depth': 20, 'max_features': 'sqrt', 'min_samples_leaf': 2, 'min_samples_split': 10, 'splitter': 'best'}"    , 0.5566692367000771 , 0.5633359559402046 , 0.5291887793783169 , 0.5287175452399685 , 0.5007656967840735 , 0.5357354428085281 , 0.022427683238318754 ,             597
0.11921424865722656 , 0.0029499198661512415 , 0.008528995513916015 , 0.0007531918671291332 , gini           ,              20, sqrt              ,                      1,                       2, best          , "{'criterion': 'gini', 'max_depth': 20, 'max_features': 'sqrt', 'min_samples_leaf': 1, 'min_samples_split': 2, 'splitter': 'best'}"        , 0.5168141592920354 , 0.5557432432432432 , 0.52029826014913   , 0.5376344086021505 , 0.547923322683706  , 0.5356826787940531 , 0.015157639811906733 ,             598
0.02298884391784668 , 0.0008441549690130941 , 0.006172466278076172 , 0.0003598878469369639 , gini           ,              20, sqrt              ,                      8,                       2, random        , "{'criterion': 'gini', 'max_depth': 20, 'max_features': 'sqrt', 'min_samples_leaf': 8, 'min_samples_split': 2, 'splitter': 'random'}"      , 0.5166312809624911 , 0.5487316421895861 , 0.5544147843942505 , 0.5468215994531784 , 0.5113714679531358 , 0.5355941549905284 , 0.017884039414708435 ,             599
0.023432302474975585, 0.0014736995892053444 , 0.006058311462402344 , 0.0004103269110661094 , gini           ,              20, sqrt              ,                      8,                       5, random        , "{'criterion': 'gini', 'max_depth': 20, 'max_features': 'sqrt', 'min_samples_leaf': 8, 'min_samples_split': 5, 'splitter': 'random'}"      , 0.5166312809624911 , 0.5487316421895861 , 0.5544147843942505 , 0.5468215994531784 , 0.5113714679531358 , 0.5355941549905284 , 0.017884039414708435 ,             599
0.02322225570678711 , 0.0014929384009062904 , 0.005936336517333984 , 0.0003073048235631224 , gini           ,              20, sqrt              ,                      8,                      10, random        , "{'criterion': 'gini', 'max_depth': 20, 'max_features': 'sqrt', 'min_samples_leaf': 8, 'min_samples_split': 10, 'splitter': 'random'}"     , 0.5166312809624911 , 0.5487316421895861 , 0.5544147843942505 , 0.5468215994531784 , 0.5113714679531358 , 0.5355941549905284 , 0.017884039414708435 ,             599
0.0261563777923584  , 0.0017617489631007767 , 0.0065287590026855465, 0.0006129014240221197 , entropy        ,              20, sqrt              ,                      2,                      20, random        , "{'criterion': 'entropy', 'max_depth': 20, 'max_features': 'sqrt', 'min_samples_leaf': 2, 'min_samples_split': 20, 'splitter': 'random'}"  , 0.5318404478656403 , 0.5294515910629655 , 0.5344352617079889 , 0.5408486383787207 , 0.5411103302881237 , 0.5355372538606878 , 0.00471563440740801  ,             602
0.02382683753967285 , 0.001283642627505664  , 0.006581592559814453 , 0.00072133652652786   , entropy        ,              15, sqrt              ,                      4,                      10, random        , "{'criterion': 'entropy', 'max_depth': 15, 'max_features': 'sqrt', 'min_samples_leaf': 4, 'min_samples_split': 10, 'splitter': 'random'}"  , 0.5584577114427861 , 0.5534246575342465 , 0.512987012987013  , 0.5315315315315315 , 0.5211726384364821 , 0.5355147103864117 , 0.01775502968759462  ,             603
0.02306809425354004 , 0.0007390410740067565 , 0.006494665145874023 , 0.000641444858033234  , entropy        ,              15, sqrt              ,                      4,                       5, random        , "{'criterion': 'entropy', 'max_depth': 15, 'max_features': 'sqrt', 'min_samples_leaf': 4, 'min_samples_split': 5, 'splitter': 'random'}"   , 0.5398526456798393 , 0.5531914893617021 , 0.5190268247036806 , 0.5576679340937896 , 0.5075165363800361 , 0.5354510860438095 , 0.019379264175265278 ,             604
0.024426031112670898, 0.0012818797670623085 , 0.0063954353332519535, 0.0007534054653503637 , entropy        ,              15, sqrt              ,                      4,                       2, random        , "{'criterion': 'entropy', 'max_depth': 15, 'max_features': 'sqrt', 'min_samples_leaf': 4, 'min_samples_split': 2, 'splitter': 'random'}"   , 0.5398526456798393 , 0.5531914893617021 , 0.5190268247036806 , 0.5576679340937896 , 0.5075165363800361 , 0.5354510860438095 , 0.019379264175265278 ,             604
0.7995320320129394  , 0.02327951501987148   , 0.008343839645385742 , 0.0002831064009099049 , gini           ,                ,                   ,                      1,                       2, best          , "{'criterion': 'gini', 'max_depth': None, 'max_features': None, 'min_samples_leaf': 1, 'min_samples_split': 2, 'splitter': 'best'}"        , 0.5246853823814134 , 0.5646630236794171 , 0.537121906507791  , 0.5160680529300568 , 0.5344506517690876 , 0.5353978034535533 , 0.016423872643507493 ,             606
0.09476170539855958 , 0.005687296042601778  , 0.009162473678588866 , 0.0003711746321881701 , entropy        ,                ,                   ,                      1,                       2, random        , "{'criterion': 'entropy', 'max_depth': None, 'max_features': None, 'min_samples_leaf': 1, 'min_samples_split': 2, 'splitter': 'random'}"   , 0.5284474445515911 , 0.5619834710743802 , 0.5437262357414449 , 0.5260223048327137 , 0.516728624535316  , 0.5353816161470891 , 0.015880207188895434 ,             607
0.028116464614868164, 0.0019417438609292288 , 0.007470321655273437 , 0.0013379776500495176 , entropy        ,              25, sqrt              ,                      4,                      20, random        , "{'criterion': 'entropy', 'max_depth': 25, 'max_features': 'sqrt', 'min_samples_leaf': 4, 'min_samples_split': 20, 'splitter': 'random'}"  , 0.5087209302325582 , 0.5399028452463567 , 0.5587162654996353 , 0.532608695652174  , 0.53601108033241   , 0.5351919633926268 , 0.01602276517211035  ,             608
0.0753896713256836  , 0.004396335232878692  , 0.006103420257568359 , 0.0006817249748542855 , gini           ,              25, log2              ,                      2,                      20, best          , "{'criterion': 'gini', 'max_depth': 25, 'max_features': 'log2', 'min_samples_leaf': 2, 'min_samples_split': 20, 'splitter': 'best'}"       , 0.5664280031821798 , 0.5457364341085271 , 0.5311778290993071 , 0.5291338582677165 , 0.5026985350809561 , 0.5350349319477374 , 0.020954185955624954 ,             609
0.08786659240722657 , 0.006205060214675422  , 0.006846427917480469 , 0.0007652378628396866 , gini           ,              20, sqrt              ,                      1,                      10, best          , "{'criterion': 'gini', 'max_depth': 20, 'max_features': 'sqrt', 'min_samples_leaf': 1, 'min_samples_split': 10, 'splitter': 'best'}"       , 0.5537948290241869 , 0.5590062111801242 , 0.5237366003062787 , 0.5224806201550387 , 0.516078431372549  , 0.5350193384076355 , 0.017726628032930385 ,             610
0.023689460754394532, 0.000858254767531024  , 0.006444168090820312 , 0.0003039838716095017 , gini           ,              25, sqrt              ,                      8,                      20, random        , "{'criterion': 'gini', 'max_depth': 25, 'max_features': 'sqrt', 'min_samples_leaf': 8, 'min_samples_split': 20, 'splitter': 'random'}"     , 0.5526127415891195 , 0.5681818181818182 , 0.5229540918163673 , 0.5275035260930888 , 0.5034965034965035 , 0.5349497362353794 , 0.022825426212263807 ,             611
0.022179841995239258, 0.0008477045587159037 , 0.006321525573730469 , 0.00043759132192271595, entropy        ,              15, sqrt              ,                      8,                       5, random        , "{'criterion': 'entropy', 'max_depth': 15, 'max_features': 'sqrt', 'min_samples_leaf': 8, 'min_samples_split': 5, 'splitter': 'random'}"   , 0.5656836461126006 , 0.5142150803461063 , 0.55249343832021   , 0.5265225933202358 , 0.5152498377676833 , 0.5348329191733672 , 0.020694516956183913 ,             612
0.02198615074157715 , 0.0008738146582220967 , 0.00606226921081543  , 0.0004632831403538716 , entropy        ,              15, sqrt              ,                      8,                      10, random        , "{'criterion': 'entropy', 'max_depth': 15, 'max_features': 'sqrt', 'min_samples_leaf': 8, 'min_samples_split': 10, 'splitter': 'random'}"  , 0.5656836461126006 , 0.5142150803461063 , 0.55249343832021   , 0.5265225933202358 , 0.5152498377676833 , 0.5348329191733672 , 0.020694516956183913 ,             612
0.023105287551879884, 0.001095671039063057  , 0.006323766708374023 , 0.00018357533280641923, entropy        ,              15, sqrt              ,                      8,                       2, random        , "{'criterion': 'entropy', 'max_depth': 15, 'max_features': 'sqrt', 'min_samples_leaf': 8, 'min_samples_split': 2, 'splitter': 'random'}"   , 0.5656836461126006 , 0.5142150803461063 , 0.55249343832021   , 0.5265225933202358 , 0.5152498377676833 , 0.5348329191733672 , 0.020694516956183913 ,             612
0.090171480178833   , 0.0036724953678681834 , 0.006694602966308594 , 0.0002963443541145028 , gini           ,              25, sqrt              ,                      2,                      20, best          , "{'criterion': 'gini', 'max_depth': 25, 'max_features': 'sqrt', 'min_samples_leaf': 2, 'min_samples_split': 20, 'splitter': 'best'}"       , 0.5420267085624509 , 0.54858934169279   , 0.5247678018575851 , 0.5328244274809161 , 0.5256609642301711 , 0.5347738487647826 , 0.009278337164391533 ,             615
0.1063845157623291  , 0.003173203149600826  , 0.006930923461914063 , 0.0009367111111466031 , entropy        ,              20, sqrt              ,                      1,                      10, best          , "{'criterion': 'entropy', 'max_depth': 20, 'max_features': 'sqrt', 'min_samples_leaf': 1, 'min_samples_split': 10, 'splitter': 'best'}"    , 0.5362673186634067 , 0.5340557275541795 , 0.5148063781321185 , 0.5670498084291188 , 0.5213483146067416 , 0.534705509477113  , 0.018018907970622996 ,             616
0.02531733512878418 , 0.0015207920712703301 , 0.007068061828613281 , 0.0011980796459977211 , entropy        ,              20, sqrt              ,                      8,                      20, random        , "{'criterion': 'entropy', 'max_depth': 20, 'max_features': 'sqrt', 'min_samples_leaf': 8, 'min_samples_split': 20, 'splitter': 'random'}"  , 0.5593108018555335 , 0.5340674466620785 , 0.5077026121902211 , 0.547478716437459  , 0.5239749826268242 , 0.5345069119544232 , 0.017961546797124313 ,             617
0.1106954574584961  , 0.007730422615025842  , 0.007478046417236328 , 0.0006487380384907876 , entropy        ,                , log2              ,                      1,                      20, best          , "{'criterion': 'entropy', 'max_depth': None, 'max_features': 'log2', 'min_samples_leaf': 1, 'min_samples_split': 20, 'splitter': 'best'}"  , 0.5221595487510072 , 0.5641434262948207 , 0.5606891151135474 , 0.5131056393963463 , 0.5114443567482242 , 0.5343084172607891 , 0.023263649935546984 ,             618
0.027309274673461913, 0.001366640597825965  , 0.007192468643188477 , 0.0011572183225843614 , entropy        ,              25, sqrt              ,                      2,                      20, random        , "{'criterion': 'entropy', 'max_depth': 25, 'max_features': 'sqrt', 'min_samples_leaf': 2, 'min_samples_split': 20, 'splitter': 'random'}"  , 0.5279770444763271 , 0.5465753424657535 , 0.5469613259668509 , 0.5178181818181818 , 0.5320468642315644 , 0.5342757517917355 , 0.011204436495747773 ,             619
0.11136174201965332 , 0.016670817277032297  , 0.010020828247070313 , 0.001682375700631105  , entropy        ,              20, log2              ,                      1,                       2, best          , "{'criterion': 'entropy', 'max_depth': 20, 'max_features': 'log2', 'min_samples_leaf': 1, 'min_samples_split': 2, 'splitter': 'best'}"     , 0.5567703952901598 , 0.5453125          , 0.5241488519398259 , 0.5104669887278583 , 0.5341426403641881 , 0.5341682752644064 , 0.01610707955533089  ,             620
0.026815462112426757, 0.001851981284509237  , 0.006646108627319336 , 0.000589031778632715  , entropy        ,              20, sqrt              ,                      2,                       5, random        , "{'criterion': 'entropy', 'max_depth': 20, 'max_features': 'sqrt', 'min_samples_leaf': 2, 'min_samples_split': 5, 'splitter': 'random'}"   , 0.5003615328994938 , 0.5412778176597272 , 0.5323549032688459 , 0.5607235142118863 , 0.5343065693430656 , 0.5338048674766037 , 0.019500098743860182 ,             621
0.030591440200805665, 0.0026310595652073035 , 0.008156442642211914 , 0.000488840086966648  , gini           ,              15, sqrt              ,                      1,                       2, random        , "{'criterion': 'gini', 'max_depth': 15, 'max_features': 'sqrt', 'min_samples_leaf': 1, 'min_samples_split': 2, 'splitter': 'random'}"      , 0.5223665223665224 , 0.5178571428571429 , 0.5422222222222223 , 0.562287270251872  , 0.5235069885641678 , 0.5336480292523854 , 0.0165721942247488   ,             622
0.09020347595214843 , 0.007170974498817279  , 0.007015085220336914 , 0.0004275511287094037 , gini           ,                , sqrt              ,                      2,                      10, best          , "{'criterion': 'gini', 'max_depth': None, 'max_features': 'sqrt', 'min_samples_leaf': 2, 'min_samples_split': 10, 'splitter': 'best'}"     , 0.5159183673469387 , 0.5565356856455493 , 0.5400313971742543 , 0.5251396648044693 , 0.5303514376996805 , 0.5335953105341785 , 0.01387212310792123  ,             623
0.12561726570129395 , 0.010100214833221396  , 0.009102630615234374 , 0.00050077658565417   , entropy        ,              20, log2              ,                      1,                      10, best          , "{'criterion': 'entropy', 'max_depth': 20, 'max_features': 'log2', 'min_samples_leaf': 1, 'min_samples_split': 10, 'splitter': 'best'}"    , 0.5413060582218725 , 0.5491289198606272 , 0.5075098814229249 , 0.5439870863599677 , 0.5257575757575758 , 0.5335379043245936 , 0.01516971241919623  ,             624
0.022382640838623048, 0.0008439626469138346 , 0.006418991088867188 , 0.0005295481649944932 , gini           ,              20, sqrt              ,                      8,                      20, random        , "{'criterion': 'gini', 'max_depth': 20, 'max_features': 'sqrt', 'min_samples_leaf': 8, 'min_samples_split': 20, 'splitter': 'random'}"     , 0.5388967468175389 , 0.5349626612355737 , 0.5317679558011049 , 0.5161725067385444 , 0.5457007447528774 , 0.533500123069128  , 0.009832237043364207 ,             625
0.08759336471557617 , 0.002716077610483608  , 0.006517219543457031 , 0.0005236569225234232 , gini           ,                , sqrt              ,                      4,                      10, best          , "{'criterion': 'gini', 'max_depth': None, 'max_features': 'sqrt', 'min_samples_leaf': 4, 'min_samples_split': 10, 'splitter': 'best'}"     , 0.5248             , 0.5457317073170732 , 0.5289514866979655 , 0.5353218210361067 , 0.5324074074074074 , 0.5334424844917106 , 0.0070779924758627155,             626
0.10999202728271484 , 0.006757524228559928  , 0.007793951034545899 , 0.001057012462834342  , entropy        ,                , log2              ,                      2,                      20, best          , "{'criterion': 'entropy', 'max_depth': None, 'max_features': 'log2', 'min_samples_leaf': 2, 'min_samples_split': 20, 'splitter': 'best'}"  , 0.516179952644041  , 0.514820592823713  , 0.5626911314984709 , 0.5042935206869633 , 0.5676309616888194 , 0.5331232318684016 , 0.02652643081748001  ,             627
0.12811737060546874 , 0.004144734441025     , 0.010225677490234375 , 0.0007403002552377844 , entropy        ,              20, log2              ,                      4,                      10, best          , "{'criterion': 'entropy', 'max_depth': 20, 'max_features': 'log2', 'min_samples_leaf': 4, 'min_samples_split': 10, 'splitter': 'best'}"    , 0.5741983594332588 , 0.5513595166163142 , 0.5192156862745098 , 0.5192012288786483 , 0.5003825554705432 , 0.5328714693346548 , 0.026376524208816487 ,             628
0.024109840393066406, 0.0016635696634211723 , 0.006460762023925782 , 0.0007481218302764816 , gini           ,              20, log2              ,                      4,                      20, random        , "{'criterion': 'gini', 'max_depth': 20, 'max_features': 'log2', 'min_samples_leaf': 4, 'min_samples_split': 20, 'splitter': 'random'}"     , 0.498567335243553  , 0.5564625850340136 , 0.5394646533973919 , 0.5262458471760797 , 0.5415549597855228 , 0.5324590761273121 , 0.019469134374065843 ,             629
0.1108396053314209  , 0.005726994637484572  , 0.006874227523803711 , 0.0006342669960595109 , entropy        ,              25, sqrt              ,                      1,                      20, best          , "{'criterion': 'entropy', 'max_depth': 25, 'max_features': 'sqrt', 'min_samples_leaf': 1, 'min_samples_split': 20, 'splitter': 'best'}"    , 0.5308352849336456 , 0.5399361022364217 , 0.5327102803738317 , 0.5299837925445705 , 0.5283307810107197 , 0.5323592482198378 , 0.004042913359930501 ,             630
0.02471170425415039 , 0.0016170944076542744 , 0.006746912002563476 , 0.000618443871270066  , gini           ,                , sqrt              ,                      8,                      20, random        , "{'criterion': 'gini', 'max_depth': None, 'max_features': 'sqrt', 'min_samples_leaf': 8, 'min_samples_split': 20, 'splitter': 'random'}"   , 0.5526127415891195 , 0.5643212508884151 , 0.5150905432595574 , 0.5275035260930888 , 0.501737317581654  , 0.5322530758823669 , 0.02320002624915161  ,             631
0.08923101425170898 , 0.0035097123792550947 , 0.006714153289794922 , 0.0008040507907447083 , gini           ,              20, sqrt              ,                      2,                       2, best          , "{'criterion': 'gini', 'max_depth': 20, 'max_features': 'sqrt', 'min_samples_leaf': 2, 'min_samples_split': 2, 'splitter': 'best'}"        , 0.5687053216838761 , 0.545748987854251  , 0.5223033252230332 , 0.49584026622296173, 0.5284552845528455 , 0.5322106371073935 , 0.024290781474196964 ,             632
0.07913603782653808 , 0.0035814070634929574 , 0.006430196762084961 , 0.0005493162075678148 , gini           ,              20, log2              ,                      1,                       2, best          , "{'criterion': 'gini', 'max_depth': 20, 'max_features': 'log2', 'min_samples_leaf': 1, 'min_samples_split': 2, 'splitter': 'best'}"        , 0.5413402959094865 , 0.5326460481099656 , 0.5328947368421053 , 0.5054945054945055 , 0.548361310951239  , 0.5321473794614604 , 0.014550492715708373 ,             633
0.026491403579711914, 0.0025507477875344044 , 0.0070709228515625   , 0.0008528226589001353 , entropy        ,              25, sqrt              ,                      8,                       5, random        , "{'criterion': 'entropy', 'max_depth': 25, 'max_features': 'sqrt', 'min_samples_leaf': 8, 'min_samples_split': 5, 'splitter': 'random'}"   , 0.5299727520435967 , 0.5150273224043715 , 0.546949965729952  , 0.5382993675333801 , 0.5304755525787006 , 0.5321449920580001 , 0.010560150113943682 ,             634
0.026164150238037108, 0.002334574164817369  , 0.006715059280395508 , 0.00042188260204173607, entropy        ,              25, sqrt              ,                      8,                      10, random        , "{'criterion': 'entropy', 'max_depth': 25, 'max_features': 'sqrt', 'min_samples_leaf': 8, 'min_samples_split': 10, 'splitter': 'random'}"  , 0.5299727520435967 , 0.5150273224043715 , 0.546949965729952  , 0.5382993675333801 , 0.5304755525787006 , 0.5321449920580001 , 0.010560150113943682 ,             634
0.028613185882568358, 0.0020938835024125455 , 0.00814957618713379  , 0.0011860562966224011 , entropy        ,              25, sqrt              ,                      8,                       2, random        , "{'criterion': 'entropy', 'max_depth': 25, 'max_features': 'sqrt', 'min_samples_leaf': 8, 'min_samples_split': 2, 'splitter': 'random'}"   , 0.5299727520435967 , 0.5150273224043715 , 0.546949965729952  , 0.5382993675333801 , 0.5304755525787006 , 0.5321449920580001 , 0.010560150113943682 ,             634
0.08302607536315917 , 0.0026843909040020195 , 0.006372308731079102 , 0.0004560037797393744 , gini           ,              25, log2              ,                      2,                      10, best          , "{'criterion': 'gini', 'max_depth': 25, 'max_features': 'log2', 'min_samples_leaf': 2, 'min_samples_split': 10, 'splitter': 'best'}"       , 0.5534382767191384 , 0.5654853620955316 , 0.521671826625387  , 0.5050038491147036 , 0.5145554681353265 , 0.5320309565380175 , 0.023326548873223163 ,             637
0.09328913688659668 , 0.0046350545483036165 , 0.009580612182617188 , 0.0005539968514398291 , gini           ,                ,                   ,                      2,                       5, random        , "{'criterion': 'gini', 'max_depth': None, 'max_features': None, 'min_samples_leaf': 2, 'min_samples_split': 5, 'splitter': 'random'}"      , 0.5271453590192644 , 0.5312239800166528 , 0.5506276150627615 , 0.525235243798118  , 0.5249788314987299 , 0.5318422058791052 , 0.009654967919822342 ,             638
0.07056632041931152 , 0.0027732621548478458 , 0.006474733352661133 , 0.00035344809336152074, gini           ,              25, log2              ,                      4,                      20, best          , "{'criterion': 'gini', 'max_depth': 25, 'max_features': 'log2', 'min_samples_leaf': 4, 'min_samples_split': 20, 'splitter': 'best'}"       , 0.5202492211838006 , 0.5560538116591929 , 0.5352323838080959 , 0.5154950869236583 , 0.5303030303030303 , 0.5314667067755556 , 0.014149097615748094 ,             639
0.021941995620727538, 0.0009285547892813821 , 0.006610107421875    , 0.0007174449066364962 , gini           ,              10, sqrt              ,                      4,                      10, random        , "{'criterion': 'gini', 'max_depth': 10, 'max_features': 'sqrt', 'min_samples_leaf': 4, 'min_samples_split': 10, 'splitter': 'random'}"     , 0.4973730297723292 , 0.5570291777188329 , 0.5500314663310258 , 0.5415746872700515 , 0.5105590062111801 , 0.531313473460684  , 0.023236414697631    ,             640
0.02034783363342285 , 0.0008822169793002223 , 0.0063745975494384766, 0.00041369692192827007, gini           ,              10, sqrt              ,                      2,                       5, random        , "{'criterion': 'gini', 'max_depth': 10, 'max_features': 'sqrt', 'min_samples_leaf': 2, 'min_samples_split': 5, 'splitter': 'random'}"      , 0.5082999427590155 , 0.5731070496083551 , 0.490978676872608  , 0.5363748458692972 , 0.5471938775510204 , 0.5311908785320593 , 0.028916953489320815 ,             641
0.11292591094970703 , 0.006140039570112867  , 0.008191251754760742 , 0.001476112703104679  , entropy        ,              25, sqrt              ,                      2,                       2, best          , "{'criterion': 'entropy', 'max_depth': 25, 'max_features': 'sqrt', 'min_samples_leaf': 2, 'min_samples_split': 2, 'splitter': 'best'}"     , 0.5240174672489083 , 0.5380622837370242 , 0.5532953620829943 , 0.5269565217391304 , 0.5136054421768708 , 0.5311874153969856 , 0.013523753334539214 ,             642
0.08464655876159669 , 0.0031489276081459274 , 0.006227684020996094 , 0.000783566908068208  , gini           ,              25, sqrt              ,                      4,                      10, best          , "{'criterion': 'gini', 'max_depth': 25, 'max_features': 'sqrt', 'min_samples_leaf': 4, 'min_samples_split': 10, 'splitter': 'best'}"       , 0.511326860841424  , 0.5595147839272175 , 0.5296324081020255 , 0.5411764705882353 , 0.5133282559025133 , 0.5309957558722831 , 0.017988032785077858 ,             643
0.024558353424072265, 0.0022583279324120474 , 0.006821203231811524 , 0.000408543808992362  , gini           ,              15, sqrt              ,                      8,                      10, random        , "{'criterion': 'gini', 'max_depth': 15, 'max_features': 'sqrt', 'min_samples_leaf': 8, 'min_samples_split': 10, 'splitter': 'random'}"     , 0.5055096418732782 , 0.5475578406169666 , 0.5504342017368069 , 0.5311871227364185 , 0.5198358413132695 , 0.5309049296553479 , 0.01688926820629675  ,             644
0.0215578556060791  , 0.0011710015770584055 , 0.005876970291137695 , 0.00023666280842165292, gini           ,              15, sqrt              ,                      8,                       5, random        , "{'criterion': 'gini', 'max_depth': 15, 'max_features': 'sqrt', 'min_samples_leaf': 8, 'min_samples_split': 5, 'splitter': 'random'}"      , 0.5055096418732782 , 0.5475578406169666 , 0.5504342017368069 , 0.5311871227364185 , 0.5198358413132695 , 0.5309049296553479 , 0.01688926820629675  ,             644
0.021770668029785157, 0.0014994602913624784 , 0.006242561340332031 , 0.0003638998760567413 , gini           ,              15, sqrt              ,                      8,                       2, random        , "{'criterion': 'gini', 'max_depth': 15, 'max_features': 'sqrt', 'min_samples_leaf': 8, 'min_samples_split': 2, 'splitter': 'random'}"      , 0.5055096418732782 , 0.5475578406169666 , 0.5504342017368069 , 0.5311871227364185 , 0.5198358413132695 , 0.5309049296553479 , 0.01688926820629675  ,             644
0.11094632148742675 , 0.005457132808253086  , 0.00798487663269043  , 0.0007607968912203555 , entropy        ,              25, log2              ,                      2,                      20, best          , "{'criterion': 'entropy', 'max_depth': 25, 'max_features': 'log2', 'min_samples_leaf': 2, 'min_samples_split': 20, 'splitter': 'best'}"    , 0.5172678434382195 , 0.5092879256965944 , 0.5405405405405406 , 0.5283911671924291 , 0.5586854460093896 , 0.5308345845754346 , 0.017459446304180552 ,             647
0.07187209129333497 , 0.004470663188275004  , 0.00595545768737793  , 0.00035117776372170593, gini           ,              20, log2              ,                      1,                      20, best          , "{'criterion': 'gini', 'max_depth': 20, 'max_features': 'log2', 'min_samples_leaf': 1, 'min_samples_split': 20, 'splitter': 'best'}"       , 0.5202754399387911 , 0.5816108339272986 , 0.5323965651834505 , 0.5325172149961744 , 0.48715953307392995, 0.530791917423929  , 0.030339726707677643 ,             648
0.07332587242126465 , 0.002352506785348989  , 0.006718349456787109 , 0.0007441350621332475 , gini           ,              20, log2              ,                      4,                      20, best          , "{'criterion': 'gini', 'max_depth': 20, 'max_features': 'log2', 'min_samples_leaf': 4, 'min_samples_split': 20, 'splitter': 'best'}"       , 0.5387994143484627 , 0.5453237410071943 , 0.5170876671619614 , 0.5112443778110944 , 0.5414847161572053 , 0.5307879832971836 , 0.013853104714634365 ,             649
0.07213397026062011 , 0.00261446547970506   , 0.006222581863403321 , 0.0005180830698761343 , gini           ,              20, log2              ,                      4,                       2, best          , "{'criterion': 'gini', 'max_depth': 20, 'max_features': 'log2', 'min_samples_leaf': 4, 'min_samples_split': 2, 'splitter': 'best'}"        , 0.5596958174904944 , 0.5474452554744526 , 0.5304282494365139 , 0.524024024024024  , 0.4920273348519362 , 0.5307241362554842 , 0.02307108854522225  ,             650
0.07304401397705078 , 0.003239062568516812  , 0.00630040168762207  , 0.0008643111106053702 , gini           ,              20, log2              ,                      4,                       5, best          , "{'criterion': 'gini', 'max_depth': 20, 'max_features': 'log2', 'min_samples_leaf': 4, 'min_samples_split': 5, 'splitter': 'best'}"        , 0.5596958174904944 , 0.5474452554744526 , 0.5304282494365139 , 0.524024024024024  , 0.4920273348519362 , 0.5307241362554842 , 0.02307108854522225  ,             650
0.024039411544799806, 0.0014914100872892688 , 0.006552934646606445 , 0.0008313010450253426 , entropy        ,              15, sqrt              ,                      2,                       2, random        , "{'criterion': 'entropy', 'max_depth': 15, 'max_features': 'sqrt', 'min_samples_leaf': 2, 'min_samples_split': 2, 'splitter': 'random'}"   , 0.4854368932038835 , 0.5572672471533825 , 0.5230369889682025 , 0.549520766773163  , 0.5381277123372598 , 0.5306779216871782 , 0.025387709354939444 ,             652
0.025965213775634766, 0.0011965916242476077 , 0.006629467010498047 , 0.0005954791421035039 , entropy        ,              20, sqrt              ,                      4,                      10, random        , "{'criterion': 'entropy', 'max_depth': 20, 'max_features': 'sqrt', 'min_samples_leaf': 4, 'min_samples_split': 10, 'splitter': 'random'}"  , 0.5068306010928961 , 0.5608695652173913 , 0.5144429160935351 , 0.5359477124183006 , 0.5349854227405247 , 0.5306152435125295 , 0.018921474900831962 ,             653
0.02399101257324219 , 0.0013344006222752675 , 0.006356143951416015 , 0.0005399495959275309 , entropy        ,              20, sqrt              ,                      4,                      20, random        , "{'criterion': 'entropy', 'max_depth': 20, 'max_features': 'sqrt', 'min_samples_leaf': 4, 'min_samples_split': 20, 'splitter': 'random'}"  , 0.5209621993127148 , 0.52832674571805   , 0.5261044176706827 , 0.5315960912052117 , 0.5443298969072164 , 0.5302638701627751 , 0.007838399046137371 ,             654
0.03520846366882324 , 0.0017649125303001465 , 0.00901966094970703  , 0.0012554365389525436 , entropy        ,                , sqrt              ,                      2,                      20, random        , "{'criterion': 'entropy', 'max_depth': None, 'max_features': 'sqrt', 'min_samples_leaf': 2, 'min_samples_split': 20, 'splitter': 'random'}", 0.5293276108726752 , 0.5210674157303371 , 0.5275985663082438 , 0.5450612833453496 , 0.5278154681139756 , 0.5301740688741162 , 0.007968349745767425 ,             655
0.023328733444213868, 0.0014824413364391037 , 0.006276607513427734 , 0.00032948195134163466, gini           ,              15, sqrt              ,                      1,                      10, random        , "{'criterion': 'gini', 'max_depth': 15, 'max_features': 'sqrt', 'min_samples_leaf': 1, 'min_samples_split': 10, 'splitter': 'random'}"     , 0.5381818181818182 , 0.5437037037037037 , 0.5281941470378301 , 0.5327510917030568 , 0.5078284547311096 , 0.5301318430715037 , 0.012304907647534601 ,             656
0.029311656951904297, 0.002509058662938308  , 0.007410621643066407 , 0.0010216481607574492 , entropy        ,              25, sqrt              ,                      1,                      10, random        , "{'criterion': 'entropy', 'max_depth': 25, 'max_features': 'sqrt', 'min_samples_leaf': 1, 'min_samples_split': 10, 'splitter': 'random'}"  , 0.5418439716312057 , 0.5535444947209653 , 0.5199719691660827 , 0.5196150999259808 , 0.5149253731343284 , 0.5299801817157126 , 0.01503511129946831  ,             657
0.13027639389038087 , 0.006795172729489149  , 0.009548473358154296 , 0.0009143284234161315 , entropy        ,              20, log2              ,                      2,                      10, best          , "{'criterion': 'entropy', 'max_depth': 20, 'max_features': 'log2', 'min_samples_leaf': 2, 'min_samples_split': 10, 'splitter': 'best'}"    , 0.5453149001536098 , 0.575689783743475  , 0.4915514592933948 , 0.5348278622898318 , 0.5018181818181818 , 0.5298404374596987 , 0.030390092520455846 ,             658
0.023597002029418945, 0.0007126524438599459 , 0.00587153434753418  , 0.0003974147224222458 , gini           ,                , sqrt              ,                      4,                      20, random        , "{'criterion': 'gini', 'max_depth': None, 'max_features': 'sqrt', 'min_samples_leaf': 4, 'min_samples_split': 20, 'splitter': 'random'}"   , 0.5420289855072464 , 0.5289957567185289 , 0.5224963715529753 , 0.5469728601252609 , 0.5070621468926554 , 0.5295112241593334 , 0.014248073649912233 ,             659
0.08037066459655762 , 0.00543375118071221   , 0.006426525115966797 , 0.0005560189611983246 , gini           ,              20, log2              ,                      1,                      10, best          , "{'criterion': 'gini', 'max_depth': 20, 'max_features': 'log2', 'min_samples_leaf': 1, 'min_samples_split': 10, 'splitter': 'best'}"       , 0.507223113964687  , 0.5505124450951684 , 0.55625            , 0.5365853658536586 , 0.49596122778675283, 0.5293064305400533 , 0.0237832264652252   ,             660
0.17882871627807617 , 0.006973625330454658  , 0.010085725784301757 , 0.0012136848203073145 , entropy        ,              25, sqrt              ,                      1,                       2, best          , "{'criterion': 'entropy', 'max_depth': 25, 'max_features': 'sqrt', 'min_samples_leaf': 1, 'min_samples_split': 2, 'splitter': 'best'}"     , 0.49269717624148   , 0.573225516621743  , 0.5171790235081374 , 0.5205479452054794 , 0.542608695652174  , 0.5292516714458028 , 0.02709185838418367  ,             661
0.09424839019775391 , 0.0017024330793583597 , 0.009852838516235352 , 0.0015706591290613498 , entropy        ,                ,                   ,                      1,                       5, random        , "{'criterion': 'entropy', 'max_depth': None, 'max_features': None, 'min_samples_leaf': 1, 'min_samples_split': 5, 'splitter': 'random'}"   , 0.5085972850678733 , 0.559656652360515  , 0.5244122965641953 , 0.5424028268551236 , 0.5090252707581228 , 0.5288188663211659 , 0.01977680288781116  ,             662
0.14370522499084473 , 0.01026880970288047   , 0.009375047683715821 , 0.0009934376351850044 , entropy        ,                , sqrt              ,                      4,                      10, best          , "{'criterion': 'entropy', 'max_depth': None, 'max_features': 'sqrt', 'min_samples_leaf': 4, 'min_samples_split': 10, 'splitter': 'best'}"  , 0.548413344182262  , 0.5382755842062853 , 0.5223140495867769 , 0.5308441558441559 , 0.5033003300330033 , 0.5286294927704966 , 0.015302312876094551 ,             663
0.08787755966186524 , 0.004497328293547486  , 0.006820821762084961 , 0.001095577080345516  , gini           ,              20, sqrt              ,                      2,                       5, best          , "{'criterion': 'gini', 'max_depth': 20, 'max_features': 'sqrt', 'min_samples_leaf': 2, 'min_samples_split': 5, 'splitter': 'best'}"        , 0.5021132713440406 , 0.5506072874493927 , 0.5177419354838709 , 0.5403677058353318 , 0.5318291700241741 , 0.5285318740273619 , 0.01704493059382892  ,             664
0.1261359214782715  , 0.005291051807907932  , 0.008733320236206054 , 0.0009704351328521841 , entropy        ,              20, log2              ,                      1,                      20, best          , "{'criterion': 'entropy', 'max_depth': 20, 'max_features': 'log2', 'min_samples_leaf': 1, 'min_samples_split': 20, 'splitter': 'best'}"    , 0.48433919022154315, 0.5542521994134897 , 0.5431357839459865 , 0.5193289569657185 , 0.5411436541143654 , 0.5284399569322206 , 0.02478512078036012  ,             665
0.07285656929016113 , 0.0020895733095879373 , 0.006604814529418945 , 0.0005847169762177581 , gini           ,                , log2              ,                      4,                      20, best          , "{'criterion': 'gini', 'max_depth': None, 'max_features': 'log2', 'min_samples_leaf': 4, 'min_samples_split': 20, 'splitter': 'best'}"     , 0.5207373271889401 , 0.5695067264573991 , 0.49923195084485406, 0.528158295281583  , 0.5245421245421246 , 0.5284352848629801 , 0.02286565111813528  ,             666
0.025390625         , 0.0004493926746325502 , 0.007183361053466797 , 0.0007286810619031625 , gini           ,              20, sqrt              ,                      1,                      10, random        , "{'criterion': 'gini', 'max_depth': 20, 'max_features': 'sqrt', 'min_samples_leaf': 1, 'min_samples_split': 10, 'splitter': 'random'}"     , 0.5083032490974729 , 0.5625             , 0.5003584229390681 , 0.520292747837658  , 0.5491289198606272 , 0.5281166679469653 , 0.023866435476849596 ,             667
0.020841550827026368, 0.0011022365675151698 , 0.00617833137512207  , 0.0003284557492655741 , entropy        ,              10, sqrt              ,                      8,                      20, random        , "{'criterion': 'entropy', 'max_depth': 10, 'max_features': 'sqrt', 'min_samples_leaf': 8, 'min_samples_split': 20, 'splitter': 'random'}"  , 0.5563808237677245 , 0.49344729344729343, 0.5121470781352594 , 0.550236008091706  , 0.5267800882167611 , 0.5277982583317489 , 0.023436725716752385 ,             668
0.0383145809173584  , 0.004367213820239556  , 0.00870814323425293  , 0.000720412430668797  , entropy        ,              20, sqrt              ,                      1,                       2, random        , "{'criterion': 'entropy', 'max_depth': 20, 'max_features': 'sqrt', 'min_samples_leaf': 1, 'min_samples_split': 2, 'splitter': 'random'}"   , 0.53               , 0.5238095238095238 , 0.514637904468413  , 0.5480480480480481 , 0.5224719101123596 , 0.527793477287669  , 0.011246123224359045 ,             669
0.11038446426391602 , 0.006303478111112406  , 0.007599735260009765 , 0.0005554152181643652 , entropy        ,                , log2              ,                      4,                       2, best          , "{'criterion': 'entropy', 'max_depth': None, 'max_features': 'log2', 'min_samples_leaf': 4, 'min_samples_split': 2, 'splitter': 'best'}"   , 0.5285140562248996 , 0.543778801843318  , 0.5151267375306623 , 0.5235008103727715 , 0.5279106858054227 , 0.5277662183554147 , 0.009326662243888745 ,             670
0.10743050575256348 , 0.005647498289220289  , 0.007736492156982422 , 0.0006681996256397043 , entropy        ,                , log2              ,                      4,                       5, best          , "{'criterion': 'entropy', 'max_depth': None, 'max_features': 'log2', 'min_samples_leaf': 4, 'min_samples_split': 5, 'splitter': 'best'}"   , 0.5285140562248996 , 0.543778801843318  , 0.5151267375306623 , 0.5235008103727715 , 0.5279106858054227 , 0.5277662183554147 , 0.009326662243888745 ,             670
0.024449968338012697, 0.0015103908597251339 , 0.006095790863037109 , 0.0003506444860080531 , entropy        ,              20, sqrt              ,                      4,                       2, random        , "{'criterion': 'entropy', 'max_depth': 20, 'max_features': 'sqrt', 'min_samples_leaf': 4, 'min_samples_split': 2, 'splitter': 'random'}"   , 0.5313601127554616 , 0.5255972696245734 , 0.5351934051997463 , 0.5362982341399608 , 0.510178117048346  , 0.5277254277536175 , 0.009538467398338149 ,             672
0.025599050521850585, 0.0011811477826922578 , 0.006436824798583984 , 0.0007204093597187645 , entropy        ,              20, sqrt              ,                      4,                       5, random        , "{'criterion': 'entropy', 'max_depth': 20, 'max_features': 'sqrt', 'min_samples_leaf': 4, 'min_samples_split': 5, 'splitter': 'random'}"   , 0.5313601127554616 , 0.5255972696245734 , 0.5351934051997463 , 0.5362982341399608 , 0.510178117048346  , 0.5277254277536175 , 0.009538467398338149 ,             672
0.11493620872497559 , 0.007653172986786989  , 0.008486270904541016 , 0.0010899731883669272 , entropy        ,              25, sqrt              ,                      4,                      10, best          , "{'criterion': 'entropy', 'max_depth': 25, 'max_features': 'sqrt', 'min_samples_leaf': 4, 'min_samples_split': 10, 'splitter': 'best'}"    , 0.5354330708661418 , 0.5256410256410257 , 0.5428342674139311 , 0.5208655332302936 , 0.512539184952978  , 0.5274626164208741 , 0.010671122758979945 ,             674
0.03547382354736328 , 0.0016542699182872894 , 0.01001877784729004  , 0.0015500017674312419 , entropy        ,                , sqrt              ,                      4,                      20, random        , "{'criterion': 'entropy', 'max_depth': None, 'max_features': 'sqrt', 'min_samples_leaf': 4, 'min_samples_split': 20, 'splitter': 'random'}", 0.5046999276934201 , 0.5341880341880342 , 0.5357643758765779 , 0.5205298013245033 , 0.5415807560137457 , 0.5273525790192563 , 0.013263602089037966 ,             675
0.08627138137817383 , 0.00756803281862103   , 0.008700084686279298 , 0.0010647155459331172 , gini           ,                ,                   ,                      1,                       2, random        , "{'criterion': 'gini', 'max_depth': None, 'max_features': None, 'min_samples_leaf': 1, 'min_samples_split': 2, 'splitter': 'random'}"      , 0.5082125603864734 , 0.5754716981132075 , 0.5420906567992599 , 0.49809160305343514, 0.512621359223301  , 0.5272975755151355 , 0.028185809537823656 ,             676
0.06712241172790527 , 0.0020070660578759827 , 0.0055729389190673825, 0.0002614895414565296 , gini           ,                , log2              ,                      8,                      20, best          , "{'criterion': 'gini', 'max_depth': None, 'max_features': 'log2', 'min_samples_leaf': 8, 'min_samples_split': 20, 'splitter': 'best'}"     , 0.5266362252663622 , 0.5409836065573771 , 0.5394252026529108 , 0.5192878338278932 , 0.5097159940209267 , 0.527209772465094  , 0.01190003019062999  ,             677
0.09493207931518555 , 0.0032310049076292205 , 0.00897359848022461  , 0.0006211378085644259 , gini           ,                ,                   ,                      2,                       2, random        , "{'criterion': 'gini', 'max_depth': None, 'max_features': None, 'min_samples_leaf': 2, 'min_samples_split': 2, 'splitter': 'random'}"      , 0.5312225153913809 , 0.5517841601392516 , 0.5183917878528657 , 0.5274914089347079 , 0.5069686411149826 , 0.5271717026866377 , 0.014883110957505278 ,             678
0.022748327255249022, 0.0008213581381182633 , 0.006373310089111328 , 0.0005137512142133402 , gini           ,              25, sqrt              ,                      8,                       2, random        , "{'criterion': 'gini', 'max_depth': 25, 'max_features': 'sqrt', 'min_samples_leaf': 8, 'min_samples_split': 2, 'splitter': 'random'}"      , 0.5270555165144062 , 0.5248990578734859 , 0.5442083618917066 , 0.5414364640883977 , 0.49791376912378305, 0.5271026338983559 , 0.016461545567005607 ,             679
0.025486230850219727, 0.0016978065946184355 , 0.006636524200439453 , 0.0007378272645236812 , gini           ,              25, sqrt              ,                      8,                       5, random        , "{'criterion': 'gini', 'max_depth': 25, 'max_features': 'sqrt', 'min_samples_leaf': 8, 'min_samples_split': 5, 'splitter': 'random'}"      , 0.5270555165144062 , 0.5248990578734859 , 0.5442083618917066 , 0.5414364640883977 , 0.49791376912378305, 0.5271026338983559 , 0.016461545567005607 ,             679
0.02270994186401367 , 0.0010470940715896747 , 0.005916070938110351 , 0.000371970407119281  , gini           ,              25, sqrt              ,                      8,                      10, random        , "{'criterion': 'gini', 'max_depth': 25, 'max_features': 'sqrt', 'min_samples_leaf': 8, 'min_samples_split': 10, 'splitter': 'random'}"     , 0.5270555165144062 , 0.5248990578734859 , 0.5442083618917066 , 0.5414364640883977 , 0.49791376912378305, 0.5271026338983559 , 0.016461545567005607 ,             679
0.07824640274047852 , 0.003254954490148823  , 0.006011056900024414 , 0.0006483203523940893 , gini           ,              25, log2              ,                      2,                       5, best          , "{'criterion': 'gini', 'max_depth': 25, 'max_features': 'log2', 'min_samples_leaf': 2, 'min_samples_split': 5, 'splitter': 'best'}"        , 0.5025041736227045 , 0.5248573757131214 , 0.5546218487394958 , 0.5599343185550082 , 0.49335548172757476, 0.527054639671581  , 0.02677390855861981  ,             682
0.10096979141235352 , 0.004208875790397859  , 0.007063150405883789 , 0.0008355396299715945 , entropy        ,                , log2              ,                      8,                      20, best          , "{'criterion': 'entropy', 'max_depth': None, 'max_features': 'log2', 'min_samples_leaf': 8, 'min_samples_split': 20, 'splitter': 'best'}"  , 0.5312977099236641 , 0.549433962264151  , 0.5291479820627802 , 0.5365853658536586 , 0.48826291079812206, 0.5269455861804752 , 0.020585399264834735 ,             683
0.021803855895996094, 0.0015792910387422078 , 0.006720685958862304 , 0.00028993501418968063, gini           ,              10, sqrt              ,                      1,                      20, random        , "{'criterion': 'gini', 'max_depth': 10, 'max_features': 'sqrt', 'min_samples_leaf': 1, 'min_samples_split': 20, 'splitter': 'random'}"     , 0.5540796963946869 , 0.5191193511008111 , 0.48772130211307824, 0.5845564773452457 , 0.4891891891891892 , 0.5269332032286023 , 0.037631406779747544 ,             684
0.02441248893737793 , 0.0012906362127556676 , 0.006196355819702149 , 0.00046597103380003897, gini           ,              25, sqrt              ,                      4,                      10, random        , "{'criterion': 'gini', 'max_depth': 25, 'max_features': 'sqrt', 'min_samples_leaf': 4, 'min_samples_split': 10, 'splitter': 'random'}"     , 0.5458422174840085 , 0.532404181184669  , 0.5129280223619846 , 0.523224043715847  , 0.519774011299435  , 0.5268344952091889 , 0.011389387060047013 ,             685
0.019867467880249023, 0.0007973195448367082 , 0.006034994125366211 , 0.00044626500537784373, gini           ,              10, log2              ,                      1,                       2, random        , "{'criterion': 'gini', 'max_depth': 10, 'max_features': 'log2', 'min_samples_leaf': 1, 'min_samples_split': 2, 'splitter': 'random'}"      , 0.5501538461538461 , 0.538163001293661  , 0.49693251533742333, 0.5203716940671909 , 0.5258019525801952 , 0.5262846018864633 , 0.017930853902629898 ,             686
0.07774825096130371 , 0.0056663650658526615 , 0.006297111511230469 , 0.0006511797070222185 , gini           ,              20, log2              ,                      2,                       2, best          , "{'criterion': 'gini', 'max_depth': 20, 'max_features': 'log2', 'min_samples_leaf': 2, 'min_samples_split': 2, 'splitter': 'best'}"        , 0.5223880597014925 , 0.5410235580828595 , 0.5252830188679245 , 0.5265519820493643 , 0.515562649640862  , 0.5261618536685007 , 0.008347208584730252 ,             687
0.06620745658874512 , 0.0026699092689952816 , 0.0059454917907714845, 0.00023821556985110438, gini           ,              25, log2              ,                      8,                      20, best          , "{'criterion': 'gini', 'max_depth': 25, 'max_features': 'log2', 'min_samples_leaf': 8, 'min_samples_split': 20, 'splitter': 'best'}"       , 0.5186267348429511 , 0.5409836065573771 , 0.5421773612112473 , 0.5192878338278932 , 0.5097159940209267 , 0.5261583060920791 , 0.013043597982582224 ,             688
0.028560686111450195, 0.0022486404392258437 , 0.007934951782226562 , 0.000868282411549042  , entropy        ,                , sqrt              ,                      8,                      10, random        , "{'criterion': 'entropy', 'max_depth': None, 'max_features': 'sqrt', 'min_samples_leaf': 8, 'min_samples_split': 10, 'splitter': 'random'}", 0.5299727520435967 , 0.5184192900200938 , 0.5242320819112628 , 0.5264623955431755 , 0.5304755525787006 , 0.5259124144193659 , 0.004395030860442801 ,             689
0.029957389831542967, 0.003540503433154215  , 0.007897186279296874 , 0.0009469962960375678 , entropy        ,                , sqrt              ,                      8,                       5, random        , "{'criterion': 'entropy', 'max_depth': None, 'max_features': 'sqrt', 'min_samples_leaf': 8, 'min_samples_split': 5, 'splitter': 'random'}" , 0.5299727520435967 , 0.5184192900200938 , 0.5242320819112628 , 0.5264623955431755 , 0.5304755525787006 , 0.5259124144193659 , 0.004395030860442801 ,             689
0.02922358512878418 , 0.00202014249051215   , 0.007606315612792969 , 0.0008328747773591366 , entropy        ,                , sqrt              ,                      8,                       2, random        , "{'criterion': 'entropy', 'max_depth': None, 'max_features': 'sqrt', 'min_samples_leaf': 8, 'min_samples_split': 2, 'splitter': 'random'}" , 0.5299727520435967 , 0.5184192900200938 , 0.5242320819112628 , 0.5264623955431755 , 0.5304755525787006 , 0.5259124144193659 , 0.004395030860442801 ,             689
0.12459006309509277 , 0.007793313765258736  , 0.0068705081939697266, 0.000964897763338581  , entropy        ,              25, sqrt              ,                      1,                      10, best          , "{'criterion': 'entropy', 'max_depth': 25, 'max_features': 'sqrt', 'min_samples_leaf': 1, 'min_samples_split': 10, 'splitter': 'best'}"    , 0.5185185185185185 , 0.5470635559131134 , 0.5277777777777778 , 0.5186915887850467 , 0.5164473684210527 , 0.5256997618831017 , 0.011375599998466275 ,             692
0.1587766647338867  , 0.010006602003331574  , 0.009915828704833984 , 0.0009209232216927165 , entropy        ,                , sqrt              ,                      1,                      20, best          , "{'criterion': 'entropy', 'max_depth': None, 'max_features': 'sqrt', 'min_samples_leaf': 1, 'min_samples_split': 20, 'splitter': 'best'}"  , 0.5012325390304027 , 0.5506783719074222 , 0.5290423861852434 , 0.5233644859813084 , 0.5239968528717546 , 0.5256629271952262 , 0.015761317957349    ,             693
0.02759408950805664 , 0.0018965284881814998 , 0.007421064376831055 , 0.0008885707795060467 , entropy        ,              20, sqrt              ,                      2,                       2, random        , "{'criterion': 'entropy', 'max_depth': 20, 'max_features': 'sqrt', 'min_samples_leaf': 2, 'min_samples_split': 2, 'splitter': 'random'}"   , 0.5283842794759825 , 0.49964912280701756, 0.5453315290933695 , 0.5370242214532872 , 0.5156462585034014 , 0.5252070822666116 , 0.016120492321991413 ,             694
0.11858210563659669 , 0.012281881220868282  , 0.007625293731689453 , 0.0009249838986003316 , entropy        ,              25, log2              ,                      1,                      10, best          , "{'criterion': 'entropy', 'max_depth': 25, 'max_features': 'log2', 'min_samples_leaf': 1, 'min_samples_split': 10, 'splitter': 'best'}"    , 0.5286783042394015 , 0.5616956850870553 , 0.5024390243902439 , 0.5197568389057751 , 0.5130641330166271 , 0.5251267971278206 , 0.020193940268786504 ,             695
0.03072834014892578 , 0.004235411675676837  , 0.007940864562988282 , 0.0013047664289100244 , gini           ,              20, sqrt              ,                      4,                       2, random        , "{'criterion': 'gini', 'max_depth': 20, 'max_features': 'sqrt', 'min_samples_leaf': 4, 'min_samples_split': 2, 'splitter': 'random'}"      , 0.5180240320427236 , 0.5279672578444747 , 0.5313117996044825 , 0.5460992907801419 , 0.5021037868162693 , 0.5251012334176184 , 0.014605978028597037 ,             696
0.024103927612304687, 0.0005711616588080288 , 0.006661272048950196 , 0.00045742135361558057, gini           ,              20, sqrt              ,                      4,                       5, random        , "{'criterion': 'gini', 'max_depth': 20, 'max_features': 'sqrt', 'min_samples_leaf': 4, 'min_samples_split': 5, 'splitter': 'random'}"      , 0.5180240320427236 , 0.5279672578444747 , 0.5313117996044825 , 0.5460992907801419 , 0.5021037868162693 , 0.5251012334176184 , 0.014605978028597037 ,             696
0.025263214111328126, 0.0005127608157715175 , 0.006354999542236328 , 0.00017943062299176295, gini           ,              20, sqrt              ,                      2,                       2, random        , "{'criterion': 'gini', 'max_depth': 20, 'max_features': 'sqrt', 'min_samples_leaf': 2, 'min_samples_split': 2, 'splitter': 'random'}"      , 0.5136298421807748 , 0.5342560553633218 , 0.5289706884798909 , 0.5303140978816655 , 0.517531556802244  , 0.5249404481415795 , 0.007933737640004573 ,             698
0.023481321334838868, 0.0007538266799794878 , 0.006197834014892578 , 0.00043486339987299817, gini           ,                , sqrt              ,                      8,                       5, random        , "{'criterion': 'gini', 'max_depth': None, 'max_features': 'sqrt', 'min_samples_leaf': 8, 'min_samples_split': 5, 'splitter': 'random'}"    , 0.5270555165144062 , 0.5142083897158322 , 0.5442083618917066 , 0.5414364640883977 , 0.49750534568781185, 0.5248828155796309 , 0.017410857955673233 ,             699
0.02319498062133789 , 0.0010847860418566923 , 0.006626749038696289 , 0.0003260460186436435 , gini           ,                , sqrt              ,                      8,                      10, random        , "{'criterion': 'gini', 'max_depth': None, 'max_features': 'sqrt', 'min_samples_leaf': 8, 'min_samples_split': 10, 'splitter': 'random'}"   , 0.5270555165144062 , 0.5142083897158322 , 0.5442083618917066 , 0.5414364640883977 , 0.49750534568781185, 0.5248828155796309 , 0.017410857955673233 ,             699
0.02396359443664551 , 0.002124127684193438  , 0.006172657012939453 , 0.0002696585591024487 , gini           ,                , sqrt              ,                      8,                       2, random        , "{'criterion': 'gini', 'max_depth': None, 'max_features': 'sqrt', 'min_samples_leaf': 8, 'min_samples_split': 2, 'splitter': 'random'}"    , 0.5270555165144062 , 0.5142083897158322 , 0.5442083618917066 , 0.5414364640883977 , 0.49750534568781185, 0.5248828155796309 , 0.017410857955673233 ,             699
0.03486733436584473 , 0.0025373767524937436 , 0.008744287490844726 , 0.0006787537753785043 , entropy        ,              20, log2              ,                      1,                      10, random        , "{'criterion': 'entropy', 'max_depth': 20, 'max_features': 'log2', 'min_samples_leaf': 1, 'min_samples_split': 10, 'splitter': 'random'}"  , 0.5086147484493453 , 0.5235457063711911 , 0.543884892086331  , 0.5337837837837838 , 0.5133836650652025 , 0.5246425591511708 , 0.01295133863756942  ,             702
0.07371859550476074 , 0.0041322936379413954 , 0.006167125701904297 , 0.00043175856061438084, gini           ,                , log2              ,                      2,                      20, best          , "{'criterion': 'gini', 'max_depth': None, 'max_features': 'log2', 'min_samples_leaf': 2, 'min_samples_split': 20, 'splitter': 'best'}"     , 0.5446224256292906 , 0.5304212168486739 , 0.529505582137161  , 0.5176848874598071 , 0.500772797527048  , 0.5246013819203961 , 0.014658807450582456 ,             703
0.11850252151489257 , 0.008013471276539732  , 0.007612085342407227 , 0.0007349226708687192 , entropy        ,                , log2              ,                      2,                      10, best          , "{'criterion': 'entropy', 'max_depth': None, 'max_features': 'log2', 'min_samples_leaf': 2, 'min_samples_split': 10, 'splitter': 'best'}"  , 0.5205959684487291 , 0.5700082850041425 , 0.5078318219291014 , 0.5157545605306799 , 0.5070656691604323 , 0.524251261014617  , 0.023427346731952212 ,             704
0.08703494071960449 , 0.004571616480758605  , 0.006610584259033203 , 0.001094201432228921  , gini           ,              25, sqrt              ,                      4,                      20, best          , "{'criterion': 'gini', 'max_depth': 25, 'max_features': 'sqrt', 'min_samples_leaf': 4, 'min_samples_split': 20, 'splitter': 'best'}"       , 0.5311268715524035 , 0.5697758496023138 , 0.5259984928409948 , 0.49926144756277696, 0.4947839046199702 , 0.5241893132356917 , 0.026890934111747797 ,             705
0.023440837860107422, 0.0014792276053434607 , 0.006315946578979492 , 0.0006422314859027593 , gini           ,              20, log2              ,                      2,                      20, random        , "{'criterion': 'gini', 'max_depth': 20, 'max_features': 'log2', 'min_samples_leaf': 2, 'min_samples_split': 20, 'splitter': 'random'}"     , 0.5518672199170125 , 0.5412234042553191 , 0.5023194168323393 , 0.5220293724966623 , 0.5031802120141343 , 0.5241239251030935 , 0.01990248951218194  ,             706
0.02293243408203125 , 0.0007527392157832383 , 0.006020593643188477 , 0.0003653116160855667 , entropy        ,              15, log2              ,                      1,                       2, random        , "{'criterion': 'entropy', 'max_depth': 15, 'max_features': 'log2', 'min_samples_leaf': 1, 'min_samples_split': 2, 'splitter': 'random'}"   , 0.513722730471499  , 0.5223463687150838 , 0.5232558139534884 , 0.5167827739075365 , 0.5435684647302904 , 0.5239352303555795 , 0.010429791628751713 ,             707
0.024988794326782228, 0.0017852062494553326 , 0.006185770034790039 , 0.0004933340738867336 , gini           ,              25, sqrt              ,                      4,                       5, random        , "{'criterion': 'gini', 'max_depth': 25, 'max_features': 'sqrt', 'min_samples_leaf': 4, 'min_samples_split': 5, 'splitter': 'random'}"      , 0.520136518771331  , 0.517217146872804  , 0.5357643758765779 , 0.5411284840244731 , 0.5052631578947369 , 0.5239019366879845 , 0.012990306066472593 ,             708
0.02519698143005371 , 0.0015958472205266307 , 0.007156753540039062 , 0.0005014467166603508 , gini           ,              25, sqrt              ,                      4,                       2, random        , "{'criterion': 'gini', 'max_depth': 25, 'max_features': 'sqrt', 'min_samples_leaf': 4, 'min_samples_split': 2, 'splitter': 'random'}"      , 0.520136518771331  , 0.517217146872804  , 0.5357643758765779 , 0.5411284840244731 , 0.5052631578947369 , 0.5239019366879845 , 0.012990306066472593 ,             708
0.02750859260559082 , 0.0010902648164596651 , 0.007834243774414062 , 0.0007310339199252371 , entropy        ,              25, sqrt              ,                      8,                      20, random        , "{'criterion': 'entropy', 'max_depth': 25, 'max_features': 'sqrt', 'min_samples_leaf': 8, 'min_samples_split': 20, 'splitter': 'random'}"  , 0.5522788203753352 , 0.4933239634574842 , 0.5328813559322034 , 0.5341446923597025 , 0.5067423704755145 , 0.5238742405200479 , 0.021072498027600486 ,             710
0.029291439056396484, 0.0034763044756678002 , 0.007528257369995117 , 0.001474188461172348  , entropy        ,              25, sqrt              ,                      2,                      10, random        , "{'criterion': 'entropy', 'max_depth': 25, 'max_features': 'sqrt', 'min_samples_leaf': 2, 'min_samples_split': 10, 'splitter': 'random'}"  , 0.5329553508150248 , 0.534850640113798  , 0.5151719487525287 , 0.49859943977591037, 0.5376811594202898 , 0.5238517077755104 , 0.014887053555281351 ,             711
0.09182915687561036 , 0.004762227034800719  , 0.006664085388183594 , 0.000555975387838191  , gini           ,              25, sqrt              ,                      1,                      10, best          , "{'criterion': 'gini', 'max_depth': 25, 'max_features': 'sqrt', 'min_samples_leaf': 1, 'min_samples_split': 10, 'splitter': 'best'}"       , 0.5103092783505154 , 0.5505341002465078 , 0.5190713101160862 , 0.5129449838187702 , 0.5263157894736842 , 0.5238350924011128 , 0.014444560292511592 ,             712
0.02888460159301758 , 0.002429856740844741  , 0.007694387435913086 , 0.0007650159294464801 , entropy        ,                , sqrt              ,                      8,                      20, random        , "{'criterion': 'entropy', 'max_depth': None, 'max_features': 'sqrt', 'min_samples_leaf': 8, 'min_samples_split': 20, 'splitter': 'random'}", 0.5314285714285715 , 0.5073375262054507 , 0.5332419465387251 , 0.538781163434903  , 0.5067423704755145 , 0.523506315616633  , 0.013662541712213646 ,             713
0.02415318489074707 , 0.0010404287988688586 , 0.006022787094116211 , 0.000508477055984871  , gini           ,              20, sqrt              ,                      4,                      10, random        , "{'criterion': 'gini', 'max_depth': 20, 'max_features': 'sqrt', 'min_samples_leaf': 4, 'min_samples_split': 10, 'splitter': 'random'}"     , 0.5412907702984039 , 0.5370496261046906 , 0.5115646258503401 , 0.5057324840764331 , 0.5216197666437886 , 0.5234514545947313 , 0.013869139466931626 ,             714
0.11446523666381836 , 0.0048490412824168235 , 0.009488296508789063 , 0.0012541258499592762 , entropy        ,              25, log2              ,                      8,                      20, best          , "{'criterion': 'entropy', 'max_depth': 25, 'max_features': 'log2', 'min_samples_leaf': 8, 'min_samples_split': 20, 'splitter': 'best'}"    , 0.5342066957787481 , 0.5693106004447739 , 0.533235938641344  , 0.5128983308042488 , 0.4666666666666667 , 0.5232636464671563 , 0.03361599857624007  ,             715
0.019353294372558595, 0.0008690431526504704 , 0.00617823600769043  , 0.00020377124773493692, gini           ,              10, log2              ,                      4,                       5, random        , "{'criterion': 'gini', 'max_depth': 10, 'max_features': 'log2', 'min_samples_leaf': 4, 'min_samples_split': 5, 'splitter': 'random'}"      , 0.5310467179183915 , 0.5337142857142857 , 0.5352798053527981 , 0.5207907293796864 , 0.4953519256308101 , 0.5232366927991944 , 0.014828054374867946 ,             716
0.019499969482421876, 0.0008112282654385683 , 0.0057796001434326175, 7.744114382187958e-05 , gini           ,              10, log2              ,                      4,                       2, random        , "{'criterion': 'gini', 'max_depth': 10, 'max_features': 'log2', 'min_samples_leaf': 4, 'min_samples_split': 2, 'splitter': 'random'}"      , 0.5310467179183915 , 0.5337142857142857 , 0.5352798053527981 , 0.5207907293796864 , 0.4953519256308101 , 0.5232366927991944 , 0.014828054374867946 ,             716
0.02447681427001953 , 0.0018821798273862137 , 0.00629115104675293  , 0.0002579611461552162 , gini           ,                , sqrt              ,                      4,                      10, random        , "{'criterion': 'gini', 'max_depth': None, 'max_features': 'sqrt', 'min_samples_leaf': 4, 'min_samples_split': 10, 'splitter': 'random'}"   , 0.5333333333333333 , 0.5365853658536586 , 0.5132867132867133 , 0.5303867403314917 , 0.5014492753623189 , 0.5230082856335031 , 0.013451283981876765 ,             718
0.023045825958251952, 0.0007536502232375415 , 0.006051397323608399 , 0.00017705000284795638, gini           ,              15, log2              ,                      2,                       5, random        , "{'criterion': 'gini', 'max_depth': 15, 'max_features': 'log2', 'min_samples_leaf': 2, 'min_samples_split': 5, 'splitter': 'random'}"      , 0.5296495956873315 , 0.5101327742837177 , 0.5126582278481012 , 0.5277963831212324 , 0.5336821451929366 , 0.5227838252266639 , 0.009524859379392528 ,             719
0.022785186767578125, 0.0012785698107228532 , 0.006425237655639649 , 0.00032302219651954685, entropy        ,              15, log2              ,                      1,                       5, random        , "{'criterion': 'entropy', 'max_depth': 15, 'max_features': 'log2', 'min_samples_leaf': 1, 'min_samples_split': 5, 'splitter': 'random'}"   , 0.5312701482914249 , 0.5067873303167421 , 0.5046963055729493 , 0.5282229965156794 , 0.5421530479896238 , 0.5226259657372838 , 0.014558095153189796 ,             720
0.11451139450073242 , 0.008635159440428569  , 0.00762028694152832  , 0.0012811085649177911 , entropy        ,              25, log2              ,                      1,                       2, best          , "{'criterion': 'entropy', 'max_depth': 25, 'max_features': 'log2', 'min_samples_leaf': 1, 'min_samples_split': 2, 'splitter': 'best'}"     , 0.4897959183673469 , 0.5222707423580786 , 0.5163704396632367 , 0.5387894288150042 , 0.5450041288191577 , 0.5224461316045648 , 0.019385292468424815 ,             721
0.0268552303314209  , 0.0027125748373797868 , 0.00736703872680664  , 0.000560702037845594  , gini           ,              20, sqrt              ,                      2,                       5, random        , "{'criterion': 'gini', 'max_depth': 20, 'max_features': 'sqrt', 'min_samples_leaf': 2, 'min_samples_split': 5, 'splitter': 'random'}"      , 0.5217391304347826 , 0.5291228070175439 , 0.5087014725568942 , 0.5332428765264586 , 0.5193591455273698 , 0.5224330864126098 , 0.008486363539527812 ,             722
0.11105585098266602 , 0.007210317903996582  , 0.008301210403442384 , 0.001058784482004533  , entropy        ,              25, log2              ,                      4,                      10, best          , "{'criterion': 'entropy', 'max_depth': 25, 'max_features': 'log2', 'min_samples_leaf': 4, 'min_samples_split': 10, 'splitter': 'best'}"    , 0.5230024213075061 , 0.555895865237366  , 0.5174825174825175 , 0.49921011058451814, 0.5159781761496492 , 0.5223138181523114 , 0.018576819910060625 ,             723
0.022536277770996094, 0.0021768794336017292 , 0.007205677032470703 , 0.0008763310958309032 , gini           ,              10, sqrt              ,                      8,                       2, random        , "{'criterion': 'gini', 'max_depth': 10, 'max_features': 'sqrt', 'min_samples_leaf': 8, 'min_samples_split': 2, 'splitter': 'random'}"      , 0.5536723163841808 , 0.48725212464589235, 0.5563816604708798 , 0.5099806825499034 , 0.5041899441340782 , 0.522295345636987  , 0.02776283479829148  ,             724
0.021567106246948242, 0.0011615128042283805 , 0.006380414962768555 , 0.00037233723776897387, gini           ,              10, sqrt              ,                      8,                       5, random        , "{'criterion': 'gini', 'max_depth': 10, 'max_features': 'sqrt', 'min_samples_leaf': 8, 'min_samples_split': 5, 'splitter': 'random'}"      , 0.5536723163841808 , 0.48725212464589235, 0.5563816604708798 , 0.5099806825499034 , 0.5041899441340782 , 0.522295345636987  , 0.02776283479829148  ,             724
0.021155405044555663, 0.0009864099845807402 , 0.006377553939819336 , 0.0005228276362337249 , gini           ,              10, sqrt              ,                      8,                      10, random        , "{'criterion': 'gini', 'max_depth': 10, 'max_features': 'sqrt', 'min_samples_leaf': 8, 'min_samples_split': 10, 'splitter': 'random'}"     , 0.5536723163841808 , 0.48725212464589235, 0.5563816604708798 , 0.5099806825499034 , 0.5041899441340782 , 0.522295345636987  , 0.02776283479829148  ,             724
0.12148957252502442 , 0.006868898139894603  , 0.00817732810974121  , 0.0010261109916726006 , entropy        ,              25, log2              ,                      2,                       5, best          , "{'criterion': 'entropy', 'max_depth': 25, 'max_features': 'log2', 'min_samples_leaf': 2, 'min_samples_split': 5, 'splitter': 'best'}"     , 0.5298570227081582 , 0.5156626506024097 , 0.5390185036202735 , 0.5169842584921293 , 0.5095119933829612 , 0.5222068857611863 , 0.010699703100992924 ,             727
0.15318984985351564 , 0.049795443690052385  , 0.007562160491943359 , 0.001074506824478394  , gini           ,              25, sqrt              ,                      2,                       5, best          , "{'criterion': 'gini', 'max_depth': 25, 'max_features': 'sqrt', 'min_samples_leaf': 2, 'min_samples_split': 5, 'splitter': 'best'}"        , 0.5365079365079365 , 0.5409974640743872 , 0.5301794453507341 , 0.514919011082694  , 0.4882017900732303 , 0.5221611294177964 , 0.019134350127852282 ,             728
0.07646465301513672 , 0.009343122923672186  , 0.006146001815795899 , 0.0005709674972769284 , gini           ,              25, log2              ,                      4,                      10, best          , "{'criterion': 'gini', 'max_depth': 25, 'max_features': 'log2', 'min_samples_leaf': 4, 'min_samples_split': 10, 'splitter': 'best'}"       , 0.4968944099378882 , 0.5401350337584396 , 0.5342571208622017 , 0.5263157894736842 , 0.5125858123569794 , 0.5220376332778386 , 0.015599057664220184 ,             729
0.02478194236755371 , 0.0009182774074663707 , 0.006175899505615234 , 0.00033828915025348335, gini           ,              20, sqrt              ,                      2,                      10, random        , "{'criterion': 'gini', 'max_depth': 20, 'max_features': 'sqrt', 'min_samples_leaf': 2, 'min_samples_split': 10, 'splitter': 'random'}"     , 0.5090655509065551 , 0.5258152173913043 , 0.5204013377926422 , 0.5255172413793103 , 0.5285714285714286 , 0.5218741552082481 , 0.00692657280014766  ,             730
0.16317472457885743 , 0.011849819024085984  , 0.009254169464111329 , 0.0007453439072632978 , entropy        ,                , sqrt              ,                      1,                      10, best          , "{'criterion': 'entropy', 'max_depth': None, 'max_features': 'sqrt', 'min_samples_leaf': 1, 'min_samples_split': 10, 'splitter': 'best'}"  , 0.5227858985382631 , 0.5457598656591099 , 0.5196324143692564 , 0.5215231788079471 , 0.4995850622406639 , 0.5218572839230481 , 0.014651343065953363 ,             731
0.02306704521179199 , 0.0007577920572081562 , 0.006493473052978515 , 0.000569172267128163  , gini           ,              15, sqrt              ,                      2,                       5, random        , "{'criterion': 'gini', 'max_depth': 15, 'max_features': 'sqrt', 'min_samples_leaf': 2, 'min_samples_split': 5, 'splitter': 'random'}"      , 0.5003668378576669 , 0.5430546825895664 , 0.5134250163719711 , 0.5465041693393201 , 0.5050641458474004 , 0.5216829704011849 , 0.019347344207928906 ,             732
0.11619696617126465 , 0.0038181926764583943 , 0.008143472671508788 , 0.0009797002467365032 , gini           ,              20, sqrt              ,                      1,                       5, best          , "{'criterion': 'gini', 'max_depth': 20, 'max_features': 'sqrt', 'min_samples_leaf': 1, 'min_samples_split': 5, 'splitter': 'best'}"        , 0.5017241379310344 , 0.503803888419273  , 0.5426229508196722 , 0.5287175452399685 , 0.5314155942467828 , 0.5216568233313462 , 0.01612888798243778  ,             733
0.02353982925415039 , 0.0013838544963658368 , 0.0067061901092529295, 0.0005808815778389516 , gini           ,              25, log2              ,                      2,                      20, random        , "{'criterion': 'gini', 'max_depth': 25, 'max_features': 'log2', 'min_samples_leaf': 2, 'min_samples_split': 20, 'splitter': 'random'}"     , 0.5311381531853973 , 0.5317177476835353 , 0.5052779732582688 , 0.5134948096885813 , 0.5259417199715707 , 0.5215140807574707 , 0.010433230305597995 ,             734
0.1140639305114746  , 0.005764045828812842  , 0.007577705383300781 , 0.0012741006455469005 , entropy        ,              25, log2              ,                      2,                       2, best          , "{'criterion': 'entropy', 'max_depth': 25, 'max_features': 'log2', 'min_samples_leaf': 2, 'min_samples_split': 2, 'splitter': 'best'}"     , 0.5278008298755187 , 0.577927548441449  , 0.47807394668959585, 0.4995602462620932 , 0.5241016652059597 , 0.5214928472949232 , 0.033459563614812164 ,             735
0.1189394474029541  , 0.003020649738476785  , 0.008115100860595702 , 0.0012273654273810626 , entropy        ,              25, log2              ,                      1,                       5, best          , "{'criterion': 'entropy', 'max_depth': 25, 'max_features': 'log2', 'min_samples_leaf': 1, 'min_samples_split': 5, 'splitter': 'best'}"     , 0.5088161209068011 , 0.5334462320067739 , 0.5314333612740989 , 0.4918872758326217 , 0.5415595544130248 , 0.521428508886664  , 0.018338694147502596 ,             736
0.024662590026855467, 0.0023683507661139227 , 0.0073721885681152345, 0.0008447388000976544 , entropy        ,              15, log2              ,                      2,                       2, random        , "{'criterion': 'entropy', 'max_depth': 15, 'max_features': 'log2', 'min_samples_leaf': 2, 'min_samples_split': 2, 'splitter': 'random'}"   , 0.5313807531380753 , 0.5057783820530252 , 0.5390625          , 0.4958791208791209 , 0.5343203230148048 , 0.5212842158170052 , 0.017168560072170908 ,             737
0.02557978630065918 , 0.0009668720257658345 , 0.006883668899536133 , 0.000533037006597977  , entropy        ,              20, sqrt              ,                      2,                      10, random        , "{'criterion': 'entropy', 'max_depth': 20, 'max_features': 'sqrt', 'min_samples_leaf': 2, 'min_samples_split': 10, 'splitter': 'random'}"  , 0.5260196905766527 , 0.5234708392603129 , 0.5036838580040187 , 0.5496915695681974 , 0.5033738191632928 , 0.5212479553144949 , 0.01711567772392148  ,             738
0.022769641876220704, 0.0007810966048438626 , 0.006389141082763672 , 0.0005062307279654262 , gini           ,              15, log2              ,                      1,                       5, random        , "{'criterion': 'gini', 'max_depth': 15, 'max_features': 'log2', 'min_samples_leaf': 1, 'min_samples_split': 5, 'splitter': 'random'}"      , 0.5336927223719676 , 0.49760765550239233, 0.5170913610938471 , 0.5428973277074542 , 0.5149156939040207 , 0.5212409521159364 , 0.015746783113967364 ,             739
0.01981515884399414 , 0.0013127895017998907 , 0.006226873397827149 , 0.0004103502391963811 , gini           ,              10, log2              ,                      1,                      10, random        , "{'criterion': 'gini', 'max_depth': 10, 'max_features': 'log2', 'min_samples_leaf': 1, 'min_samples_split': 10, 'splitter': 'random'}"     , 0.5451080050825922 , 0.4984728161270617 , 0.5099431818181818 , 0.506265664160401  , 0.546112115732369  , 0.5211803565841211 , 0.020290290866895197 ,             740
0.022672605514526368, 0.0012163220461968768 , 0.006563377380371094 , 0.001021454572324767  , entropy        ,              15, log2              ,                      2,                      10, random        , "{'criterion': 'entropy', 'max_depth': 15, 'max_features': 'log2', 'min_samples_leaf': 2, 'min_samples_split': 10, 'splitter': 'random'}"  , 0.541005291005291  , 0.503968253968254  , 0.5026246719160105 , 0.5315822388993121 , 0.5259016393442623 , 0.521016419026626  , 0.015257478322132319 ,             741
0.025530147552490234, 0.0017204501635437281 , 0.006566047668457031 , 0.000598944674994612  , entropy        ,              15, sqrt              ,                      2,                       5, random        , "{'criterion': 'entropy', 'max_depth': 15, 'max_features': 'sqrt', 'min_samples_leaf': 2, 'min_samples_split': 5, 'splitter': 'random'}"   , 0.5017135023989033 , 0.5675090252707581 , 0.5295238095238095 , 0.49557522123893805, 0.5074241446094254 , 0.5203491406083669 , 0.02621571622156321  ,             742
0.026185226440429688, 0.0013786067782951906 , 0.006911230087280273 , 0.000650688628017947  , gini           ,              25, sqrt              ,                      1,                      10, random        , "{'criterion': 'gini', 'max_depth': 25, 'max_features': 'sqrt', 'min_samples_leaf': 1, 'min_samples_split': 10, 'splitter': 'random'}"     , 0.5202135774218154 , 0.5093457943925234 , 0.527007299270073  , 0.5149090909090909 , 0.5301914580265096 , 0.5203334440040024 , 0.007640513111838007 ,             743
0.020311689376831053, 0.0005334405783033869 , 0.006377077102661133 , 0.0006188025245395343 , entropy        ,              10, log2              ,                      2,                       5, random        , "{'criterion': 'entropy', 'max_depth': 10, 'max_features': 'log2', 'min_samples_leaf': 2, 'min_samples_split': 5, 'splitter': 'random'}"   , 0.4946908182386009 , 0.5254424778761062 , 0.49745547073791346, 0.5156749840051184 , 0.56752655538695   , 0.5201580612489378 , 0.026289866336766506 ,             744
0.022845697402954102, 0.0016935326881472213 , 0.0065113544464111325, 0.0002809809474778453 , gini           ,              15, sqrt              ,                      4,                       5, random        , "{'criterion': 'gini', 'max_depth': 15, 'max_features': 'sqrt', 'min_samples_leaf': 4, 'min_samples_split': 5, 'splitter': 'random'}"      , 0.5066079295154186 , 0.5227008149010477 , 0.5144876325088339 , 0.5150375939849624 , 0.5412960609911055 , 0.5200260063802735 , 0.01179128876660457  ,             745
0.022589445114135742, 0.0005366731568646387 , 0.006308794021606445 , 0.0006074991854377295 , gini           ,              15, sqrt              ,                      4,                       2, random        , "{'criterion': 'gini', 'max_depth': 15, 'max_features': 'sqrt', 'min_samples_leaf': 4, 'min_samples_split': 2, 'splitter': 'random'}"      , 0.5066079295154186 , 0.5227008149010477 , 0.5144876325088339 , 0.5150375939849624 , 0.5412960609911055 , 0.5200260063802735 , 0.01179128876660457  ,             745
0.11967248916625976 , 0.005143395103470225  , 0.0071810722351074215, 0.00048637148445127265, entropy        ,              25, log2              ,                      2,                      10, best          , "{'criterion': 'entropy', 'max_depth': 25, 'max_features': 'log2', 'min_samples_leaf': 2, 'min_samples_split': 10, 'splitter': 'best'}"    , 0.5318291700241741 , 0.5537509667440061 , 0.50201126307321   , 0.5146579804560261 , 0.49720223820943243, 0.5198903237013697 , 0.020740620274487174 ,             747
0.026261281967163087, 0.0010844373437875572 , 0.0070288658142089845, 0.000878956798666138  , entropy        ,                , log2              ,                      4,                      20, random        , "{'criterion': 'entropy', 'max_depth': None, 'max_features': 'log2', 'min_samples_leaf': 4, 'min_samples_split': 20, 'splitter': 'random'}", 0.5218617771509168 , 0.5272479564032697 , 0.5155367231638418 , 0.4996577686516085 , 0.5350404312668463 , 0.5198689313272966 , 0.011965408310951612 ,             748
0.019680166244506837, 0.0007581411751660798 , 0.006432580947875977 , 0.00030826529865266516, entropy        ,              10, log2              ,                      4,                       5, random        , "{'criterion': 'entropy', 'max_depth': 10, 'max_features': 'log2', 'min_samples_leaf': 4, 'min_samples_split': 5, 'splitter': 'random'}"   , 0.5311750599520384 , 0.5193107546048723 , 0.5223880597014925 , 0.5224913494809689 , 0.5029163966299417 , 0.5196563240738628 , 0.009257706129652305 ,             749
0.020130205154418945, 0.0008315850751148703 , 0.0061419963836669925, 0.00028132978533271686, entropy        ,              10, log2              ,                      4,                       2, random        , "{'criterion': 'entropy', 'max_depth': 10, 'max_features': 'log2', 'min_samples_leaf': 4, 'min_samples_split': 2, 'splitter': 'random'}"   , 0.5311750599520384 , 0.5193107546048723 , 0.5223880597014925 , 0.5224913494809689 , 0.5029163966299417 , 0.5196563240738628 , 0.009257706129652305 ,             749
0.03173398971557617 , 0.0017769382477515426 , 0.009331941604614258 , 0.0018411609591250531 , entropy        ,              20, log2              ,                      1,                      20, random        , "{'criterion': 'entropy', 'max_depth': 20, 'max_features': 'log2', 'min_samples_leaf': 1, 'min_samples_split': 20, 'splitter': 'random'}"  , 0.5017421602787456 , 0.507482993197279  , 0.5006353240152478 , 0.5544147843942505 , 0.5332400279916025 , 0.5195030579754251 , 0.021087701704183136 ,             751
0.028577232360839845, 0.00225061372404263   , 0.007458305358886719 , 0.0011761245257621365 , entropy        ,              25, sqrt              ,                      4,                       5, random        , "{'criterion': 'entropy', 'max_depth': 25, 'max_features': 'sqrt', 'min_samples_leaf': 4, 'min_samples_split': 5, 'splitter': 'random'}"   , 0.5121951219512195 , 0.5296551724137931 , 0.525224602626123  , 0.5095890410958904 , 0.520586182833217  , 0.5194500241840485 , 0.007598082085943246 ,             752
0.02944502830505371 , 0.0016500925959181346 , 0.007522726058959961 , 0.0015127028165796631 , entropy        ,              25, sqrt              ,                      4,                       2, random        , "{'criterion': 'entropy', 'max_depth': 25, 'max_features': 'sqrt', 'min_samples_leaf': 4, 'min_samples_split': 2, 'splitter': 'random'}"   , 0.5121951219512195 , 0.5296551724137931 , 0.525224602626123  , 0.5095890410958904 , 0.520586182833217  , 0.5194500241840485 , 0.007598082085943246 ,             752
0.07600536346435546 , 0.004162354696869396  , 0.006567716598510742 , 0.000336894243102713  , gini           ,              25, log2              ,                      1,                      20, best          , "{'criterion': 'gini', 'max_depth': 25, 'max_features': 'log2', 'min_samples_leaf': 1, 'min_samples_split': 20, 'splitter': 'best'}"       , 0.5271565495207667 , 0.5509893455098934 , 0.5413416536661466 , 0.5076687116564417 , 0.47002398081534774, 0.5194360482337192 , 0.028688307287686877 ,             754
0.07886900901794433 , 0.0032434699380987694 , 0.006533479690551758 , 0.0007751371417599575 , gini           ,              25, log2              ,                      4,                       2, best          , "{'criterion': 'gini', 'max_depth': 25, 'max_features': 'log2', 'min_samples_leaf': 4, 'min_samples_split': 2, 'splitter': 'best'}"        , 0.5472868217054263 , 0.5305199698568199 , 0.5169675090252708 , 0.48764940239043825, 0.5145848915482424 , 0.5194017189052396 , 0.01969025784484438  ,             755
0.07837939262390137 , 0.0025502858088118792 , 0.006121969223022461 , 0.0007268969920416436 , gini           ,              25, log2              ,                      4,                       5, best          , "{'criterion': 'gini', 'max_depth': 25, 'max_features': 'log2', 'min_samples_leaf': 4, 'min_samples_split': 5, 'splitter': 'best'}"        , 0.5472868217054263 , 0.5305199698568199 , 0.5169675090252708 , 0.48764940239043825, 0.5145848915482424 , 0.5194017189052396 , 0.01969025784484438  ,             755
0.03373827934265137 , 0.002090326734085849  , 0.00967721939086914  , 0.0009886739315401758 , entropy        ,              20, log2              ,                      2,                      20, random        , "{'criterion': 'entropy', 'max_depth': 20, 'max_features': 'log2', 'min_samples_leaf': 2, 'min_samples_split': 20, 'splitter': 'random'}"  , 0.5234042553191489 , 0.5402528276779773 , 0.47778493238892467, 0.5376917945296864 , 0.5170340681362725 , 0.519233575610402  , 0.022462133604871655 ,             757
0.02003622055053711 , 0.001055397934701707  , 0.0061299800872802734, 0.00039558983695644237, entropy        ,              10, log2              ,                      2,                      20, random        , "{'criterion': 'entropy', 'max_depth': 10, 'max_features': 'log2', 'min_samples_leaf': 2, 'min_samples_split': 20, 'splitter': 'random'}"  , 0.5320886814469078 , 0.5476333133612942 , 0.4741275571600481 , 0.49944994499449946, 0.5425742574257426 , 0.5191747508776985 , 0.028080291725822368 ,             758
0.028085899353027344, 0.0024775924880595136 , 0.007341718673706055 , 0.0004654816001964131 , entropy        ,              25, log2              ,                      4,                      20, random        , "{'criterion': 'entropy', 'max_depth': 25, 'max_features': 'log2', 'min_samples_leaf': 4, 'min_samples_split': 20, 'splitter': 'random'}"  , 0.5216178521617852 , 0.5363825363825364 , 0.5010183299389002 , 0.5045170257123002 , 0.531784005468216  , 0.5190639499327476 , 0.014181065342755313 ,             759
0.02219076156616211 , 0.0009611350457446685 , 0.006067848205566407 , 0.00016737932466344467, gini           ,                , log2              ,                      8,                       5, random        , "{'criterion': 'gini', 'max_depth': None, 'max_features': 'log2', 'min_samples_leaf': 8, 'min_samples_split': 5, 'splitter': 'random'}"    , 0.4968944099378882 , 0.5327102803738317 , 0.5327924273157539 , 0.5234534330387491 , 0.5093582887700535 , 0.5190417678872553 , 0.013997477556144439 ,             760
0.02208123207092285 , 0.0003103827747430927 , 0.006107807159423828 , 0.0003999981407109306 , gini           ,                , log2              ,                      8,                      10, random        , "{'criterion': 'gini', 'max_depth': None, 'max_features': 'log2', 'min_samples_leaf': 8, 'min_samples_split': 10, 'splitter': 'random'}"   , 0.4968944099378882 , 0.5327102803738317 , 0.5327924273157539 , 0.5234534330387491 , 0.5093582887700535 , 0.5190417678872553 , 0.013997477556144439 ,             760
0.021750736236572265, 0.0005177855764720352 , 0.005854558944702148 , 0.00043867345446318604, gini           ,                , log2              ,                      8,                       2, random        , "{'criterion': 'gini', 'max_depth': None, 'max_features': 'log2', 'min_samples_leaf': 8, 'min_samples_split': 2, 'splitter': 'random'}"    , 0.4968944099378882 , 0.5327102803738317 , 0.5327924273157539 , 0.5234534330387491 , 0.5093582887700535 , 0.5190417678872553 , 0.013997477556144439 ,             760
0.021538782119750976, 0.0009604323478775685 , 0.006263113021850586 , 0.0001930828178233096 , entropy        ,              10, log2              ,                      8,                       5, random        , "{'criterion': 'entropy', 'max_depth': 10, 'max_features': 'log2', 'min_samples_leaf': 8, 'min_samples_split': 5, 'splitter': 'random'}"   , 0.5026801667659321 , 0.517162471395881  , 0.4921648287869994 , 0.5408560311284046 , 0.5416393442622951 , 0.5189005684679024 , 0.019899831428202747 ,             763
0.019614219665527344, 0.0002683563949833004 , 0.0063460350036621095, 0.00035357468528515404, entropy        ,              10, log2              ,                      8,                      10, random        , "{'criterion': 'entropy', 'max_depth': 10, 'max_features': 'log2', 'min_samples_leaf': 8, 'min_samples_split': 10, 'splitter': 'random'}"  , 0.5026801667659321 , 0.517162471395881  , 0.4921648287869994 , 0.5408560311284046 , 0.5416393442622951 , 0.5189005684679024 , 0.019899831428202747 ,             763
0.019592428207397462, 0.0009096414590459899 , 0.006172561645507812 , 0.0002780942187411518 , entropy        ,              10, log2              ,                      8,                       2, random        , "{'criterion': 'entropy', 'max_depth': 10, 'max_features': 'log2', 'min_samples_leaf': 8, 'min_samples_split': 2, 'splitter': 'random'}"   , 0.5026801667659321 , 0.517162471395881  , 0.4921648287869994 , 0.5408560311284046 , 0.5416393442622951 , 0.5189005684679024 , 0.019899831428202747 ,             763
0.14644317626953124 , 0.006429173518593945  , 0.009008407592773438 , 0.0007409061791966546 , entropy        ,                , sqrt              ,                      2,                      10, best          , "{'criterion': 'entropy', 'max_depth': None, 'max_features': 'sqrt', 'min_samples_leaf': 2, 'min_samples_split': 10, 'splitter': 'best'}"  , 0.508833922261484  , 0.5492730210016155 , 0.5347334410339257 , 0.4884318766066838 , 0.5131147540983606 , 0.518877403000414  , 0.021148603929848648 ,             766
0.20149264335632325 , 0.02280010949027246   , 0.010323476791381837 , 0.0005375369950997377 , entropy        ,                , sqrt              ,                      1,                       5, best          , "{'criterion': 'entropy', 'max_depth': None, 'max_features': 'sqrt', 'min_samples_leaf': 1, 'min_samples_split': 5, 'splitter': 'best'}"   , 0.5373961218836565 , 0.5469314079422383 , 0.5200729927007299 , 0.48880597014925375, 0.5009107468123861 , 0.5188234478976529 , 0.021718548890839986 ,             767
0.021643781661987306, 0.0008956939895827413 , 0.006083774566650391 , 0.0003384909570410841 , entropy        ,              15, log2              ,                      1,                      20, random        , "{'criterion': 'entropy', 'max_depth': 15, 'max_features': 'log2', 'min_samples_leaf': 1, 'min_samples_split': 20, 'splitter': 'random'}"  , 0.5186666666666667 , 0.5340246273493195 , 0.49874371859296485, 0.5145631067961165 , 0.5275645498953245 , 0.5187125338600784 , 0.01207304292083975  ,             768
0.02333040237426758 , 0.000781854482623332  , 0.006400966644287109 , 0.0005448228481664993 , gini           ,                , log2              ,                      4,                      20, random        , "{'criterion': 'gini', 'max_depth': None, 'max_features': 'log2', 'min_samples_leaf': 4, 'min_samples_split': 20, 'splitter': 'random'}"   , 0.49789621318373073, 0.5316973415132924 , 0.5213849287169042 , 0.5255878284923928 , 0.5164383561643836 , 0.5186009336141407 , 0.011501699161085323 ,             769
0.15411157608032228 , 0.002115272370500882  , 0.009814882278442382 , 0.0006273052724182581 , entropy        ,                , sqrt              ,                      2,                       2, best          , "{'criterion': 'entropy', 'max_depth': None, 'max_features': 'sqrt', 'min_samples_leaf': 2, 'min_samples_split': 2, 'splitter': 'best'}"   , 0.47338403041825095, 0.5352112676056338 , 0.5194805194805194 , 0.5401588702559577 , 0.5242214532871973 , 0.5184912282095119 , 0.023738238765757386 ,             770
0.07932858467102051 , 0.0022563821636331295 , 0.006089162826538086 , 0.00029004438481229985, gini           ,              25, log2              ,                      1,                       5, best          , "{'criterion': 'gini', 'max_depth': 25, 'max_features': 'log2', 'min_samples_leaf': 1, 'min_samples_split': 5, 'splitter': 'best'}"        , 0.5095320623916811 , 0.5586975149957155 , 0.5163511187607573 , 0.5267629566694987 , 0.47884940778341795, 0.5180386121202142 , 0.02584671479908991  ,             771
0.022609567642211913, 0.0009367764534467988 , 0.006285381317138672 , 0.0003330776805062107 , gini           ,              15, log2              ,                      1,                      10, random        , "{'criterion': 'gini', 'max_depth': 15, 'max_features': 'log2', 'min_samples_leaf': 1, 'min_samples_split': 10, 'splitter': 'random'}"     , 0.5356662180349933 , 0.48602988953866144, 0.5231416549789621 , 0.5171503957783641 , 0.5276315789473685 , 0.5179239474556698 , 0.017053328466303072 ,             772
0.022079992294311523, 0.0009361452168451507 , 0.00654754638671875  , 0.00038208329804765385, entropy        ,              15, log2              ,                      4,                      20, random        , "{'criterion': 'entropy', 'max_depth': 15, 'max_features': 'log2', 'min_samples_leaf': 4, 'min_samples_split': 20, 'splitter': 'random'}"  , 0.5226781857451404 , 0.5350404312668463 , 0.4892440073755378 , 0.5310519645120405 , 0.510752688172043  , 0.5177534554143216 , 0.01650298286150625  ,             773
0.06795783042907715 , 0.002160721708626003  , 0.006217241287231445 , 0.00041149115600006155, gini           ,              20, log2              ,                      8,                      20, best          , "{'criterion': 'gini', 'max_depth': 20, 'max_features': 'log2', 'min_samples_leaf': 8, 'min_samples_split': 20, 'splitter': 'best'}"       , 0.5372907153729072 , 0.5256975036710719 , 0.5180375180375181 , 0.5101275318829708 , 0.4974245768947756 , 0.5177155691718487 , 0.013537384944666768 ,             774
0.03895678520202637 , 0.0024224869404935586 , 0.009966897964477538 , 0.0009964763243810544 , entropy        ,                , sqrt              ,                      1,                      20, random        , "{'criterion': 'entropy', 'max_depth': None, 'max_features': 'sqrt', 'min_samples_leaf': 1, 'min_samples_split': 20, 'splitter': 'random'}", 0.532319391634981  , 0.4989339019189765 , 0.510188679245283  , 0.503971119133574  , 0.5425454545454546 , 0.5175917092956539 , 0.016899900209618495 ,             775
0.09349112510681153 , 0.0023375301600207    , 0.006598091125488282 , 0.0008398565720481077 , gini           ,                , sqrt              ,                      2,                       5, best          , "{'criterion': 'gini', 'max_depth': None, 'max_features': 'sqrt', 'min_samples_leaf': 2, 'min_samples_split': 5, 'splitter': 'best'}"      , 0.5183290707587382 , 0.5329949238578681 , 0.5164556962025316 , 0.5085616438356164 , 0.5110565110565111 , 0.5174795691422531 , 0.00852386376817494  ,             776
0.1132293701171875  , 0.0055064752073997105 , 0.008256483078002929 , 0.001085965346630157  , entropy        ,                , log2              ,                      2,                       2, best          , "{'criterion': 'entropy', 'max_depth': None, 'max_features': 'log2', 'min_samples_leaf': 2, 'min_samples_split': 2, 'splitter': 'best'}"   , 0.49272727272727274, 0.5537117903930131 , 0.5077062556663645 , 0.5205959684487291 , 0.5123239436619719 , 0.5174130461794703 , 0.020284171085279783 ,             777
0.021947050094604494, 0.0007949585445252338 , 0.006072425842285156 , 0.0003847479803630495 , gini           ,              20, log2              ,                      8,                       5, random        , "{'criterion': 'gini', 'max_depth': 20, 'max_features': 'log2', 'min_samples_leaf': 8, 'min_samples_split': 5, 'splitter': 'random'}"      , 0.5354539430086149 , 0.530718954248366  , 0.5059602649006623 , 0.4993646759847522 , 0.5147849462365591 , 0.5172565568757909 , 0.01390119044141651  ,             778
0.021780061721801757, 0.001240563971582916  , 0.006028366088867187 , 0.00028214073871636705, gini           ,              20, log2              ,                      8,                       2, random        , "{'criterion': 'gini', 'max_depth': 20, 'max_features': 'log2', 'min_samples_leaf': 8, 'min_samples_split': 2, 'splitter': 'random'}"      , 0.5354539430086149 , 0.530718954248366  , 0.5059602649006623 , 0.4993646759847522 , 0.5147849462365591 , 0.5172565568757909 , 0.01390119044141651  ,             778
0.02161693572998047 , 0.0010885582629861924 , 0.0059320926666259766, 0.0003014541735709375 , gini           ,              20, log2              ,                      8,                      10, random        , "{'criterion': 'gini', 'max_depth': 20, 'max_features': 'log2', 'min_samples_leaf': 8, 'min_samples_split': 10, 'splitter': 'random'}"     , 0.5354539430086149 , 0.530718954248366  , 0.5059602649006623 , 0.4993646759847522 , 0.5147849462365591 , 0.5172565568757909 , 0.01390119044141651  ,             778
0.019920492172241212, 0.0008399539206169449 , 0.006274509429931641 , 0.000327442323200314  , entropy        ,              10, log2              ,                      2,                      10, random        , "{'criterion': 'entropy', 'max_depth': 10, 'max_features': 'log2', 'min_samples_leaf': 2, 'min_samples_split': 10, 'splitter': 'random'}"  , 0.50580997949419   , 0.5167674546454095 , 0.5218461538461538 , 0.5062458908612755 , 0.534128561961564  , 0.5169596081617185 , 0.010562065935210946 ,             781
0.08033909797668456 , 0.005702658754673209  , 0.006676769256591797 , 0.0006458234061551485 , gini           ,              25, log2              ,                      2,                       2, best          , "{'criterion': 'gini', 'max_depth': 25, 'max_features': 'log2', 'min_samples_leaf': 2, 'min_samples_split': 2, 'splitter': 'best'}"        , 0.5309734513274337 , 0.4983221476510067 , 0.5257731958762887 , 0.5                , 0.5295629820051414 , 0.5169263553719741 , 0.014614307205338219 ,             782
0.02023940086364746 , 0.0005652771151388255 , 0.005873918533325195 , 0.0002847685721247595 , gini           ,              15, log2              ,                      8,                      20, random        , "{'criterion': 'gini', 'max_depth': 15, 'max_features': 'log2', 'min_samples_leaf': 8, 'min_samples_split': 20, 'splitter': 'random'}"     , 0.5544683626875407 , 0.5139519792342635 , 0.48419721871049304, 0.5037593984962406 , 0.5279187817258884 , 0.5168591481708853 , 0.023595021592576718 ,             783
0.07555084228515625 , 0.0045590925742306785 , 0.006532144546508789 , 0.0006255031157965744 , gini           ,                , log2              ,                      4,                       5, best          , "{'criterion': 'gini', 'max_depth': None, 'max_features': 'log2', 'min_samples_leaf': 4, 'min_samples_split': 5, 'splitter': 'best'}"      , 0.537774167343623  , 0.5499231950844854 , 0.5179407176287052 , 0.49495733126454616, 0.48259860788863107, 0.5166388038419981 , 0.025239138114869247 ,             784
0.07544093132019043 , 0.0047857391226477294 , 0.0065363883972167965, 0.00023597083536475424, gini           ,                , log2              ,                      4,                       2, best          , "{'criterion': 'gini', 'max_depth': None, 'max_features': 'log2', 'min_samples_leaf': 4, 'min_samples_split': 2, 'splitter': 'best'}"      , 0.537774167343623  , 0.5499231950844854 , 0.5179407176287052 , 0.49495733126454616, 0.48259860788863107, 0.5166388038419981 , 0.025239138114869247 ,             784
0.03538169860839844 , 0.0010472378132518562 , 0.00956568717956543  , 0.001126361835709792  , entropy        ,                , sqrt              ,                      4,                      10, random        , "{'criterion': 'entropy', 'max_depth': None, 'max_features': 'sqrt', 'min_samples_leaf': 4, 'min_samples_split': 10, 'splitter': 'random'}", 0.5178947368421053 , 0.5382436260623229 , 0.49857954545454547, 0.4928977272727273 , 0.5342756183745583 , 0.5163782508012518 , 0.018269313224454124 ,             786
0.021036529541015626, 0.0002845137763052293 , 0.0061226367950439455, 0.0002767442011149745 , gini           ,              25, log2              ,                      8,                      20, random        , "{'criterion': 'gini', 'max_depth': 25, 'max_features': 'log2', 'min_samples_leaf': 8, 'min_samples_split': 20, 'splitter': 'random'}"     , 0.5305841924398625 , 0.5233265720081136 , 0.48655737704918034, 0.5213204951856947 , 0.519053876478318  , 0.5161685026322338 , 0.015301877254883637 ,             787
0.07835221290588379 , 0.004865014780778977  , 0.006451749801635742 , 0.000478462990405601  , gini           ,                , log2              ,                      1,                      20, best          , "{'criterion': 'gini', 'max_depth': None, 'max_features': 'log2', 'min_samples_leaf': 1, 'min_samples_split': 20, 'splitter': 'best'}"     , 0.512              , 0.5655608214849921 , 0.5301016419077405 , 0.5054263565891473 , 0.4666142969363708 , 0.5159406233836502 , 0.032316755112224295 ,             788
0.02315220832824707 , 0.0009030977241514032 , 0.006382179260253906 , 0.0005704059824087643 , gini           ,              15, log2              ,                      2,                       2, random        , "{'criterion': 'gini', 'max_depth': 15, 'max_features': 'log2', 'min_samples_leaf': 2, 'min_samples_split': 2, 'splitter': 'random'}"      , 0.5238709677419355 , 0.5041061276058117 , 0.5181932245922208 , 0.5133550488599349 , 0.519921619856303  , 0.5158893977312413 , 0.0067902911919468425,             789
0.022263336181640624, 0.0005958437078905307 , 0.006223726272583008 , 0.0003942442043831207 , gini           ,                , log2              ,                      2,                      20, random        , "{'criterion': 'gini', 'max_depth': None, 'max_features': 'log2', 'min_samples_leaf': 2, 'min_samples_split': 20, 'splitter': 'random'}"   , 0.49928057553956834, 0.520891364902507  , 0.5135699373695198 , 0.5241379310344828 , 0.5196288365453248 , 0.5155017290782805 , 0.00880366759848577  ,             790
0.02875518798828125 , 0.003337265305655987  , 0.007712125778198242 , 0.001046349419265373  , entropy        ,              25, sqrt              ,                      4,                      10, random        , "{'criterion': 'entropy', 'max_depth': 25, 'max_features': 'sqrt', 'min_samples_leaf': 4, 'min_samples_split': 10, 'splitter': 'random'}"  , 0.5267727930535456 , 0.5258620689655172 , 0.5024840312278211 , 0.5079584775086505 , 0.5142450142450142 , 0.5154644770001098 , 0.009615685320014151 ,             791
0.03842000961303711 , 0.004332778352938123  , 0.009082746505737305 , 0.001286778219869349  , entropy        ,              20, log2              ,                      1,                       5, random        , "{'criterion': 'entropy', 'max_depth': 20, 'max_features': 'log2', 'min_samples_leaf': 1, 'min_samples_split': 5, 'splitter': 'random'}"   , 0.5251641137855579 , 0.5172413793103449 , 0.5358435916002896 , 0.5125989920806335 , 0.48557353976073186, 0.5152843233075115 , 0.016817047919206223 ,             792
0.02180032730102539 , 0.0009481756884410094 , 0.006048727035522461 , 0.0001949278808832036 , gini           ,              15, log2              ,                      2,                      20, random        , "{'criterion': 'gini', 'max_depth': 15, 'max_features': 'log2', 'min_samples_leaf': 2, 'min_samples_split': 20, 'splitter': 'random'}"     , 0.5363825363825364 , 0.5237430167597765 , 0.5023866348448688 , 0.5009836065573771 , 0.5125             , 0.5151991589089118 , 0.013381039933669684 ,             793
0.12482938766479493 , 0.006613661201863765  , 0.008750724792480468 , 0.0010074497554967109 , entropy        ,                , log2              ,                      1,                       5, best          , "{'criterion': 'entropy', 'max_depth': None, 'max_features': 'log2', 'min_samples_leaf': 1, 'min_samples_split': 5, 'splitter': 'best'}"   , 0.47245564892623715, 0.5358686257562663 , 0.5394622723330442 , 0.5                , 0.5280701754385965 , 0.5151713444908289 , 0.02545429947282663  ,             794
0.02215738296508789 , 0.000820421346315534  , 0.006584692001342774 , 0.00028792754323084995, gini           ,              15, log2              ,                      2,                      10, random        , "{'criterion': 'gini', 'max_depth': 15, 'max_features': 'log2', 'min_samples_leaf': 2, 'min_samples_split': 10, 'splitter': 'random'}"     , 0.5051617343427391 , 0.5474083438685209 , 0.5028571428571429 , 0.49940968122786306, 0.5207600281491908 , 0.5151193860890914 , 0.017724028331843427 ,             795
0.021216773986816408, 0.0005639446569920677 , 0.006750774383544922 , 0.0007262323439027868 , entropy        ,              10, log2              ,                      4,                      10, random        , "{'criterion': 'entropy', 'max_depth': 10, 'max_features': 'log2', 'min_samples_leaf': 4, 'min_samples_split': 10, 'splitter': 'random'}"  , 0.5083836351441985 , 0.5239808153477218 , 0.5083836351441985 , 0.5069222577209798 , 0.5275322909585316 , 0.5150405268631261 , 0.008837506854112599 ,             796
0.0225496768951416  , 0.0017069783555183264 , 0.006331729888916016 , 0.00048222408607575813, gini           ,              25, log2              ,                      4,                      20, random        , "{'criterion': 'gini', 'max_depth': 25, 'max_features': 'log2', 'min_samples_leaf': 4, 'min_samples_split': 20, 'splitter': 'random'}"     , 0.5208186309103741 , 0.5515280739161336 , 0.5092592592592593 , 0.48044692737430167, 0.513111268603827  , 0.515032832012779  , 0.02279732220417317  ,             797
0.04032721519470215 , 0.00408308063128159   , 0.009489345550537109 , 0.0005676602354149497 , gini           ,              25, sqrt              ,                      1,                       2, random        , "{'criterion': 'gini', 'max_depth': 25, 'max_features': 'sqrt', 'min_samples_leaf': 1, 'min_samples_split': 2, 'splitter': 'random'}"      , 0.5341296928327645 , 0.5442073170731707 , 0.4977856510186005 , 0.4969485614646905 , 0.5016339869281046 , 0.5149410418634661 , 0.020098923790416626 ,             798
0.07835330963134765 , 0.005292675429697511  , 0.006687307357788086 , 0.00047649422711899955, gini           ,              25, log2              ,                      1,                      10, best          , "{'criterion': 'gini', 'max_depth': 25, 'max_features': 'log2', 'min_samples_leaf': 1, 'min_samples_split': 10, 'splitter': 'best'}"       , 0.4948630136986301 , 0.5406203840472673 , 0.5375             , 0.497119341563786  , 0.5044897959183674 , 0.51491850704561   , 0.01999150532837919  ,             799
0.028307294845581053, 0.0018320194610922731 , 0.007666540145874023 , 0.0015537818984872104 , entropy        ,              25, log2              ,                      2,                      20, random        , "{'criterion': 'entropy', 'max_depth': 25, 'max_features': 'log2', 'min_samples_leaf': 2, 'min_samples_split': 20, 'splitter': 'random'}"  , 0.5211773151471644 , 0.5121790651744569 , 0.5148378191856453 , 0.5236111111111111 , 0.5014245014245015 , 0.5146459624085759 , 0.007796946599720311 ,             800
0.05110359191894531 , 0.019081361579507492  , 0.010119867324829102 , 0.0017806486615649431 , entropy        ,                , sqrt              ,                      1,                      10, random        , "{'criterion': 'entropy', 'max_depth': None, 'max_features': 'sqrt', 'min_samples_leaf': 1, 'min_samples_split': 10, 'splitter': 'random'}", 0.5167315175097277 , 0.5441860465116279 , 0.5251908396946565 , 0.4823441021788129 , 0.5047021943573667 , 0.5146309400504384 , 0.020641938450043876 ,             801
0.024437713623046874, 0.0011771513342866222 , 0.006505107879638672 , 0.0006692809064793375 , gini           ,                , log2              ,                      4,                      10, random        , "{'criterion': 'gini', 'max_depth': None, 'max_features': 'log2', 'min_samples_leaf': 4, 'min_samples_split': 10, 'splitter': 'random'}"   , 0.5201413427561837 , 0.519781718963165  , 0.5185694635488308 , 0.5234318673395818 , 0.49115646258503404, 0.5146161710385591 , 0.011839876279241022 ,             802
0.11887001991271973 , 0.00680625691139481   , 0.007052373886108398 , 0.0007268700562994767 , entropy        ,              25, sqrt              ,                      2,                       5, best          , "{'criterion': 'entropy', 'max_depth': 25, 'max_features': 'sqrt', 'min_samples_leaf': 2, 'min_samples_split': 5, 'splitter': 'best'}"     , 0.5460267505900865 , 0.5472473294987674 , 0.4987363100252738 , 0.4928270042194093 , 0.4865771812080537 , 0.514282915108318  , 0.026698256272019105 ,             803
0.07484221458435059 , 0.004681509090241011  , 0.00645599365234375  , 0.0005633471437522053 , gini           ,                , log2              ,                      4,                      10, best          , "{'criterion': 'gini', 'max_depth': None, 'max_features': 'log2', 'min_samples_leaf': 4, 'min_samples_split': 10, 'splitter': 'best'}"     , 0.5063291139240507 , 0.5332326283987915 , 0.5240726124704025 , 0.5144644253322909 , 0.4932378679395386 , 0.5142673296130148 , 0.013864476212756403 ,             804
0.021677827835083006, 0.0003138086531630859 , 0.006129598617553711 , 0.00040440532680719   , entropy        ,              15, log2              ,                      1,                      10, random        , "{'criterion': 'entropy', 'max_depth': 15, 'max_features': 'log2', 'min_samples_leaf': 1, 'min_samples_split': 10, 'splitter': 'random'}"  , 0.48412138320395204, 0.5296167247386759 , 0.5139072847682119 , 0.5306416726748377 , 0.5127877237851662 , 0.5142149578341688 , 0.016821452244131587 ,             805
0.1774747848510742  , 0.07021110967168301   , 0.028806161880493165 , 0.04456394929039788   , gini           ,                , sqrt              ,                      1,                      10, best          , "{'criterion': 'gini', 'max_depth': None, 'max_features': 'sqrt', 'min_samples_leaf': 1, 'min_samples_split': 10, 'splitter': 'best'}"     , 0.5167785234899329 , 0.5314333612740989 , 0.5                , 0.5042158516020236 , 0.5179738562091504 , 0.5140803185150411 , 0.011127723179722746 ,             806
0.12667489051818848 , 0.016113697924682396  , 0.008159255981445313 , 0.0010805668232467616 , entropy        ,                , log2              ,                      1,                      10, best          , "{'criterion': 'entropy', 'max_depth': None, 'max_features': 'log2', 'min_samples_leaf': 1, 'min_samples_split': 10, 'splitter': 'best'}"  , 0.5167548500881834 , 0.5414273995077933 , 0.5234899328859061 , 0.5059625212947189 , 0.48126561199000834, 0.513780063153322  , 0.019928921848365835 ,             807
0.02394723892211914 , 0.0007774016596006963 , 0.006529951095581054 , 0.00047428009583329724, gini           ,              15, sqrt              ,                      2,                       2, random        , "{'criterion': 'gini', 'max_depth': 15, 'max_features': 'sqrt', 'min_samples_leaf': 2, 'min_samples_split': 2, 'splitter': 'random'}"      , 0.5165745856353591 , 0.526517571884984  , 0.5006765899864682 , 0.5280974949221394 , 0.49587824984147116, 0.5135488984540844 , 0.013167771871827579 ,             808
0.023360633850097658, 0.0008529975791335992 , 0.00661773681640625  , 0.0004749914066171428 , gini           ,              20, log2              ,                      1,                      10, random        , "{'criterion': 'gini', 'max_depth': 20, 'max_features': 'log2', 'min_samples_leaf': 1, 'min_samples_split': 10, 'splitter': 'random'}"     , 0.5218598195697433 , 0.5072164948453608 , 0.5053050397877984 , 0.5164992826398852 , 0.5161707632600259 , 0.5134102800205627 , 0.006206686999004811 ,             809
0.02281670570373535 , 0.0012484031047510164 , 0.006996917724609375 , 0.000505573000684073  , gini           ,              20, log2              ,                      1,                      20, random        , "{'criterion': 'gini', 'max_depth': 20, 'max_features': 'log2', 'min_samples_leaf': 1, 'min_samples_split': 20, 'splitter': 'random'}"     , 0.509009009009009  , 0.5069191551347414 , 0.5062623599208965 , 0.5145565335138795 , 0.5302061122956645 , 0.5133906339748382 , 0.008899557287870136 ,             810
0.019451189041137695, 0.0007857883053492013 , 0.005829858779907227 , 0.000238834466601974  , entropy        ,              10, log2              ,                      1,                      20, random        , "{'criterion': 'entropy', 'max_depth': 10, 'max_features': 'log2', 'min_samples_leaf': 1, 'min_samples_split': 20, 'splitter': 'random'}"  , 0.5245683930942895 , 0.5167567567567568 , 0.48753799392097263, 0.49326805385556916, 0.5447263017356475 , 0.5133714998726471 , 0.020935484486264245 ,             811
0.033895111083984374, 0.0018165660662849705 , 0.01063523292541504  , 0.000982167269363011  , entropy        ,              20, log2              ,                      8,                      20, random        , "{'criterion': 'entropy', 'max_depth': 20, 'max_features': 'log2', 'min_samples_leaf': 8, 'min_samples_split': 20, 'splitter': 'random'}"  , 0.5234534330387491 , 0.5066137566137566 , 0.525096525096525  , 0.5045936395759717 , 0.5066489361702128 , 0.513281258099043  , 0.00902210244956378  ,             812
0.021640682220458986, 0.0007092551228034784 , 0.00586552619934082  , 0.00039133957304673614, gini           ,                , log2              ,                      8,                      20, random        , "{'criterion': 'gini', 'max_depth': None, 'max_features': 'log2', 'min_samples_leaf': 8, 'min_samples_split': 20, 'splitter': 'random'}"   , 0.5181134654818865 , 0.5212121212121212 , 0.48655737704918034, 0.5213204951856947 , 0.519053876478318  , 0.5132514670814402 , 0.0134041982575676   ,             813
0.022774696350097656, 0.001775833523415495  , 0.006276226043701172 , 0.0002607107151573959 , gini           ,              25, log2              ,                      8,                       2, random        , "{'criterion': 'gini', 'max_depth': 25, 'max_features': 'log2', 'min_samples_leaf': 8, 'min_samples_split': 2, 'splitter': 'random'}"      , 0.5061224489795918 , 0.5327102803738317 , 0.5117528542646071 , 0.5234534330387491 , 0.492              , 0.513207803331356  , 0.014052825937238968 ,             814
0.021329498291015624, 0.0008231776271768841 , 0.006287908554077149 , 0.0003581366924725753 , gini           ,              25, log2              ,                      8,                       5, random        , "{'criterion': 'gini', 'max_depth': 25, 'max_features': 'log2', 'min_samples_leaf': 8, 'min_samples_split': 5, 'splitter': 'random'}"      , 0.5061224489795918 , 0.5327102803738317 , 0.5117528542646071 , 0.5234534330387491 , 0.492              , 0.513207803331356  , 0.014052825937238968 ,             814
0.021512413024902345, 0.0006068122698859956 , 0.006115865707397461 , 0.0004074911641465746 , gini           ,              25, log2              ,                      8,                      10, random        , "{'criterion': 'gini', 'max_depth': 25, 'max_features': 'log2', 'min_samples_leaf': 8, 'min_samples_split': 10, 'splitter': 'random'}"     , 0.5061224489795918 , 0.5327102803738317 , 0.5117528542646071 , 0.5234534330387491 , 0.492              , 0.513207803331356  , 0.014052825937238968 ,             814
0.02815217971801758 , 0.0030018644206409673 , 0.007727575302124023 , 0.000774322710560405  , entropy        ,                , log2              ,                      2,                      20, random        , "{'criterion': 'entropy', 'max_depth': None, 'max_features': 'log2', 'min_samples_leaf': 2, 'min_samples_split': 20, 'splitter': 'random'}", 0.4982456140350877 , 0.5339043540328337 , 0.5155925155925156 , 0.5062413314840499 , 0.5116918844566712 , 0.5131351399202316 , 0.011905498832237798 ,             817
0.0244112491607666  , 0.0011865870107886105 , 0.006510400772094726 , 0.0004910841833409107 , gini           ,              25, log2              ,                      2,                       5, random        , "{'criterion': 'gini', 'max_depth': 25, 'max_features': 'log2', 'min_samples_leaf': 2, 'min_samples_split': 5, 'splitter': 'random'}"      , 0.5064935064935064 , 0.5068990559186638 , 0.5025417574437182 , 0.5400425230333097 , 0.5094197437829691 , 0.5130793173344335 , 0.01366027557693199  ,             818
0.1425772190093994  , 0.004833825120449722  , 0.009596633911132812 , 0.0012369057942446064 , gini           ,              25, sqrt              ,                      1,                       2, best          , "{'criterion': 'gini', 'max_depth': 25, 'max_features': 'sqrt', 'min_samples_leaf': 1, 'min_samples_split': 2, 'splitter': 'best'}"        , 0.48322147651006714, 0.5136612021857924 , 0.5397676496872207 , 0.5049773755656108 , 0.5237668161434977 , 0.5130789040184378 , 0.018888940800432717 ,             819
0.030221843719482423, 0.0020429768522534954 , 0.0074402809143066405, 0.0008858286603155482 , entropy        ,              25, log2              ,                      1,                      20, random        , "{'criterion': 'entropy', 'max_depth': 25, 'max_features': 'log2', 'min_samples_leaf': 1, 'min_samples_split': 20, 'splitter': 'random'}"  , 0.5185694635488308 , 0.5133614627285513 , 0.5300878972278567 , 0.49008498583569404, 0.5118279569892473 , 0.5127863532660359 , 0.013033718928459425 ,             820
0.03535914421081543 , 0.001720308400878788  , 0.010050678253173828 , 0.0005531644728888127 , entropy        ,              20, log2              ,                      4,                       2, random        , "{'criterion': 'entropy', 'max_depth': 20, 'max_features': 'log2', 'min_samples_leaf': 4, 'min_samples_split': 2, 'splitter': 'random'}"   , 0.5386192754613808 , 0.5609602021478206 , 0.4880054832076765 , 0.491273432449903  , 0.4849726775956284 , 0.5127662141724818 , 0.031108054887792135 ,             821
0.03509688377380371 , 0.0029086302215661987 , 0.010188961029052734 , 0.0014199486938853403 , entropy        ,              20, log2              ,                      4,                       5, random        , "{'criterion': 'entropy', 'max_depth': 20, 'max_features': 'log2', 'min_samples_leaf': 4, 'min_samples_split': 5, 'splitter': 'random'}"   , 0.5386192754613808 , 0.5609602021478206 , 0.4880054832076765 , 0.491273432449903  , 0.4849726775956284 , 0.5127662141724818 , 0.031108054887792135 ,             821
0.03882956504821777 , 0.003185998272094259  , 0.00870203971862793  , 0.0003878813977205846 , entropy        ,                , sqrt              ,                      4,                       5, random        , "{'criterion': 'entropy', 'max_depth': None, 'max_features': 'sqrt', 'min_samples_leaf': 4, 'min_samples_split': 5, 'splitter': 'random'}" , 0.4979020979020979 , 0.5377426312005751 , 0.5166666666666667 , 0.49261744966442955, 0.5186226282501757 , 0.5127102947367889 , 0.016125951456295716 ,             823
0.03752689361572266 , 0.002518373937480436  , 0.009710597991943359 , 0.0011731098244874736 , entropy        ,                , sqrt              ,                      4,                       2, random        , "{'criterion': 'entropy', 'max_depth': None, 'max_features': 'sqrt', 'min_samples_leaf': 4, 'min_samples_split': 2, 'splitter': 'random'}" , 0.4979020979020979 , 0.5377426312005751 , 0.5166666666666667 , 0.49261744966442955, 0.5186226282501757 , 0.5127102947367889 , 0.016125951456295716 ,             823
0.08110098838806153 , 0.007337739979430794  , 0.006567573547363282 , 0.0008293534478851206 , gini           ,                , log2              ,                      1,                      10, best          , "{'criterion': 'gini', 'max_depth': None, 'max_features': 'log2', 'min_samples_leaf': 1, 'min_samples_split': 10, 'splitter': 'best'}"     , 0.4948453608247423 , 0.5321888412017167 , 0.5454545454545454 , 0.4748936170212766 , 0.5155709342560554 , 0.5125906597516673 , 0.025333647192558883 ,             825
0.03652720451354981 , 0.0030295715101329155 , 0.010203790664672852 , 0.0008614362703023668 , entropy        ,              20, log2              ,                      8,                      10, random        , "{'criterion': 'entropy', 'max_depth': 20, 'max_features': 'log2', 'min_samples_leaf': 8, 'min_samples_split': 10, 'splitter': 'random'}"  , 0.5153949129852744 , 0.5444596443228454 , 0.4769433465085639 , 0.5091367359798362 , 0.516914749661705  , 0.512569877891645  , 0.02156317295200918  ,             826
0.0362907886505127  , 0.001217862345991008  , 0.010122966766357423 , 0.0006197156739107718 , entropy        ,              20, log2              ,                      8,                       5, random        , "{'criterion': 'entropy', 'max_depth': 20, 'max_features': 'log2', 'min_samples_leaf': 8, 'min_samples_split': 5, 'splitter': 'random'}"   , 0.5153949129852744 , 0.5444596443228454 , 0.4769433465085639 , 0.5091367359798362 , 0.516914749661705  , 0.512569877891645  , 0.02156317295200918  ,             826
0.03675189018249512 , 0.0020233322928770218 , 0.010407304763793946 , 0.00047657677216733516, entropy        ,              20, log2              ,                      8,                       2, random        , "{'criterion': 'entropy', 'max_depth': 20, 'max_features': 'log2', 'min_samples_leaf': 8, 'min_samples_split': 2, 'splitter': 'random'}"   , 0.5153949129852744 , 0.5444596443228454 , 0.4769433465085639 , 0.5091367359798362 , 0.516914749661705  , 0.512569877891645  , 0.02156317295200918  ,             826
0.023516511917114256, 0.0005316781484283442 , 0.006778860092163086 , 0.00044336260506108716, gini           ,              20, log2              ,                      2,                      10, random        , "{'criterion': 'gini', 'max_depth': 20, 'max_features': 'log2', 'min_samples_leaf': 2, 'min_samples_split': 10, 'splitter': 'random'}"     , 0.5293276108726752 , 0.48045486851457003, 0.5370741482965932 , 0.49214659685863876, 0.5238095238095238 , 0.5125625496704002 , 0.022163458620126277 ,             829
0.10536575317382812 , 0.004945206135869     , 0.008045434951782227 , 0.0008339249770700115 , entropy        ,                , log2              ,                      4,                      10, best          , "{'criterion': 'entropy', 'max_depth': None, 'max_features': 'log2', 'min_samples_leaf': 4, 'min_samples_split': 10, 'splitter': 'best'}"  , 0.5200984413453651 , 0.5433962264150943 , 0.5160281469898358 , 0.4888888888888889 , 0.4936708860759494 , 0.5124165179430267 , 0.019681189961740335 ,             830
0.030097389221191408, 0.003064108813190455  , 0.008424043655395508 , 0.001940991954182455  , entropy        ,              25, log2              ,                      4,                       2, random        , "{'criterion': 'entropy', 'max_depth': 25, 'max_features': 'log2', 'min_samples_leaf': 4, 'min_samples_split': 2, 'splitter': 'random'}"   , 0.521923620933522  , 0.5148378191856453 , 0.521108179419525  , 0.4962199312714777 , 0.5075653370013755 , 0.512330977562309  , 0.009566812183328445 ,             831
0.029913902282714844, 0.003117575161139799  , 0.0074558258056640625, 0.0006639869850307095 , entropy        ,              25, log2              ,                      4,                       5, random        , "{'criterion': 'entropy', 'max_depth': 25, 'max_features': 'log2', 'min_samples_leaf': 4, 'min_samples_split': 5, 'splitter': 'random'}"   , 0.521923620933522  , 0.5148378191856453 , 0.521108179419525  , 0.4962199312714777 , 0.5075653370013755 , 0.512330977562309  , 0.009566812183328445 ,             831
0.021643924713134765, 0.0012586557028691654 , 0.006557273864746094 , 0.00022918737402898744, gini           ,              20, log2              ,                      8,                      20, random        , "{'criterion': 'gini', 'max_depth': 20, 'max_features': 'log2', 'min_samples_leaf': 8, 'min_samples_split': 20, 'splitter': 'random'}"     , 0.49340369393139843, 0.4855413584398117 , 0.5342105263157895 , 0.5313315926892951 , 0.5167652859960552 , 0.51225049147447   , 0.019673812484961334 ,             833
0.01909317970275879 , 0.000925956258980581  , 0.006096172332763672 , 0.0005266212199437813 , gini           ,              10, log2              ,                      2,                       5, random        , "{'criterion': 'gini', 'max_depth': 10, 'max_features': 'log2', 'min_samples_leaf': 2, 'min_samples_split': 5, 'splitter': 'random'}"      , 0.5094207955338451 , 0.5135135135135135 , 0.4936998854524628 , 0.5135313531353135 , 0.5310206804536357 , 0.5122372456177541 , 0.011896950123585796 ,             834
0.02524433135986328 , 0.002352021894911794  , 0.0065672874450683595, 0.000615623039199311  , gini           ,              25, sqrt              ,                      2,                      10, random        , "{'criterion': 'gini', 'max_depth': 25, 'max_features': 'sqrt', 'min_samples_leaf': 2, 'min_samples_split': 10, 'splitter': 'random'}"     , 0.5352517985611511 , 0.5208775654635527 , 0.5082212257100149 , 0.49685094471658503, 0.49711815561959655, 0.5116639380141801 , 0.014725046145079532 ,             835
0.019062280654907227, 0.0010897318162791966 , 0.006234216690063477 , 0.00035296114540025965, gini           ,              10, log2              ,                      2,                      20, random        , "{'criterion': 'gini', 'max_depth': 10, 'max_features': 'log2', 'min_samples_leaf': 2, 'min_samples_split': 20, 'splitter': 'random'}"     , 0.5352862849533955 , 0.5129533678756477 , 0.5008860011813349 , 0.49906191369606   , 0.5092647937836222 , 0.511490472298012  , 0.012963473954439723 ,             836
0.025565576553344727, 0.002526580322184852  , 0.007181644439697266 , 0.0012838320026456783 , entropy        ,                , log2              ,                      8,                      20, random        , "{'criterion': 'entropy', 'max_depth': None, 'max_features': 'log2', 'min_samples_leaf': 8, 'min_samples_split': 20, 'splitter': 'random'}", 0.5256410256410257 , 0.5363825363825364 , 0.486765655261459  , 0.48059904697072836, 0.5270006506180872 , 0.5112777829747672 , 0.02291632255979623  ,             837
0.030317068099975586, 0.0018820983413298247 , 0.008824729919433593 , 0.0016644344311266338 , entropy        ,              25, log2              ,                      2,                      10, random        , "{'criterion': 'entropy', 'max_depth': 25, 'max_features': 'log2', 'min_samples_leaf': 2, 'min_samples_split': 10, 'splitter': 'random'}"  , 0.524187725631769  , 0.4933239634574842 , 0.5227920227920227 , 0.5092656142759094 , 0.5064377682403434 , 0.5112014188795058 , 0.011393238182030571 ,             838
0.15389404296875    , 0.011874218868834444  , 0.010392236709594726 , 0.0014012730855194973 , entropy        ,                , sqrt              ,                      2,                       5, best          , "{'criterion': 'entropy', 'max_depth': None, 'max_features': 'sqrt', 'min_samples_leaf': 2, 'min_samples_split': 5, 'splitter': 'best'}"   , 0.5121293800539084 , 0.5464098073555166 , 0.4919148936170213 , 0.49206349206349204, 0.5131348511383538 , 0.5111304848456584 , 0.019911981481752158 ,             839
0.043912410736083984, 0.004468706294790398  , 0.009516620635986328 , 0.0008952297136383037 , entropy        ,              25, sqrt              ,                      1,                       2, random        , "{'criterion': 'entropy', 'max_depth': 25, 'max_features': 'sqrt', 'min_samples_leaf': 1, 'min_samples_split': 2, 'splitter': 'random'}"   , 0.49550286181520853, 0.5022261798753339 , 0.5110759493670886 , 0.5054393305439331 , 0.5412698412698412 , 0.511102832574281  , 0.015901436679836397 ,             840
0.020366954803466796, 0.0012788833689845892 , 0.006072187423706054 , 0.000366607174739653  , entropy        ,              10, log2              ,                      1,                       5, random        , "{'criterion': 'entropy', 'max_depth': 10, 'max_features': 'log2', 'min_samples_leaf': 1, 'min_samples_split': 5, 'splitter': 'random'}"   , 0.5082555635319455 , 0.5144927536231884 , 0.4942396313364055 , 0.5218352681039248 , 0.5157593123209169 , 0.5109165057832762 , 0.009387869293614093 ,             841
0.24782538414001465 , 0.032301909919470045  , 0.020660018920898436 , 0.014502696456741153  , entropy        ,                , sqrt              ,                      1,                       2, best          , "{'criterion': 'entropy', 'max_depth': None, 'max_features': 'sqrt', 'min_samples_leaf': 1, 'min_samples_split': 2, 'splitter': 'best'}"   , 0.5225048923679061 , 0.5111111111111111 , 0.5177570093457944 , 0.5154440154440154 , 0.48698884758364314, 0.5107611751704939 , 0.012442118762554018 ,             842
0.02357907295227051 , 0.0005990920154563864 , 0.006508970260620117 , 0.00038396773220544697, gini           ,              25, log2              ,                      1,                      20, random        , "{'criterion': 'gini', 'max_depth': 25, 'max_features': 'log2', 'min_samples_leaf': 1, 'min_samples_split': 20, 'splitter': 'random'}"     , 0.4985507246376812 , 0.5229681978798587 , 0.49965870307167237, 0.5169971671388102 , 0.5145348837209303 , 0.5105419352897906 , 0.00973919435859468  ,             843
0.021532392501831053, 0.0013424392932643    , 0.006287527084350586 , 0.0004983498894238133 , gini           ,              15, log2              ,                      1,                      20, random        , "{'criterion': 'gini', 'max_depth': 15, 'max_features': 'log2', 'min_samples_leaf': 1, 'min_samples_split': 20, 'splitter': 'random'}"     , 0.538163001293661  , 0.5527222605099931 , 0.48894504106127606, 0.4809052333804809 , 0.4919137466307278 , 0.5105298565752278 , 0.029099387438542578 ,             844
0.0917881965637207  , 0.005297529094047045  , 0.006701421737670898 , 0.00023596966944598068, gini           ,              25, sqrt              ,                      2,                       2, best          , "{'criterion': 'gini', 'max_depth': 25, 'max_features': 'sqrt', 'min_samples_leaf': 2, 'min_samples_split': 2, 'splitter': 'best'}"        , 0.5232358003442341 , 0.5344129554655871 , 0.5379310344827586 , 0.49915397631133673, 0.45650301464254955, 0.5102473562492932 , 0.030101758218463604 ,             845
0.03304266929626465 , 0.002474635037902247  , 0.009308099746704102 , 0.0020684629822121164 , entropy        ,              25, log2              ,                      8,                      20, random        , "{'criterion': 'entropy', 'max_depth': 25, 'max_features': 'log2', 'min_samples_leaf': 8, 'min_samples_split': 20, 'splitter': 'random'}"  , 0.5263157894736842 , 0.5386221294363257 , 0.486765655261459  , 0.4894342194955692 , 0.5096952908587258 , 0.5101666169051527 , 0.020239424025898182 ,             846
0.028574705123901367, 0.0018954517734846683 , 0.0070513725280761715, 0.0006543333613941109 , gini           ,                , sqrt              ,                      4,                       5, random        , "{'criterion': 'gini', 'max_depth': None, 'max_features': 'sqrt', 'min_samples_leaf': 4, 'min_samples_split': 5, 'splitter': 'random'}"    , 0.5164912280701754 , 0.5224312590448625 , 0.5039483129935391 , 0.5003553660270078 , 0.5069060773480663 , 0.5100264486967303 , 0.008196133028508355 ,             847
0.024510669708251952, 0.0008107121278531741 , 0.00602574348449707  , 0.00044340783003396343, gini           ,                , sqrt              ,                      4,                       2, random        , "{'criterion': 'gini', 'max_depth': None, 'max_features': 'sqrt', 'min_samples_leaf': 4, 'min_samples_split': 2, 'splitter': 'random'}"    , 0.5164912280701754 , 0.5224312590448625 , 0.5039483129935391 , 0.5003553660270078 , 0.5069060773480663 , 0.5100264486967303 , 0.008196133028508355 ,             847
0.036440372467041016, 0.0012179632003458142 , 0.01018366813659668  , 0.0008138249165590148 , entropy        ,              20, log2              ,                      4,                      20, random        , "{'criterion': 'entropy', 'max_depth': 20, 'max_features': 'log2', 'min_samples_leaf': 4, 'min_samples_split': 20, 'splitter': 'random'}"  , 0.5026315789473684 , 0.5203679369250985 , 0.5088293001962066 , 0.5064766839378239 , 0.5099866844207723 , 0.509658436885454  , 0.00591589197830444  ,             849
0.028504133224487305, 0.0017578466766192385 , 0.008134222030639649 , 0.0011695144069699284 , entropy        ,              25, log2              ,                      4,                      10, random        , "{'criterion': 'entropy', 'max_depth': 25, 'max_features': 'log2', 'min_samples_leaf': 4, 'min_samples_split': 10, 'splitter': 'random'}"  , 0.48535564853556484, 0.5322128851540616 , 0.5211551376762928 , 0.5066489361702128 , 0.5013736263736264 , 0.5093492467819517 , 0.016178504099738568 ,             850
0.019356393814086915, 0.0005289560764350069 , 0.005665349960327149 , 0.0003663621344474403 , gini           ,              10, log2              ,                      1,                       5, random        , "{'criterion': 'gini', 'max_depth': 10, 'max_features': 'log2', 'min_samples_leaf': 1, 'min_samples_split': 5, 'splitter': 'random'}"      , 0.5285285285285285 , 0.5291828793774319 , 0.4691358024691358 , 0.5009784735812133 , 0.5185185185185185 , 0.5092688404949656 , 0.02250534157061068  ,             851
0.027997398376464845, 0.002553138198464054  , 0.006689023971557617 , 0.0007434025170501446 , gini           ,              25, sqrt              ,                      2,                       5, random        , "{'criterion': 'gini', 'max_depth': 25, 'max_features': 'sqrt', 'min_samples_leaf': 2, 'min_samples_split': 5, 'splitter': 'random'}"      , 0.5070007369196757 , 0.5144981412639406 , 0.48524118070554356, 0.5296671490593343 , 0.5098901098901099 , 0.5092594635677209 , 0.014326861789181692 ,             852
0.1251391887664795  , 0.012353731140550706  , 0.007758378982543945 , 0.000910306201354904  , entropy        ,                , log2              ,                      1,                       2, best          , "{'criterion': 'entropy', 'max_depth': None, 'max_features': 'log2', 'min_samples_leaf': 1, 'min_samples_split': 2, 'splitter': 'best'}"   , 0.5139557266602502 , 0.48698884758364314, 0.5079962370649106 , 0.5086042065009561 , 0.5234521575984991 , 0.5081994350816518 , 0.011965572182393597 ,             853
0.04029736518859863 , 0.0019504220182650757 , 0.009145593643188477 , 0.000629102154474604  , entropy        ,                , sqrt              ,                      2,                       2, random        , "{'criterion': 'entropy', 'max_depth': None, 'max_features': 'sqrt', 'min_samples_leaf': 2, 'min_samples_split': 2, 'splitter': 'random'}" , 0.529928172386273  , 0.4912012241775057 , 0.5066666666666667 , 0.5050348567002324 , 0.5078125          , 0.5081286839861355 , 0.012438374687321644 ,             854
0.025232744216918946, 0.001826759913169559  , 0.006805801391601562 , 0.0003172823212132191 , gini           ,              20, log2              ,                      1,                       5, random        , "{'criterion': 'gini', 'max_depth': 20, 'max_features': 'log2', 'min_samples_leaf': 1, 'min_samples_split': 5, 'splitter': 'random'}"      , 0.5207439198855508 , 0.48952095808383234, 0.5067043048694425 , 0.5226811103588355 , 0.500697350069735  , 0.5080695286534793 , 0.012445086068518777 ,             855
0.019600439071655273, 0.0008324153987222982 , 0.005968427658081055 , 0.00029465251572870324, entropy        ,              10, log2              ,                      1,                      10, random        , "{'criterion': 'entropy', 'max_depth': 10, 'max_features': 'log2', 'min_samples_leaf': 1, 'min_samples_split': 10, 'splitter': 'random'}"  , 0.5195154777927322 , 0.5014245014245015 , 0.54252017380509   , 0.4662576687116564 , 0.5105782792665726 , 0.5080592202001106 , 0.024966129135477425 ,             856
0.020749473571777345, 0.0010353587583223347 , 0.006281805038452148 , 0.00047577413801073466, gini           ,              15, log2              ,                      4,                      20, random        , "{'criterion': 'gini', 'max_depth': 15, 'max_features': 'log2', 'min_samples_leaf': 4, 'min_samples_split': 20, 'splitter': 'random'}"     , 0.47112860892388453, 0.4989747095010253 , 0.5116836428999401 , 0.5406758448060075 , 0.5176470588235295 , 0.5080219729908774 , 0.02287049950115779  ,             857
0.02378544807434082 , 0.0012985416341949046 , 0.006768131256103515 , 0.0005924005889714782 , gini           ,              20, log2              ,                      4,                      10, random        , "{'criterion': 'gini', 'max_depth': 20, 'max_features': 'log2', 'min_samples_leaf': 4, 'min_samples_split': 10, 'splitter': 'random'}"     , 0.4877020379479972 , 0.5157556270096463 , 0.4931693989071038 , 0.525              , 0.5176784523015343 , 0.5078611032332564 , 0.014660693844071157 ,             858
0.08128442764282226 , 0.0026937341593458114 , 0.0062792301177978516, 0.0005780496088764097 , gini           ,                , log2              ,                      1,                       5, best          , "{'criterion': 'gini', 'max_depth': None, 'max_features': 'log2', 'min_samples_leaf': 1, 'min_samples_split': 5, 'splitter': 'best'}"      , 0.4981751824817518 , 0.5321266968325792 , 0.47992863514719003, 0.5178571428571429 , 0.5094664371772806 , 0.5075108188991889 , 0.01769035486682909  ,             859
0.018886852264404296, 0.0006706750041083006 , 0.005993509292602539 , 0.0003197112107298856 , gini           ,              10, log2              ,                      2,                      10, random        , "{'criterion': 'gini', 'max_depth': 10, 'max_features': 'log2', 'min_samples_leaf': 2, 'min_samples_split': 10, 'splitter': 'random'}"     , 0.5024630541871922 , 0.5219638242894057 , 0.49545136459062283, 0.49362340585146286, 0.5239749826268242 , 0.5074953263091015 , 0.012990207542025664 ,             860
0.02832937240600586 , 0.0017574997508729058 , 0.007719659805297851 , 0.0007590943928258174 , entropy        ,                , log2              ,                      4,                       2, random        , "{'criterion': 'entropy', 'max_depth': None, 'max_features': 'log2', 'min_samples_leaf': 4, 'min_samples_split': 2, 'splitter': 'random'}" , 0.5230125523012552 , 0.5144061841180604 , 0.4993045897079277 , 0.5054347826086957 , 0.4950071326676177 , 0.5074330482807113 , 0.010156907523664915 ,             861
0.029318904876708983, 0.0019423629606430807 , 0.008077192306518554 , 0.001443432897584062  , entropy        ,                , log2              ,                      4,                       5, random        , "{'criterion': 'entropy', 'max_depth': None, 'max_features': 'log2', 'min_samples_leaf': 4, 'min_samples_split': 5, 'splitter': 'random'}" , 0.5230125523012552 , 0.5144061841180604 , 0.4993045897079277 , 0.5054347826086957 , 0.4950071326676177 , 0.5074330482807113 , 0.010156907523664915 ,             861
0.041314554214477536, 0.0036775631303863294 , 0.009743738174438476 , 0.0007898789232223057 , entropy        ,                , sqrt              ,                      2,                       5, random        , "{'criterion': 'entropy', 'max_depth': None, 'max_features': 'sqrt', 'min_samples_leaf': 2, 'min_samples_split': 5, 'splitter': 'random'}" , 0.5200617283950617 , 0.5235920852359208 , 0.5062362435803375 , 0.5048835462058603 , 0.48036253776435045, 0.5070272282363061 , 0.015234956049461524 ,             863
0.025806093215942384, 0.0015126624579278529 , 0.006724309921264648 , 0.0006620342330703668 , gini           ,                , log2              ,                      2,                      10, random        , "{'criterion': 'gini', 'max_depth': None, 'max_features': 'log2', 'min_samples_leaf': 2, 'min_samples_split': 10, 'splitter': 'random'}"   , 0.5369318181818182 , 0.5073313782991202 , 0.5071022727272727 , 0.47953216374269003, 0.5007235890014472 , 0.5063242443904696 , 0.018371859712176034 ,             864
0.028444337844848632, 0.0020174662536360383 , 0.007394123077392578 , 0.0006028539703612284 , gini           ,                , sqrt              ,                      2,                       5, random        , "{'criterion': 'gini', 'max_depth': None, 'max_features': 'sqrt', 'min_samples_leaf': 2, 'min_samples_split': 5, 'splitter': 'random'}"    , 0.5045731707317073 , 0.5304282494365139 , 0.4973703981968445 , 0.5007429420505201 , 0.49811888638073737, 0.5062467293592647 , 0.012350623246255429 ,             865
0.02502126693725586 , 0.0022029217353052638 , 0.0062235832214355465, 0.000342072707926819  , gini           ,              25, log2              ,                      1,                      10, random        , "{'criterion': 'gini', 'max_depth': 25, 'max_features': 'log2', 'min_samples_leaf': 1, 'min_samples_split': 10, 'splitter': 'random'}"     , 0.537379718726869  , 0.5186846038863976 , 0.4807121661721068 , 0.47953216374269003, 0.5147375988497483 , 0.5062092502755623 , 0.02263507686867064  ,             866
0.029667997360229494, 0.002335480235924797  , 0.008237934112548828 , 0.0012322063180903705 , entropy        ,              25, log2              ,                      1,                      10, random        , "{'criterion': 'entropy', 'max_depth': 25, 'max_features': 'log2', 'min_samples_leaf': 1, 'min_samples_split': 10, 'splitter': 'random'}"  , 0.48569218870843   , 0.5069801616458487 , 0.5069597069597069 , 0.5390681003584229 , 0.49194113524877364, 0.5061282585842364 , 0.018468121950216663 ,             867
0.029878902435302734, 0.0020654300469068174 , 0.008348560333251953 , 0.0008609190319316746 , entropy        ,                , log2              ,                      2,                      10, random        , "{'criterion': 'entropy', 'max_depth': None, 'max_features': 'log2', 'min_samples_leaf': 2, 'min_samples_split': 10, 'splitter': 'random'}", 0.4599406528189911 , 0.5185185185185185 , 0.5118219749652295 , 0.5185185185185185 , 0.5202898550724637 , 0.5058179039787444 , 0.023120638530199307 ,             868
0.030033206939697264, 0.0017205960428434068 , 0.008330821990966797 , 0.0011159365010860508 , entropy        ,                , log2              ,                      1,                      20, random        , "{'criterion': 'entropy', 'max_depth': None, 'max_features': 'log2', 'min_samples_leaf': 1, 'min_samples_split': 20, 'splitter': 'random'}", 0.5147492625368731 , 0.5214285714285715 , 0.4982307147912243 , 0.4974545454545454 , 0.496113074204947  , 0.5055952336832322 , 0.010439436001339635 ,             869
0.036535787582397464, 0.002877229080313345  , 0.008689069747924804 , 0.0015365641353211213 , entropy        ,                , sqrt              ,                      2,                      10, random        , "{'criterion': 'entropy', 'max_depth': None, 'max_features': 'sqrt', 'min_samples_leaf': 2, 'min_samples_split': 10, 'splitter': 'random'}", 0.4941002949852507 , 0.5305514157973175 , 0.5007173601147776 , 0.5025566106647188 , 0.5                , 0.5055851363124129 , 0.012800606641606463 ,             870
0.08261346817016602 , 0.002162275417151437  , 0.006627559661865234 , 0.00041949974944559574, gini           ,                , log2              ,                      2,                      10, best          , "{'criterion': 'gini', 'max_depth': None, 'max_features': 'log2', 'min_samples_leaf': 2, 'min_samples_split': 10, 'splitter': 'best'}"     , 0.528830313014827  , 0.5268987341772152 , 0.5086887835703001 , 0.4878444084278768 , 0.4750402576489533 , 0.5054604993678344 , 0.02122209078657995  ,             871
0.11381354331970214 , 0.003762501554371951  , 0.00827341079711914  , 0.0005596873864324753 , gini           ,              25, sqrt              ,                      1,                       5, best          , "{'criterion': 'gini', 'max_depth': 25, 'max_features': 'sqrt', 'min_samples_leaf': 1, 'min_samples_split': 5, 'splitter': 'best'}"        , 0.5004359197907585 , 0.5113327289211242 , 0.4991304347826087 , 0.5266781411359724 , 0.48896434634974534, 0.5053083141960419 , 0.012821815647330955 ,             872
0.025243425369262697, 0.003443973039129234  , 0.007047414779663086 , 0.001097792189582159  , entropy        ,              15, log2              ,                      4,                      10, random        , "{'criterion': 'entropy', 'max_depth': 15, 'max_features': 'log2', 'min_samples_leaf': 4, 'min_samples_split': 10, 'splitter': 'random'}"  , 0.49246231155778897, 0.5138607167004733 , 0.49047013977128334, 0.5309043591411842 , 0.49723076923076925, 0.5049856592802999 , 0.015350690610951978 ,             873
0.02237238883972168 , 0.0012711656451555849 , 0.006651449203491211 , 0.0009501399517984949 , entropy        ,              15, log2              ,                      4,                       5, random        , "{'criterion': 'entropy', 'max_depth': 15, 'max_features': 'log2', 'min_samples_leaf': 4, 'min_samples_split': 5, 'splitter': 'random'}"   , 0.5119363395225465 , 0.5144615384615384 , 0.48068107400130977, 0.49625935162094764, 0.5209964412811388 , 0.5048669489774962 , 0.014568735241160686 ,             874
0.023369503021240235, 0.0012302521900920207 , 0.006815147399902344 , 0.0007522270288505798 , entropy        ,              15, log2              ,                      4,                       2, random        , "{'criterion': 'entropy', 'max_depth': 15, 'max_features': 'log2', 'min_samples_leaf': 4, 'min_samples_split': 2, 'splitter': 'random'}"   , 0.5119363395225465 , 0.5144615384615384 , 0.48068107400130977, 0.49625935162094764, 0.5209964412811388 , 0.5048669489774962 , 0.014568735241160686 ,             874
0.02267141342163086 , 0.0009268530698447361 , 0.006458759307861328 , 0.00026219657640630037, gini           ,              15, log2              ,                      1,                       2, random        , "{'criterion': 'gini', 'max_depth': 15, 'max_features': 'log2', 'min_samples_leaf': 1, 'min_samples_split': 2, 'splitter': 'random'}"      , 0.5103817816476892 , 0.5056603773584906 , 0.5                , 0.5230769230769231 , 0.4842105263157895 , 0.5046659216797785 , 0.01275005093585338  ,             876
0.031309318542480466, 0.00216429664375493   , 0.007003688812255859 , 0.0008190424453406383 , entropy        ,              25, sqrt              ,                      2,                       5, random        , "{'criterion': 'entropy', 'max_depth': 25, 'max_features': 'sqrt', 'min_samples_leaf': 2, 'min_samples_split': 5, 'splitter': 'random'}"   , 0.5074404761904762 , 0.5125989920806335 , 0.5094736842105263 , 0.4936614466815809 , 0.5                , 0.5046349198326434 , 0.006879110826334627 ,             877
0.09508438110351562 , 0.0033059359538192418 , 0.006257200241088867 , 0.0005299647119389592 , gini           ,                , sqrt              ,                      2,                       2, best          , "{'criterion': 'gini', 'max_depth': None, 'max_features': 'sqrt', 'min_samples_leaf': 2, 'min_samples_split': 2, 'splitter': 'best'}"      , 0.5182546749777382 , 0.5258620689655172 , 0.5085616438356164 , 0.46457399103139013, 0.5043177892918825 , 0.5043140336204288 , 0.02124133941308857  ,             878
0.035421133041381836, 0.004374856798973303  , 0.007532501220703125 , 0.0010889115152135152 , entropy        ,              25, sqrt              ,                      1,                       5, random        , "{'criterion': 'entropy', 'max_depth': 25, 'max_features': 'sqrt', 'min_samples_leaf': 1, 'min_samples_split': 5, 'splitter': 'random'}"   , 0.5239968528717546 , 0.4960505529225908 , 0.5029411764705882 , 0.4984025559105431 , 0.5                , 0.5042782276350953 , 0.010110719738253124 ,             879
0.08311161994934083 , 0.0060652476585813814 , 0.0069176673889160155, 0.000767229615418302  , gini           ,              25, log2              ,                      1,                       2, best          , "{'criterion': 'gini', 'max_depth': 25, 'max_features': 'log2', 'min_samples_leaf': 1, 'min_samples_split': 2, 'splitter': 'best'}"        , 0.5102040816326531 , 0.48722627737226276, 0.48864668483197093, 0.5186470078057241 , 0.5153374233128835 , 0.5040122949910989 , 0.013406296547131468 ,             880
0.023415327072143555, 0.0006290043884593498 , 0.0063762664794921875, 0.0003457781619665271 , gini           ,              25, log2              ,                      4,                      10, random        , "{'criterion': 'gini', 'max_depth': 25, 'max_features': 'log2', 'min_samples_leaf': 4, 'min_samples_split': 10, 'splitter': 'random'}"     , 0.49303621169916434, 0.5225225225225225 , 0.501412429378531  , 0.4989802855200544 , 0.504              , 0.5039902898240545 , 0.009951694109512962 ,             881
0.024288415908813477, 0.0015977908065852317 , 0.006582212448120117 , 0.0005099431182913774 , gini           ,                , log2              ,                      1,                      20, random        , "{'criterion': 'gini', 'max_depth': None, 'max_features': 'log2', 'min_samples_leaf': 1, 'min_samples_split': 20, 'splitter': 'random'}"   , 0.5228464419475656 , 0.4917562724014337 , 0.49307075127644057, 0.4949784791965567 , 0.5149090909090909 , 0.5035122071462175 , 0.012835514091621278 ,             882
0.023716831207275392, 0.0007232895219517018 , 0.006280279159545899 , 0.00021940627488727557, gini           ,              20, log2              ,                      2,                       5, random        , "{'criterion': 'gini', 'max_depth': 20, 'max_features': 'log2', 'min_samples_leaf': 2, 'min_samples_split': 5, 'splitter': 'random'}"      , 0.49642346208869814, 0.5013927576601671 , 0.5138983050847458 , 0.4940517844646606 , 0.5116279069767442 , 0.5034788432550032 , 0.007974609937920079 ,             883
0.020881223678588866, 0.0008867609030045571 , 0.006097412109375    , 0.0004249314905165117 , entropy        ,              15, log2              ,                      8,                       5, random        , "{'criterion': 'entropy', 'max_depth': 15, 'max_features': 'log2', 'min_samples_leaf': 8, 'min_samples_split': 5, 'splitter': 'random'}"   , 0.5060080106809078 , 0.5151311365164761 , 0.4789325842696629 , 0.5090036014405762 , 0.5080593165699548 , 0.5034269298955156 , 0.012618887986733203 ,             884
0.021535158157348633, 0.0011597220822307367 , 0.006154203414916992 , 0.0005226912797390458 , entropy        ,              15, log2              ,                      8,                      10, random        , "{'criterion': 'entropy', 'max_depth': 15, 'max_features': 'log2', 'min_samples_leaf': 8, 'min_samples_split': 10, 'splitter': 'random'}"  , 0.5060080106809078 , 0.5151311365164761 , 0.4789325842696629 , 0.5090036014405762 , 0.5080593165699548 , 0.5034269298955156 , 0.012618887986733203 ,             884
0.020927238464355468, 0.001401927344410125  , 0.005910253524780274 , 0.0002027959114811737 , entropy        ,              15, log2              ,                      8,                       2, random        , "{'criterion': 'entropy', 'max_depth': 15, 'max_features': 'log2', 'min_samples_leaf': 8, 'min_samples_split': 2, 'splitter': 'random'}"   , 0.5060080106809078 , 0.5151311365164761 , 0.4789325842696629 , 0.5090036014405762 , 0.5080593165699548 , 0.5034269298955156 , 0.012618887986733203 ,             884
0.030977630615234376, 0.002365281049992083  , 0.007379484176635742 , 0.000945220545307041  , entropy        ,              25, sqrt              ,                      2,                       2, random        , "{'criterion': 'entropy', 'max_depth': 25, 'max_features': 'sqrt', 'min_samples_leaf': 2, 'min_samples_split': 2, 'splitter': 'random'}"   , 0.5178713264495631 , 0.5103766333589547 , 0.5007320644216691 , 0.48119122257053293, 0.5034220532319391 , 0.5027186600065319 , 0.012297314689056121 ,             887
0.1199728012084961  , 0.006080594663624385  , 0.00764012336730957  , 0.000923219271780256  , entropy        ,                , log2              ,                      2,                       5, best          , "{'criterion': 'entropy', 'max_depth': None, 'max_features': 'log2', 'min_samples_leaf': 2, 'min_samples_split': 5, 'splitter': 'best'}"   , 0.47790802524797116, 0.5097690941385435 , 0.5229202037351444 , 0.5013146362839614 , 0.5012744265080714 , 0.5026372771827383 , 0.014679254509566565 ,             888
0.019109821319580077, 0.0005866909057328724 , 0.005870819091796875 , 8.505096184377332e-05 , gini           ,              10, log2              ,                      1,                      20, random        , "{'criterion': 'gini', 'max_depth': 10, 'max_features': 'log2', 'min_samples_leaf': 1, 'min_samples_split': 20, 'splitter': 'random'}"     , 0.5191489361702127 , 0.4988814317673378 , 0.4715151515151515 , 0.5108514190317195 , 0.5123859191655802 , 0.5025565715300003 , 0.016839260929060917 ,             889
0.020588064193725587, 0.001681182061723981  , 0.006198596954345703 , 0.0003739038055894153 , entropy        ,              10, log2              ,                      4,                      20, random        , "{'criterion': 'entropy', 'max_depth': 10, 'max_features': 'log2', 'min_samples_leaf': 4, 'min_samples_split': 20, 'splitter': 'random'}"  , 0.5166364186327889 , 0.4978645515558267 , 0.5122549019607843 , 0.4872364039955605 , 0.49871134020618557, 0.5025407232702291 , 0.01061891557929413  ,             890
0.022412586212158202, 0.0007626552410037912 , 0.00636906623840332  , 0.0007993455317456768 , gini           ,              15, log2              ,                      4,                       5, random        , "{'criterion': 'gini', 'max_depth': 15, 'max_features': 'log2', 'min_samples_leaf': 4, 'min_samples_split': 5, 'splitter': 'random'}"      , 0.5094207955338451 , 0.5237140948563794 , 0.47891156462585033, 0.49503639973527463, 0.5045632333767927 , 0.5023292176256284 , 0.01492759821658481  ,             891
0.02174487113952637 , 0.0010977456033769526 , 0.006194067001342773 , 0.00034374507122568557, gini           ,              15, log2              ,                      4,                       2, random        , "{'criterion': 'gini', 'max_depth': 15, 'max_features': 'log2', 'min_samples_leaf': 4, 'min_samples_split': 2, 'splitter': 'random'}"      , 0.5094207955338451 , 0.5237140948563794 , 0.47891156462585033, 0.49503639973527463, 0.5045632333767927 , 0.5023292176256284 , 0.01492759821658481  ,             891
0.0369603157043457  , 0.0024495388872053715 , 0.009196615219116211 , 0.0008506583737675894 , entropy        ,              20, log2              ,                      2,                      10, random        , "{'criterion': 'entropy', 'max_depth': 20, 'max_features': 'log2', 'min_samples_leaf': 2, 'min_samples_split': 10, 'splitter': 'random'}"  , 0.49372384937238495, 0.5175983436853002 , 0.47741065407956845, 0.5067873303167421 , 0.515818431911967  , 0.5022677218731925 , 0.015032951438694254 ,             893
0.019239234924316406, 0.0007135484887798176 , 0.006188392639160156 , 0.0003142784839134986 , gini           ,              10, log2              ,                      8,                      20, random        , "{'criterion': 'gini', 'max_depth': 10, 'max_features': 'log2', 'min_samples_leaf': 8, 'min_samples_split': 20, 'splitter': 'random'}"     , 0.5114213197969543 , 0.48713550600343053, 0.47924528301886793, 0.5251238499646143 , 0.5078071961982349 , 0.5021466309964204 , 0.01670820190808802  ,             894
0.026276254653930665, 0.0009841988899662486 , 0.006636333465576172 , 0.0010414799622014347 , gini           ,                , sqrt              ,                      2,                      10, random        , "{'criterion': 'gini', 'max_depth': None, 'max_features': 'sqrt', 'min_samples_leaf': 2, 'min_samples_split': 10, 'splitter': 'random'}"   , 0.5146198830409356 , 0.49857954545454547, 0.4847605224963715 , 0.5151953690303908 , 0.4970501474926254 , 0.5020410935029738 , 0.011547908054496736 ,             895
0.023421001434326173, 0.0015005913346680894 , 0.006156444549560547 , 0.00026575204758227933, entropy        ,              15, log2              ,                      2,                       5, random        , "{'criterion': 'entropy', 'max_depth': 15, 'max_features': 'log2', 'min_samples_leaf': 2, 'min_samples_split': 5, 'splitter': 'random'}"   , 0.4996539792387543 , 0.49862637362637363, 0.5053995680345572 , 0.5059241706161137 , 0.5                , 0.5019208183031598 , 0.0030922482908526026,             896
0.03944096565246582 , 0.004977470564360236  , 0.011685991287231445 , 0.0022253699573575457 , entropy        ,              20, log2              ,                      1,                       2, random        , "{'criterion': 'entropy', 'max_depth': 20, 'max_features': 'log2', 'min_samples_leaf': 1, 'min_samples_split': 2, 'splitter': 'random'}"   , 0.5034535686876439 , 0.5051628276409849 , 0.4988416988416988 , 0.5014792899408284 , 0.5                , 0.5017874770222311 , 0.00228632962226041  ,             897
0.023012590408325196, 0.0004413922530464901 , 0.006254959106445313 , 0.0003166402456899058 , gini           ,                , log2              ,                      4,                       2, random        , "{'criterion': 'gini', 'max_depth': None, 'max_features': 'log2', 'min_samples_leaf': 4, 'min_samples_split': 2, 'splitter': 'random'}"    , 0.48746518105849584, 0.4928327645051195 , 0.5302713987473904 , 0.4823451032644903 , 0.5159538357094365 , 0.5017736566569865 , 0.01830485998613327  ,             898
0.024155426025390624, 0.0019153450736653977 , 0.006505012512207031 , 0.000748587518795153  , gini           ,                , log2              ,                      4,                       5, random        , "{'criterion': 'gini', 'max_depth': None, 'max_features': 'log2', 'min_samples_leaf': 4, 'min_samples_split': 5, 'splitter': 'random'}"    , 0.48746518105849584, 0.4928327645051195 , 0.5302713987473904 , 0.4823451032644903 , 0.5159538357094365 , 0.5017736566569865 , 0.01830485998613327  ,             898
0.08534984588623047 , 0.005568225507440549  , 0.006638622283935547 , 0.0007038597087937905 , gini           ,                , log2              ,                      2,                       5, best          , "{'criterion': 'gini', 'max_depth': None, 'max_features': 'log2', 'min_samples_leaf': 2, 'min_samples_split': 5, 'splitter': 'best'}"      , 0.4686192468619247 , 0.51               , 0.5112781954887218 , 0.5236864771748493 , 0.49430324276950044, 0.5015774324589992 , 0.018936790325073734 ,             900
0.019764232635498046, 0.0005169230931809206 , 0.006510400772094726 , 0.00015887528607347925, gini           ,              10, log2              ,                      4,                      20, random        , "{'criterion': 'gini', 'max_depth': 10, 'max_features': 'log2', 'min_samples_leaf': 4, 'min_samples_split': 20, 'splitter': 'random'}"     , 0.5021173623714459 , 0.5072190834902699 , 0.4885844748858447 , 0.516991643454039  , 0.49295774647887325, 0.5015740621360946 , 0.010127522178371064 ,             901
0.01946282386779785 , 0.0009774081705486025 , 0.006020832061767578 , 0.0003249404846558593 , entropy        ,              10, log2              ,                      2,                       2, random        , "{'criterion': 'entropy', 'max_depth': 10, 'max_features': 'log2', 'min_samples_leaf': 2, 'min_samples_split': 2, 'splitter': 'random'}"   , 0.5042016806722689 , 0.5308162132148806 , 0.48117421825143586, 0.49968374446552816, 0.49162011173184356, 0.5014991936671913 , 0.016617989123310955 ,             902
0.019457674026489256, 0.0007853511267165133 , 0.006012058258056641 , 0.0002517812448224401 , entropy        ,              10, log2              ,                      8,                      20, random        , "{'criterion': 'entropy', 'max_depth': 10, 'max_features': 'log2', 'min_samples_leaf': 8, 'min_samples_split': 20, 'splitter': 'random'}"  , 0.4789533560864619 , 0.49614243323442137, 0.46820027063599456, 0.5284377249820015 , 0.5336597307221542 , 0.5010787031322067 , 0.026095702715967926 ,             903
0.02198348045349121 , 0.001708613798822594  , 0.005730056762695312 , 0.0002580038741516952 , entropy        ,              15, log2              ,                      8,                      20, random        , "{'criterion': 'entropy', 'max_depth': 15, 'max_features': 'log2', 'min_samples_leaf': 8, 'min_samples_split': 20, 'splitter': 'random'}"  , 0.5043156596794082 , 0.5018450184501845 , 0.5072010018785222 , 0.5143979057591623 , 0.47737704918032786, 0.501027326989521  , 0.012551526042091487 ,             904
0.03546242713928223 , 0.003673305889974158  , 0.009333610534667969 , 0.0012333409919410205 , entropy        ,              20, log2              ,                      2,                       5, random        , "{'criterion': 'entropy', 'max_depth': 20, 'max_features': 'log2', 'min_samples_leaf': 2, 'min_samples_split': 5, 'splitter': 'random'}"   , 0.48725212464589235, 0.49793672627235214, 0.4835016835016835 , 0.5159914712153518 , 0.515946137491141  , 0.5001256286252842 , 0.013775974822552748 ,             905
0.025481653213500977, 0.001470404934960046  , 0.006573152542114258 , 0.00040282855994181073, gini           ,              20, log2              ,                      2,                       2, random        , "{'criterion': 'gini', 'max_depth': 20, 'max_features': 'log2', 'min_samples_leaf': 2, 'min_samples_split': 2, 'splitter': 'random'}"      , 0.49283667621776506, 0.5092798812175204 , 0.48121387283236994, 0.5091164095371669 , 0.5081157374735357 , 0.5001125154556716 , 0.011307155220732248 ,             906
0.023581457138061524, 0.0014536299031900485 , 0.006568431854248047 , 0.0007799680508146427 , gini           ,              25, log2              ,                      2,                      10, random        , "{'criterion': 'gini', 'max_depth': 25, 'max_features': 'log2', 'min_samples_leaf': 2, 'min_samples_split': 10, 'splitter': 'random'}"     , 0.4978601997146933 , 0.5113960113960114 , 0.4924406047516199 , 0.4809052333804809 , 0.5178826895565093 , 0.5000969477598629 , 0.013235905569381548 ,             907
0.08291635513305665 , 0.006470667854851026  , 0.006499624252319336 , 0.0005146261047978525 , gini           ,                , log2              ,                      2,                       2, best          , "{'criterion': 'gini', 'max_depth': None, 'max_features': 'log2', 'min_samples_leaf': 2, 'min_samples_split': 2, 'splitter': 'best'}"      , 0.5172413793103449 , 0.5060240963855421 , 0.5030250648228176 , 0.49140893470790376, 0.4827586206896552 , 0.5000916191832527 , 0.011947681850219192 ,             908
0.02212672233581543 , 0.0010559158776257945 , 0.00644841194152832  , 0.0003782477688276626 , gini           ,              15, log2              ,                      4,                      10, random        , "{'criterion': 'gini', 'max_depth': 15, 'max_features': 'log2', 'min_samples_leaf': 4, 'min_samples_split': 10, 'splitter': 'random'}"     , 0.5306122448979592 , 0.5146358066712049 , 0.4444444444444444 , 0.523153942428035  , 0.4875             , 0.5000692876883287 , 0.03140085086024877  ,             909
0.021727848052978515, 0.0010764284108187576 , 0.006217813491821289 , 0.0006214026257720287 , entropy        ,              15, log2              ,                      2,                      20, random        , "{'criterion': 'entropy', 'max_depth': 15, 'max_features': 'log2', 'min_samples_leaf': 2, 'min_samples_split': 20, 'splitter': 'random'}"  , 0.52625            , 0.4800483675937122 , 0.5039274924471299 , 0.5025773195876289 , 0.4871287128712871 , 0.49998637849995164, 0.015967886607050553 ,             910
0.032920455932617186, 0.002628265883298183  , 0.007731151580810547 , 0.0007982707694366206 , gini           ,              25, sqrt              ,                      1,                       5, random        , "{'criterion': 'gini', 'max_depth': 25, 'max_features': 'sqrt', 'min_samples_leaf': 1, 'min_samples_split': 5, 'splitter': 'random'}"      , 0.4973056197074673 , 0.5082236842105263 , 0.48575712143928035, 0.5214067278287462 , 0.48606811145510836, 0.4997522529282256 , 0.013636618925188838 ,             911
0.07656002044677734 , 0.06271583610526547   , 0.006306314468383789 , 0.000419816912223864  , gini           ,                , sqrt              ,                      1,                      10, random        , "{'criterion': 'gini', 'max_depth': None, 'max_features': 'sqrt', 'min_samples_leaf': 1, 'min_samples_split': 10, 'splitter': 'random'}"   , 0.5068912710566615 , 0.510236220472441  , 0.5147169811320754 , 0.47077162899454406, 0.4939759036144578 , 0.499318401054036  , 0.015856379683003612 ,             912
0.03128199577331543 , 0.0031997253480378174 , 0.007513236999511719 , 0.00042924812120214155, entropy        ,                , log2              ,                      2,                       2, random        , "{'criterion': 'entropy', 'max_depth': None, 'max_features': 'log2', 'min_samples_leaf': 2, 'min_samples_split': 2, 'splitter': 'random'}" , 0.5062111801242236 , 0.5079605761940864 , 0.48700816629547145, 0.5178979436405179 , 0.4756838905775076 , 0.4989523513663613 , 0.015341831706751866 ,             913
0.02103290557861328 , 0.0008144007708970521 , 0.006436300277709961 , 0.0006661910930849751 , gini           ,              15, log2              ,                      8,                       2, random        , "{'criterion': 'gini', 'max_depth': 15, 'max_features': 'log2', 'min_samples_leaf': 8, 'min_samples_split': 2, 'splitter': 'random'}"      , 0.5096731154102735 , 0.5144781144781144 , 0.4701348747591522 , 0.4957780458383595 , 0.5042345276872964 , 0.4988597356346392 , 0.01564842339532194  ,             914
0.021506595611572265, 0.001163412011846646  , 0.006135892868041992 , 0.00017388783453887627, gini           ,              15, log2              ,                      8,                      10, random        , "{'criterion': 'gini', 'max_depth': 15, 'max_features': 'log2', 'min_samples_leaf': 8, 'min_samples_split': 10, 'splitter': 'random'}"     , 0.5096731154102735 , 0.5144781144781144 , 0.4701348747591522 , 0.4957780458383595 , 0.5042345276872964 , 0.4988597356346392 , 0.01564842339532194  ,             914
0.021564006805419922, 0.0009478559987211342 , 0.006384992599487304 , 0.0006017868111750056 , gini           ,              15, log2              ,                      8,                       5, random        , "{'criterion': 'gini', 'max_depth': 15, 'max_features': 'log2', 'min_samples_leaf': 8, 'min_samples_split': 5, 'splitter': 'random'}"      , 0.5096731154102735 , 0.5144781144781144 , 0.4701348747591522 , 0.4957780458383595 , 0.5042345276872964 , 0.4988597356346392 , 0.01564842339532194  ,             914
0.02826828956604004 , 0.0019905340080551342 , 0.006816291809082031 , 0.0006106269036553784 , gini           ,                , sqrt              ,                      2,                       2, random        , "{'criterion': 'gini', 'max_depth': None, 'max_features': 'sqrt', 'min_samples_leaf': 2, 'min_samples_split': 2, 'splitter': 'random'}"    , 0.5119506553585197 , 0.500772797527048  , 0.4966641957005189 , 0.5194401244167963 , 0.46319018404907975, 0.49840359141039253, 0.019363271188498312 ,             917
0.030949974060058595, 0.00196541737556632   , 0.008539819717407226 , 0.0009757980925658564 , entropy        ,                , log2              ,                      1,                      10, random        , "{'criterion': 'entropy', 'max_depth': None, 'max_features': 'log2', 'min_samples_leaf': 1, 'min_samples_split': 10, 'splitter': 'random'}", 0.4972889233152595 , 0.512781954887218  , 0.5045317220543807 , 0.501906941266209  , 0.4754601226993865 , 0.49839393284449074, 0.012523654072909311 ,             918
0.02530522346496582 , 0.0009463427347913521 , 0.006720066070556641 , 0.00044017953572371264, gini           ,              25, log2              ,                      2,                       2, random        , "{'criterion': 'gini', 'max_depth': 25, 'max_features': 'log2', 'min_samples_leaf': 2, 'min_samples_split': 2, 'splitter': 'random'}"      , 0.518348623853211  , 0.5100574712643678 , 0.4878048780487805 , 0.5183016105417276 , 0.44984802431610943, 0.4968721216048393 , 0.02602997204028228  ,             919
0.03299460411071777 , 0.0031226648912207238 , 0.007889127731323243 , 0.00125536983571985   , entropy        ,              25, log2              ,                      2,                       2, random        , "{'criterion': 'entropy', 'max_depth': 25, 'max_features': 'log2', 'min_samples_leaf': 2, 'min_samples_split': 2, 'splitter': 'random'}"   , 0.4937888198757764 , 0.49138576779026216, 0.4996237772761475 , 0.5040411462160176 , 0.4939759036144578 , 0.4965630829545322 , 0.004614843545585948 ,             920
0.02590641975402832 , 0.0011281180999302926 , 0.006751728057861328 , 0.0003538196105576731 , gini           ,                , log2              ,                      1,                      10, random        , "{'criterion': 'gini', 'max_depth': None, 'max_features': 'log2', 'min_samples_leaf': 1, 'min_samples_split': 10, 'splitter': 'random'}"   , 0.5152905198776758 , 0.45648854961832064, 0.5205479452054794 , 0.48145454545454547, 0.5074626865671642 , 0.49624884934463714, 0.023993892070755987 ,             921
0.020555400848388673, 0.0011413407276712518 , 0.006402015686035156 , 0.0004206091350417385 , gini           ,              10, log2              ,                      2,                       2, random        , "{'criterion': 'gini', 'max_depth': 10, 'max_features': 'log2', 'min_samples_leaf': 2, 'min_samples_split': 2, 'splitter': 'random'}"      , 0.4963054187192118 , 0.49367850692354004, 0.4783132530120482 , 0.5080428954423593 , 0.5027777777777778 , 0.4958235703749875 , 0.010090764043337294 ,             922
0.1443347930908203  , 0.0049798968796289965 , 0.01054697036743164  , 0.0012959205089889216 , gini           ,                , sqrt              ,                      1,                       2, best          , "{'criterion': 'gini', 'max_depth': None, 'max_features': 'sqrt', 'min_samples_leaf': 1, 'min_samples_split': 2, 'splitter': 'best'}"      , 0.48412698412698413, 0.506137865911237  , 0.4932821497120921 , 0.5134883720930232 , 0.4793863854266539 , 0.4952843514539981 , 0.01288740567213857  ,             923
0.020044612884521484, 0.0006247973538469854 , 0.006392812728881836 , 0.00025330946172168975, entropy        ,              10, log2              ,                      1,                       2, random        , "{'criterion': 'entropy', 'max_depth': 10, 'max_features': 'log2', 'min_samples_leaf': 1, 'min_samples_split': 2, 'splitter': 'random'}"   , 0.5054105665181413 , 0.4657534246575342 , 0.47212663454920856, 0.5368852459016393 , 0.49435382685069007, 0.49490593969544266, 0.02546244308314443  ,             924
0.03838858604431152 , 0.0015482433730236744 , 0.011077404022216797 , 0.0005346720218164616 , entropy        ,              20, log2              ,                      4,                      10, random        , "{'criterion': 'entropy', 'max_depth': 20, 'max_features': 'log2', 'min_samples_leaf': 4, 'min_samples_split': 10, 'splitter': 'random'}"  , 0.49653259361997226, 0.5163043478260869 , 0.4882198952879581 , 0.4834571235651587 , 0.48998664886515353, 0.4949001218328659 , 0.011493613071224014 ,             925
0.0339503288269043  , 0.0034220346912219968 , 0.0076806068420410155, 0.0010192519058891182 , entropy        ,              25, log2              ,                      1,                       5, random        , "{'criterion': 'entropy', 'max_depth': 25, 'max_features': 'log2', 'min_samples_leaf': 1, 'min_samples_split': 5, 'splitter': 'random'}"   , 0.5026656511805027 , 0.49495733126454616, 0.5112237509051412 , 0.4960998439937597 , 0.4669887278582931 , 0.49438706104044855, 0.014872368170811874 ,             926
0.02926154136657715 , 0.0019606086267658037 , 0.007733583450317383 , 0.0011283599194546077 , entropy        ,                , log2              ,                      2,                       5, random        , "{'criterion': 'entropy', 'max_depth': None, 'max_features': 'log2', 'min_samples_leaf': 2, 'min_samples_split': 5, 'splitter': 'random'}" , 0.5121951219512195 , 0.48679514632405424, 0.48783977110157367, 0.4952100221075903 , 0.489766081871345  , 0.49436122867115656, 0.009377191315625692 ,             927
0.027613067626953126, 0.0015666410531329485 , 0.007108879089355469 , 0.0006618350897167603 , gini           ,              25, sqrt              ,                      2,                       2, random        , "{'criterion': 'gini', 'max_depth': 25, 'max_features': 'sqrt', 'min_samples_leaf': 2, 'min_samples_split': 2, 'splitter': 'random'}"      , 0.5029154518950437 , 0.4858420268256334 , 0.49107142857142855, 0.4910979228486647 , 0.49890270665691294, 0.4939659073595367 , 0.00611665124449876  ,             928
0.023659610748291017, 0.001371202864818545  , 0.006228303909301758 , 0.0005801215564521659 , gini           ,              20, log2              ,                      4,                       5, random        , "{'criterion': 'gini', 'max_depth': 20, 'max_features': 'log2', 'min_samples_leaf': 4, 'min_samples_split': 5, 'splitter': 'random'}"      , 0.49615653389238296, 0.49591280653950953, 0.4918265813788202 , 0.49385908209437623, 0.49032258064516127, 0.49361551691005   , 0.002273207008816335 ,             929
0.022903871536254884, 0.0013310450353471665 , 0.0060574054718017575, 0.00012917047754649867, gini           ,              20, log2              ,                      4,                       2, random        , "{'criterion': 'gini', 'max_depth': 20, 'max_features': 'log2', 'min_samples_leaf': 4, 'min_samples_split': 2, 'splitter': 'random'}"      , 0.49615653389238296, 0.49591280653950953, 0.4918265813788202 , 0.49385908209437623, 0.49032258064516127, 0.49361551691005   , 0.002273207008816335 ,             929
0.042802619934082034, 0.0038710562987988254 , 0.010207700729370116 , 0.0007522671839971063 , entropy        ,              20, log2              ,                      2,                       2, random        , "{'criterion': 'entropy', 'max_depth': 20, 'max_features': 'log2', 'min_samples_leaf': 2, 'min_samples_split': 2, 'splitter': 'random'}"   , 0.45335276967930027, 0.49927431059506533, 0.49328621908127207, 0.53156146179402   , 0.4856512141280353 , 0.49262519505553853, 0.02510633530669154  ,             931
0.018947076797485352, 0.00048571381468578517, 0.0062577247619628905, 0.0004580359940339359 , gini           ,              10, log2              ,                      8,                      10, random        , "{'criterion': 'gini', 'max_depth': 10, 'max_features': 'log2', 'min_samples_leaf': 8, 'min_samples_split': 10, 'splitter': 'random'}"     , 0.4957069261591299 , 0.5213872832369942 , 0.45460085313833026, 0.5198776758409785 , 0.4694006309148265 , 0.4921946738580519 , 0.02669740327211183  ,             932
0.019118690490722658, 0.0008255552874795937 , 0.006125545501708985 , 0.0002568122756040644 , gini           ,              10, log2              ,                      8,                       2, random        , "{'criterion': 'gini', 'max_depth': 10, 'max_features': 'log2', 'min_samples_leaf': 8, 'min_samples_split': 2, 'splitter': 'random'}"      , 0.4957069261591299 , 0.5213872832369942 , 0.45460085313833026, 0.5198776758409785 , 0.4694006309148265 , 0.4921946738580519 , 0.02669740327211183  ,             932
0.018894100189208986, 0.0005465989689814784 , 0.006060647964477539 , 0.00034939096696214137, gini           ,              10, log2              ,                      8,                       5, random        , "{'criterion': 'gini', 'max_depth': 10, 'max_features': 'log2', 'min_samples_leaf': 8, 'min_samples_split': 5, 'splitter': 'random'}"      , 0.4957069261591299 , 0.5213872832369942 , 0.45460085313833026, 0.5198776758409785 , 0.4694006309148265 , 0.4921946738580519 , 0.02669740327211183  ,             932
0.12201652526855469 , 0.002365151934714697  , 0.007370567321777344 , 0.0011273011787223265 , gini           ,                , sqrt              ,                      1,                       5, best          , "{'criterion': 'gini', 'max_depth': None, 'max_features': 'sqrt', 'min_samples_leaf': 1, 'min_samples_split': 5, 'splitter': 'best'}"      , 0.4713375796178344 , 0.512042818911686  , 0.4620874219446922 , 0.5254545454545455 , 0.48653344917463076, 0.49149116302067786, 0.023963337605725207 ,             935
0.03290925025939941 , 0.0007977170789790059 , 0.008177614212036133 , 0.0017164005147077847 , entropy        ,              25, log2              ,                      2,                       5, random        , "{'criterion': 'entropy', 'max_depth': 25, 'max_features': 'log2', 'min_samples_leaf': 2, 'min_samples_split': 5, 'splitter': 'random'}"   , 0.4924838940586972 , 0.4940652818991098 , 0.48               , 0.48540925266903917, 0.5028735632183908 , 0.49096639836904743, 0.0078080754167746515,             936
0.02493419647216797 , 0.001241889552412883  , 0.007394218444824218 , 0.000962733332032259  , entropy        ,                , log2              ,                      8,                      10, random        , "{'criterion': 'entropy', 'max_depth': None, 'max_features': 'log2', 'min_samples_leaf': 8, 'min_samples_split': 10, 'splitter': 'random'}", 0.4947294448348559 , 0.4917163684559311 , 0.4609271523178808 , 0.49125081011017496, 0.5102319236016372 , 0.48977113986409593, 0.016007357153604927 ,             937
0.03339242935180664 , 0.004824131866756777  , 0.009028053283691407 , 0.0015009532500048855 , entropy        ,              25, log2              ,                      8,                       2, random        , "{'criterion': 'entropy', 'max_depth': 25, 'max_features': 'log2', 'min_samples_leaf': 8, 'min_samples_split': 2, 'splitter': 'random'}"   , 0.4947294448348559 , 0.4917163684559311 , 0.4609271523178808 , 0.49125081011017496, 0.5102319236016372 , 0.48977113986409593, 0.016007357153604927 ,             937
0.023461008071899415, 0.001627773480375651  , 0.006024885177612305 , 0.00015661769995479577, entropy        ,                , log2              ,                      8,                       2, random        , "{'criterion': 'entropy', 'max_depth': None, 'max_features': 'log2', 'min_samples_leaf': 8, 'min_samples_split': 2, 'splitter': 'random'}" , 0.4947294448348559 , 0.4917163684559311 , 0.4609271523178808 , 0.49125081011017496, 0.5102319236016372 , 0.48977113986409593, 0.016007357153604927 ,             937
0.02888178825378418 , 0.003149826967257615  , 0.00831136703491211  , 0.0006364433561342314 , entropy        ,              25, log2              ,                      8,                      10, random        , "{'criterion': 'entropy', 'max_depth': 25, 'max_features': 'log2', 'min_samples_leaf': 8, 'min_samples_split': 10, 'splitter': 'random'}"  , 0.4947294448348559 , 0.4917163684559311 , 0.4609271523178808 , 0.49125081011017496, 0.5102319236016372 , 0.48977113986409593, 0.016007357153604927 ,             937
0.02972121238708496 , 0.002499507443980457  , 0.00806889533996582  , 0.0007942369901947925 , entropy        ,              25, log2              ,                      8,                       5, random        , "{'criterion': 'entropy', 'max_depth': 25, 'max_features': 'log2', 'min_samples_leaf': 8, 'min_samples_split': 5, 'splitter': 'random'}"   , 0.4947294448348559 , 0.4917163684559311 , 0.4609271523178808 , 0.49125081011017496, 0.5102319236016372 , 0.48977113986409593, 0.016007357153604927 ,             937
0.025560998916625978, 0.001968348456821563  , 0.006964349746704101 , 0.0005109620563264557 , entropy        ,                , log2              ,                      8,                       5, random        , "{'criterion': 'entropy', 'max_depth': None, 'max_features': 'log2', 'min_samples_leaf': 8, 'min_samples_split': 5, 'splitter': 'random'}" , 0.4947294448348559 , 0.4917163684559311 , 0.4609271523178808 , 0.49125081011017496, 0.5102319236016372 , 0.48977113986409593, 0.016007357153604927 ,             937
0.027071285247802734, 0.001632703920056859  , 0.007734775543212891 , 0.001299008202152704  , entropy        ,                , log2              ,                      4,                      10, random        , "{'criterion': 'entropy', 'max_depth': None, 'max_features': 'log2', 'min_samples_leaf': 4, 'min_samples_split': 10, 'splitter': 'random'}", 0.4797843665768194 , 0.5154061624649859 , 0.49410131852879946, 0.49562289562289563, 0.46291208791208793, 0.4895653662211177 , 0.017499031258720828 ,             943
0.026628446578979493, 0.000692038211441571  , 0.006661891937255859 , 0.0004541201178719882 , gini           ,              25, log2              ,                      1,                       5, random        , "{'criterion': 'gini', 'max_depth': 25, 'max_features': 'log2', 'min_samples_leaf': 1, 'min_samples_split': 5, 'splitter': 'random'}"      , 0.4849921011058452 , 0.5038167938931297 , 0.49149922720247297, 0.5058997050147492 , 0.4586872586872587 , 0.48897901718069114, 0.017007685824426664 ,             944
0.033145809173583986, 0.005452020592830506  , 0.007554388046264649 , 0.0011930003107679089 , gini           ,                , sqrt              ,                      1,                       5, random        , "{'criterion': 'gini', 'max_depth': None, 'max_features': 'sqrt', 'min_samples_leaf': 1, 'min_samples_split': 5, 'splitter': 'random'}"    , 0.4693019343986543 , 0.5144694533762058 , 0.4891041162227603 , 0.5012126111560227 , 0.4667201283079391 , 0.48816164869231643, 0.018323449856361175 ,             945
0.025742340087890624, 0.0009551811402030506 , 0.006350135803222657 , 0.0004190909983216532 , gini           ,              20, log2              ,                      1,                       2, random        , "{'criterion': 'gini', 'max_depth': 20, 'max_features': 'log2', 'min_samples_leaf': 1, 'min_samples_split': 2, 'splitter': 'random'}"      , 0.5221445221445221 , 0.4858569051580699 , 0.4992636229749632 , 0.44639718804920914, 0.4819277108433735 , 0.48711798983402765, 0.024743028911802793 ,             946
0.024073982238769533, 0.002214066335022212  , 0.006239604949951172 , 0.00029077854417420776, gini           ,              25, log2              ,                      4,                       2, random        , "{'criterion': 'gini', 'max_depth': 25, 'max_features': 'log2', 'min_samples_leaf': 4, 'min_samples_split': 2, 'splitter': 'random'}"      , 0.4925775978407557 , 0.5040871934604905 , 0.4635135135135135 , 0.4781144781144781 , 0.4951590594744122 , 0.48669036848072994, 0.01428103790209802  ,             947
0.023227882385253907, 0.0011538633738697303 , 0.006431674957275391 , 0.0004291228336438848 , gini           ,              25, log2              ,                      4,                       5, random        , "{'criterion': 'gini', 'max_depth': 25, 'max_features': 'log2', 'min_samples_leaf': 4, 'min_samples_split': 5, 'splitter': 'random'}"      , 0.4925775978407557 , 0.5040871934604905 , 0.4635135135135135 , 0.4781144781144781 , 0.4951590594744122 , 0.48669036848072994, 0.01428103790209802  ,             947
0.028302955627441406, 0.0015261309117596033 , 0.006708621978759766 , 0.0002824649463111655 , gini           ,                , log2              ,                      2,                       5, random        , "{'criterion': 'gini', 'max_depth': None, 'max_features': 'log2', 'min_samples_leaf': 2, 'min_samples_split': 5, 'splitter': 'random'}"    , 0.4638109305760709 , 0.5288531775018261 , 0.46504992867332384, 0.49226441631504925, 0.4820359281437126 , 0.4864028762419966 , 0.02375626377869222  ,             949
0.044439840316772464, 0.004312133657240477  , 0.009470891952514649 , 0.0011602840504650292 , entropy        ,                , sqrt              ,                      1,                       5, random        , "{'criterion': 'entropy', 'max_depth': None, 'max_features': 'sqrt', 'min_samples_leaf': 1, 'min_samples_split': 5, 'splitter': 'random'}" , 0.4631043256997455 , 0.521594684385382  , 0.497071129707113  , 0.48330683624801274, 0.4631245043616178 , 0.48564029608037423, 0.022107274225004327 ,             950
0.026352405548095703, 0.0020991522548606196 , 0.006627893447875977 , 0.00044326689895691297, gini           ,                , log2              ,                      1,                       5, random        , "{'criterion': 'gini', 'max_depth': None, 'max_features': 'log2', 'min_samples_leaf': 1, 'min_samples_split': 5, 'splitter': 'random'}"    , 0.4838455476753349 , 0.4786184210526316 , 0.4743276283618582 , 0.5058548009367682 , 0.4768856447688564 , 0.48390640855908984, 0.011408265408424606 ,             951
0.03658418655395508 , 0.0029604076977949546 , 0.008331394195556641 , 0.0014801788141442218 , entropy        ,                , log2              ,                      1,                       5, random        , "{'criterion': 'entropy', 'max_depth': None, 'max_features': 'log2', 'min_samples_leaf': 1, 'min_samples_split': 5, 'splitter': 'random'}" , 0.48613376835236544, 0.5051958433253397 , 0.4715447154471545 , 0.5113122171945701 , 0.4440868865647627 , 0.4836546861768385 , 0.024279079385106084 ,             952
0.034094047546386716, 0.0015162978255789427 , 0.007596015930175781 , 0.0006973552945787571 , entropy        ,              25, log2              ,                      1,                       2, random        , "{'criterion': 'entropy', 'max_depth': 25, 'max_features': 'log2', 'min_samples_leaf': 1, 'min_samples_split': 2, 'splitter': 'random'}"   , 0.4339622641509434 , 0.5206611570247934 , 0.4683954619124797 , 0.4693019343986543 , 0.4825174825174825 , 0.47496766000087065, 0.027934323737758424 ,             953
0.02676544189453125 , 0.0009928165838401699 , 0.00649714469909668  , 0.0003969476168173766 , gini           ,                , log2              ,                      2,                       2, random        , "{'criterion': 'gini', 'max_depth': None, 'max_features': 'log2', 'min_samples_leaf': 2, 'min_samples_split': 2, 'splitter': 'random'}"    , 0.4765450483991065 , 0.49404761904761907, 0.4813460131675201 , 0.4707692307692308 , 0.4492862509391435 , 0.47439883246452397, 0.014715706820138221 ,             954
0.07771763801574708 , 0.023193473330173877  , 0.018485164642333983 , 0.011303068923214822  , entropy        ,                , sqrt              ,                      1,                       2, random        , "{'criterion': 'entropy', 'max_depth': None, 'max_features': 'sqrt', 'min_samples_leaf': 1, 'min_samples_split': 2, 'splitter': 'random'}" , 0.44753946146703805, 0.5093632958801498 , 0.46734130634774607, 0.488929889298893  , 0.453781512605042  , 0.47339109311977384, 0.022912424512431213 ,             955
0.08269238471984863 , 0.004511597847853073  , 0.006295251846313477 , 0.0004719389727346057 , gini           ,                , log2              ,                      1,                       2, best          , "{'criterion': 'gini', 'max_depth': None, 'max_features': 'log2', 'min_samples_leaf': 1, 'min_samples_split': 2, 'splitter': 'best'}"      , 0.45610687022900764, 0.47962962962962963, 0.4788732394366197 , 0.4600760456273764 , 0.44920782851817337, 0.4647787226881614 , 0.012320501460744622 ,             956
0.02686905860900879 , 0.0013880424666518143 , 0.006552219390869141 , 0.00033729490206965245, gini           ,              25, log2              ,                      1,                       2, random        , "{'criterion': 'gini', 'max_depth': 25, 'max_features': 'log2', 'min_samples_leaf': 1, 'min_samples_split': 2, 'splitter': 'random'}"      , 0.46111619396157366, 0.48118985126859143, 0.4475043029259897 , 0.4579185520361991 , 0.4734042553191489 , 0.46422663110230056, 0.011841305375866126 ,             957
0.03681645393371582 , 0.0011901561224491345 , 0.007863950729370118 , 0.000908061977403189  , entropy        ,                , log2              ,                      1,                       2, random        , "{'criterion': 'entropy', 'max_depth': None, 'max_features': 'log2', 'min_samples_leaf': 1, 'min_samples_split': 2, 'splitter': 'random'}" , 0.46360153256704983, 0.48250460405156537, 0.42529789184234645, 0.45137614678899085, 0.47755834829443444, 0.46006770470887737, 0.020524658683302964 ,             958
0.02876758575439453 , 0.0022135920096718453 , 0.006907129287719726 , 0.00040466440928431217, gini           ,                , log2              ,                      1,                       2, random        , "{'criterion': 'gini', 'max_depth': None, 'max_features': 'log2', 'min_samples_leaf': 1, 'min_samples_split': 2, 'splitter': 'random'}"    , 0.45041705282669137, 0.5041860465116279 , 0.42762535477767266, 0.46537396121883656, 0.4376731301939058 , 0.4570551091057468 , 0.026744584119968273 ,             959
0.044870615005493164, 0.0015092690237521772 , 0.009003353118896485 , 0.0005499475920858069 , gini           ,                , sqrt              ,                      1,                       2, random        , "{'criterion': 'gini', 'max_depth': None, 'max_features': 'sqrt', 'min_samples_leaf': 1, 'min_samples_split': 2, 'splitter': 'random'}"    , 0.44090056285178236, 0.4872037914691943 , 0.4397031539888683 , 0.4267161410018553 , 0.4061302681992337 , 0.44013078350218676, 0.026655698004695822 ,             960
