mean_fit_time       , std_fit_time         , mean_score_time     , std_score_time       , param_max_depth, param_max_features, param_min_samples_leaf, param_min_samples_split, param_n_estimators, params                                                                                                            , split0_test_score  , split1_test_score , split2_test_score , split3_test_score , split4_test_score  , mean_test_score   , std_test_score      , rank_test_score
 82.15923209190369  ,  3.5702355575206806  , 0.09950828552246094 , 0.010525766107483712 ,              10,                   ,                      2,                       2,                100, "{'max_depth': 10, 'max_features': None, 'min_samples_leaf': 2, 'min_samples_split': 2, 'n_estimators': 100}"     , 0.5990783410138248 , 0.6172566371681416, 0.6172566371681416, 0.5899772209567198, 0.5740112994350283 , 0.5995160271483713, 0.016559770627597357,               1
 70.33933839797973  ,  0.3383239268367357  , 0.09249234199523926 , 0.03622529722254271  ,              10,                   ,                      2,                       5,                100, "{'max_depth': 10, 'max_features': None, 'min_samples_leaf': 2, 'min_samples_split': 5, 'n_estimators': 100}"     , 0.6032110091743119 , 0.614190687361419 , 0.6164079822616408, 0.585812356979405 , 0.5775764439411099 , 0.5994396959435774, 0.015384690099141946,               2
 54.50134334564209  ,  0.8859944421521089  , 0.0688591480255127  , 0.005962140664734518 ,              10,                   ,                      1,                       5,                100, "{'max_depth': 10, 'max_features': None, 'min_samples_leaf': 1, 'min_samples_split': 5, 'n_estimators': 100}"     , 0.5993111366245695 , 0.6194690265486725, 0.6177777777777778, 0.5844748858447488, 0.571753986332574  , 0.5985573626256685, 0.018568938337362638,               3
 71.94509372711181  ,  3.137787297658349   , 0.07845382690429688 , 0.006384000036876053 ,              10,                   ,                      2,                      10,                100, "{'max_depth': 10, 'max_features': None, 'min_samples_leaf': 2, 'min_samples_split': 10, 'n_estimators': 100}"    , 0.6016073478760046 , 0.6157253599114064, 0.6133333333333333, 0.5876993166287016, 0.5743473325766175 , 0.5985425380652126, 0.015661375866726255,               4
108.7025815486908   ,  1.1772331957544442  , 0.10161776542663574 , 0.005440726086701022 ,              20,                   ,                      1,                      10,                100, "{'max_depth': 20, 'max_features': None, 'min_samples_leaf': 1, 'min_samples_split': 10, 'n_estimators': 100}"    , 0.5899772209567198 , 0.6229860365198711, 0.6101321585903083, 0.5939933259176863, 0.5748898678414097 , 0.598395721965199 , 0.016644548313671396,               5
 82.72449135780334  ,  0.6092179810278955  , 0.16258182525634765 , 0.14811517795100293  ,              10,                   ,                      4,                       2,                100, "{'max_depth': 10, 'max_features': None, 'min_samples_leaf': 4, 'min_samples_split': 2, 'n_estimators': 100}"     , 0.5979142526071842 , 0.6187845303867403, 0.6102449888641426, 0.5876993166287016, 0.5772727272727273 , 0.5983831631518991, 0.014946127598259711,               6
 82.64907279014588  ,  9.24019991698547    , 0.08106231689453125 , 0.0073215509329924685,              10,                   ,                      4,                       5,                100, "{'max_depth': 10, 'max_features': None, 'min_samples_leaf': 4, 'min_samples_split': 5, 'n_estimators': 100}"     , 0.5979142526071842 , 0.6187845303867403, 0.6102449888641426, 0.5876993166287016, 0.5772727272727273 , 0.5983831631518991, 0.014946127598259711,               6
 85.41106729507446  ,  1.1784119360992942  , 0.08927421569824219 , 0.0064688558708845415,              20,                   ,                      2,                      10,                100, "{'max_depth': 20, 'max_features': None, 'min_samples_leaf': 2, 'min_samples_split': 10, 'n_estimators': 100}"    , 0.5950226244343891 , 0.6233766233766234, 0.6118421052631579, 0.5921787709497207, 0.5692137320044297 , 0.5983267712056641, 0.01847400169448071 ,               8
222.379629278183    ,  3.379343379469819   , 0.21394214630126954 , 0.012818112764654666 ,                ,                   ,                      4,                       5,                300, "{'max_depth': None, 'max_features': None, 'min_samples_leaf': 4, 'min_samples_split': 5, 'n_estimators': 300}"   , 0.5916473317865429 , 0.6262188515709642, 0.6028921023359288, 0.5993265993265994, 0.5707964601769911 , 0.5981762690394054, 0.0179010040695134  ,               9
221.32821078300475  ,  2.660360129933104   , 0.21951828002929688 , 0.006628941562662594 ,                ,                   ,                      4,                       2,                300, "{'max_depth': None, 'max_features': None, 'min_samples_leaf': 4, 'min_samples_split': 2, 'n_estimators': 300}"   , 0.5916473317865429 , 0.6262188515709642, 0.6028921023359288, 0.5993265993265994, 0.5707964601769911 , 0.5981762690394054, 0.0179010040695134  ,               9
106.88423047065734  ,  4.771284788255271   , 0.14270281791687012 , 0.03861968939931526  ,              20,                   ,                      1,                       5,                100, "{'max_depth': 20, 'max_features': None, 'min_samples_leaf': 1, 'min_samples_split': 5, 'n_estimators': 100}"     , 0.5942857142857143 , 0.6244635193133047, 0.6118421052631579, 0.5875831485587583, 0.5723830734966593 , 0.5981115121835189, 0.01827781821509577 ,              11
219.72898950576783  ,  2.488430708820738   , 0.21889252662658693 , 0.012260713591954358 ,              20,                   ,                      4,                       2,                300, "{'max_depth': 20, 'max_features': None, 'min_samples_leaf': 4, 'min_samples_split': 2, 'n_estimators': 300}"     , 0.5919075144508671 , 0.6267682263329706, 0.6051167964404894, 0.5955056179775281, 0.5711111111111111 , 0.5980818532625932, 0.018136034878974153,              12
220.63730964660644  ,  2.6368032261772107  , 0.22183876037597655 , 0.008086436318452924 ,              20,                   ,                      4,                       5,                300, "{'max_depth': 20, 'max_features': None, 'min_samples_leaf': 4, 'min_samples_split': 5, 'n_estimators': 300}"     , 0.5919075144508671 , 0.6267682263329706, 0.6051167964404894, 0.5955056179775281, 0.5711111111111111 , 0.5980818532625932, 0.018136034878974153,              12
170.80637578964235  ,  2.383794291140427   , 0.16111288070678711 , 0.00711260257211695  ,                ,                   ,                      1,                      10,                200, "{'max_depth': None, 'max_features': None, 'min_samples_leaf': 1, 'min_samples_split': 10, 'n_estimators': 200}"  , 0.583427922814983  , 0.6337271750805585, 0.6097560975609756, 0.590347923681257 , 0.5730088495575221 , 0.5980535937390592, 0.02149455658332245 ,              14
161.84458026885986  , 12.474091106313075   , 0.12033181190490723 , 0.014514973842116082 ,                ,                   ,                      4,                      10,                300, "{'max_depth': None, 'max_features': None, 'min_samples_leaf': 4, 'min_samples_split': 10, 'n_estimators': 300}"  , 0.5919075144508671 , 0.6268980477223427, 0.6066666666666667, 0.5961754780652418, 0.568561872909699  , 0.5980419159629635, 0.019064365059322984,              15
 59.02088875770569  ,  0.2975961954827375  , 0.07070689201354981 , 0.0024439546269409474,              10,                   ,                      1,                      10,                100, "{'max_depth': 10, 'max_features': None, 'min_samples_leaf': 1, 'min_samples_split': 10, 'n_estimators': 100}"    , 0.5986238532110092 , 0.6201550387596899, 0.6133333333333333, 0.5854214123006833, 0.5720771850170261 , 0.5979221645243482, 0.01764385989361685 ,              16
148.28617734909056  ,  2.3285671412955318  , 0.15484833717346191 , 0.012375984967545444 ,                ,                   ,                      4,                       5,                200, "{'max_depth': None, 'max_features': None, 'min_samples_leaf': 4, 'min_samples_split': 5, 'n_estimators': 200}"   , 0.5905420991926182 , 0.6268980477223427, 0.6042363433667781, 0.5988826815642458, 0.568561872909699  , 0.5978242089511367, 0.018956990088451135,              17
149.21896119117736  ,  1.450700629995772   , 0.14467377662658693 , 0.004194668272985306 ,                ,                   ,                      4,                       2,                200, "{'max_depth': None, 'max_features': None, 'min_samples_leaf': 4, 'min_samples_split': 2, 'n_estimators': 200}"   , 0.5905420991926182 , 0.6268980477223427, 0.6042363433667781, 0.5988826815642458, 0.568561872909699  , 0.5978242089511367, 0.018956990088451135,              17
305.36986322402953  ,  7.561074546967789   , 0.23702211380004884 , 0.006205018919408764 ,              20,                   ,                      2,                       2,                300, "{'max_depth': 20, 'max_features': None, 'min_samples_leaf': 2, 'min_samples_split': 2, 'n_estimators': 300}"     , 0.5951557093425606 , 0.6195652173913043, 0.6053215077605322, 0.5894263217097863, 0.5796460176991151 , 0.5978229547806597, 0.013689214492019389,              19
164.67558045387267  ,  3.2461211713934204  , 0.17732558250427247 , 0.022364287353751625 ,                ,                   ,                      2,                       5,                200, "{'max_depth': None, 'max_features': None, 'min_samples_leaf': 2, 'min_samples_split': 5, 'n_estimators': 200}"   , 0.5895953757225434 , 0.6336206896551724, 0.6015538290788013, 0.5912653975363942, 0.5717415115005476 , 0.5975553606986919, 0.02042535439082509 ,              20
131.2097981929779   ,  5.184814838204101   , 0.17774658203125    , 0.034745689576340784 ,              10,                   ,                      1,                      10,                200, "{'max_depth': 10, 'max_features': None, 'min_samples_leaf': 1, 'min_samples_split': 10, 'n_estimators': 200}"    , 0.6011560693641619 , 0.6155555555555555, 0.6095661846496107, 0.5799086757990868, 0.581081081081081  , 0.5974535132898992, 0.0145875804858133  ,              21
139.85662536621095  ,  5.120926077961108   , 0.13732438087463378 , 0.009972199643208193 ,                ,                   ,                      4,                      10,                200, "{'max_depth': None, 'max_features': None, 'min_samples_leaf': 4, 'min_samples_split': 10, 'n_estimators': 200}"  , 0.5921658986175116 , 0.6305525460455038, 0.6062639821029083, 0.593505039193729 , 0.5647321428571429 , 0.597443921763359 , 0.021388816094791784,              22
 55.697418212890625 ,  0.15000515820294588 , 0.0651702880859375  , 0.005909685759216247 ,              10,                   ,                      1,                       2,                100, "{'max_depth': 10, 'max_features': None, 'min_samples_leaf': 1, 'min_samples_split': 2, 'n_estimators': 100}"     , 0.6032110091743119 , 0.6165745856353592, 0.6117908787541713, 0.5860889395667047, 0.5691609977324263 , 0.5973652821725948, 0.017515166363953876,              23
 70.75885090827941  ,  0.244176419439073   , 0.09128994941711426 , 0.008814587704760036 ,              10,                   ,                      4,                      10,                100, "{'max_depth': 10, 'max_features': None, 'min_samples_leaf': 4, 'min_samples_split': 10, 'n_estimators': 100}"    , 0.5974625144175317 , 0.6150442477876106, 0.6102449888641426, 0.5876993166287016, 0.5743473325766175 , 0.5969596800549208, 0.014838304835095146,              24
240.37816066741942  ,  5.775371265707647   , 0.23246421813964843 , 0.008913075734562806 ,                ,                   ,                      2,                       2,                300, "{'max_depth': None, 'max_features': None, 'min_samples_leaf': 2, 'min_samples_split': 2, 'n_estimators': 300}"   , 0.5947187141216992 , 0.6195652173913043, 0.6070640176600441, 0.5919282511210763, 0.5714285714285714 , 0.5969409543445391, 0.016095222375378557,              25
232.7207606315613   ,  7.631375880515643   , 0.24683003425598143 , 0.01904768575724819  ,              10,                   ,                      1,                      10,                300, "{'max_depth': 10, 'max_features': None, 'min_samples_leaf': 1, 'min_samples_split': 10, 'n_estimators': 300}"    , 0.5951557093425606 , 0.6186252771618626, 0.6102449888641426, 0.5831435079726651, 0.5775280898876405 , 0.5969395146457742, 0.015605275471485778,              26
175.698277759552    ,  3.2389267399575985  , 0.19347834587097168 , 0.02092151945191476  ,                ,                   ,                      1,                       5,                200, "{'max_depth': None, 'max_features': None, 'min_samples_leaf': 1, 'min_samples_split': 5, 'n_estimators': 200}"   , 0.5895691609977324 , 0.6263498920086393, 0.6070640176600441, 0.5939933259176863, 0.5673289183222958 , 0.5968610629812796, 0.019530666348819174,              27
203.7371491909027   ,  2.4181007158707057  , 0.2166088581085205  , 0.015467144735048581 ,              20,                   ,                      1,                       2,                200, "{'max_depth': 20, 'max_features': None, 'min_samples_leaf': 1, 'min_samples_split': 2, 'n_estimators': 200}"     , 0.5958904109589042 , 0.6262188515709642, 0.6046511627906976, 0.5854748603351956, 0.5717463848720801 , 0.5967963341055683, 0.01835145383535319 ,              28
142.3293073654175   ,  4.670537613863695   , 0.1797116756439209  , 0.026178717857704488 ,              10,                   ,                      2,                      10,                200, "{'max_depth': 10, 'max_features': None, 'min_samples_leaf': 2, 'min_samples_split': 10, 'n_estimators': 200}"    , 0.5981524249422633 , 0.6140155728587319, 0.6071428571428571, 0.5828571428571429, 0.5817361894024803 , 0.5967808374406951, 0.012856900987111829,              29
197.91785264015198  ,  5.516607725736554   , 0.18098030090332032 , 0.017524671997319895 ,              20,                   ,                      2,                       2,                200, "{'max_depth': 20, 'max_features': None, 'min_samples_leaf': 2, 'min_samples_split': 2, 'n_estimators': 200}"     , 0.5935334872979214 , 0.6264800861141012, 0.6053215077605322, 0.5852017937219731, 0.5730088495575221 , 0.5967091448904099, 0.018246586894406863,              30
 81.95866565704345  ,  0.9353768356880839  , 0.08913168907165528 , 0.004240421371176775 ,                ,                   ,                      2,                       2,                100, "{'max_depth': None, 'max_features': None, 'min_samples_leaf': 2, 'min_samples_split': 2, 'n_estimators': 100}"   , 0.5909090909090909 , 0.6254071661237784, 0.605060506050605 , 0.5878453038674033, 0.5742574257425742 , 0.5966958985386904, 0.017375895805226034,              31
224.10718035697937  ,  2.3213057055467208  , 0.2265760898590088  , 0.00932977061003591  ,              20,                   ,                      4,                      10,                300, "{'max_depth': 20, 'max_features': None, 'min_samples_leaf': 4, 'min_samples_split': 10, 'n_estimators': 300}"    , 0.5912240184757506 , 0.6254071661237784, 0.6057906458797327, 0.5932584269662922, 0.5676274944567627 , 0.5966615503804633, 0.018940830048678064,              32
322.86643586158755  ,  3.559555258005707   , 0.3198387145996094  , 0.04133105066543195  ,              20,                   ,                      1,                       5,                300, "{'max_depth': 20, 'max_features': None, 'min_samples_leaf': 1, 'min_samples_split': 5, 'n_estimators': 300}"     , 0.5933562428407789 , 0.6235167206040992, 0.6042363433667781, 0.5957446808510638, 0.5663716814159292 , 0.5966451338157299, 0.018481440304058988,              33
148.17966909408568  ,  1.823685230229992   , 0.15274991989135742 , 0.008022964890155148 ,              20,                   ,                      4,                      10,                200, "{'max_depth': 20, 'max_features': None, 'min_samples_leaf': 4, 'min_samples_split': 10, 'n_estimators': 200}"    , 0.5908045977011495 , 0.6262188515709642, 0.6078212290502794, 0.5916760404949382, 0.5663322185061316 , 0.5965705874646925, 0.019885465475412197,              34
160.58686356544496  ,  1.8416087385616933  , 0.1699227809906006  , 0.00580960305905139  ,                ,                   ,                      2,                       2,                200, "{'max_depth': None, 'max_features': None, 'min_samples_leaf': 2, 'min_samples_split': 2, 'n_estimators': 200}"   , 0.5883694412770809 , 0.628385698808234 , 0.6043956043956044, 0.5899441340782123, 0.5717463848720801 , 0.5965682526862424, 0.018978102592977445,              35
245.45471925735472  , 11.217214468077518   , 0.2916383743286133  , 0.08170909116279314  ,              10,                   ,                      2,                      10,                300, "{'max_depth': 10, 'max_features': None, 'min_samples_leaf': 2, 'min_samples_split': 10, 'n_estimators': 300}"    , 0.5965317919075145 , 0.6170921198668147, 0.6078212290502794, 0.5831435079726651, 0.578177727784027  , 0.5965532753162601, 0.014603383071599538,              36
 98.06999669075012  ,  1.3904127771736288  , 0.14694781303405763 , 0.04483078844775352  ,              20,                   ,                      2,                       5,                100, "{'max_depth': 20, 'max_features': None, 'min_samples_leaf': 2, 'min_samples_split': 5, 'n_estimators': 100}"     , 0.591324200913242  , 0.6190476190476191, 0.6084070796460177, 0.5896860986547086, 0.5742793791574279 , 0.5965488754838031, 0.015602152830348626,              37
147.15858855247498  ,  1.3536506572782325  , 0.15045180320739746 , 0.00596843218903617  ,              20,                   ,                      4,                       5,                200, "{'max_depth': 20, 'max_features': None, 'min_samples_leaf': 4, 'min_samples_split': 5, 'n_estimators': 200}"     , 0.5912240184757506 , 0.6275787187839305, 0.605586592178771 , 0.590347923681257 , 0.5672969966629589 , 0.5964068499565336, 0.019833854703511577,              38
146.74297080039977  ,  2.2195985728687013  , 0.15089678764343262 , 0.010396832704802322 ,              20,                   ,                      4,                       2,                200, "{'max_depth': 20, 'max_features': None, 'min_samples_leaf': 4, 'min_samples_split': 2, 'n_estimators': 200}"     , 0.5912240184757506 , 0.6275787187839305, 0.605586592178771 , 0.590347923681257 , 0.5672969966629589 , 0.5964068499565336, 0.019833854703511577,              38
143.54390177726745  ,  1.9651865891045193  , 0.1673905372619629  , 0.020706483618105044 ,              10,                   ,                      2,                       5,                200, "{'max_depth': 10, 'max_features': None, 'min_samples_leaf': 2, 'min_samples_split': 5, 'n_estimators': 200}"     , 0.5995370370370371 , 0.614190687361419 , 0.6078212290502794, 0.5824800910125142, 0.5778781038374717 , 0.5963814296597443, 0.014096927399757177,              40
 83.21313948631287  ,  4.044929669099397   , 0.08525424003601074 , 0.00518982662384971  ,                ,                   ,                      2,                      10,                100, "{'max_depth': None, 'max_features': None, 'min_samples_leaf': 2, 'min_samples_split': 10, 'n_estimators': 100}"  , 0.5938566552901023 , 0.6248648648648648, 0.6067907995618839, 0.5874439461883408, 0.5688888888888889 , 0.5963690309588162, 0.018771005240323716,              41
 77.52133588790893  ,  0.7381408053209998  , 0.08554515838623047 , 0.0041814275541046395,                ,                   ,                      4,                      10,                100, "{'max_depth': None, 'max_features': None, 'min_samples_leaf': 4, 'min_samples_split': 10, 'n_estimators': 100}"  , 0.5868814729574223 , 0.6210640608034745, 0.6031042128603105, 0.5925925925925926, 0.5778275475923852 , 0.596293977361237 , 0.014854230764691724,              42
299.9686251163483   ,  9.310404224096319   , 0.2595184803009033  , 0.01724632461847977  ,              20,                   ,                      1,                      10,                300, "{'max_depth': 20, 'max_features': None, 'min_samples_leaf': 1, 'min_samples_split': 10, 'n_estimators': 300}"    , 0.5903890160183066 , 0.6232356134636265, 0.6051167964404894, 0.5944134078212291, 0.5682574916759157 , 0.5962824650839134, 0.018045181459634543,              43
190.25438017845153  ,  4.034854314204051   , 0.16391973495483397 , 0.007208501705697419 ,              20,                   ,                      2,                       5,                200, "{'max_depth': 20, 'max_features': None, 'min_samples_leaf': 2, 'min_samples_split': 5, 'n_estimators': 200}"     , 0.593103448275862  , 0.6293103448275862, 0.5977777777777777, 0.5881032547699214, 0.5726970033296337 , 0.5961983657961561, 0.018581286674247903,              44
108.69447159767151  ,  0.6080847312952805  , 0.11026840209960938 , 0.002372684616064576 ,              10,                   ,                      1,                       2,                200, "{'max_depth': 10, 'max_features': None, 'min_samples_leaf': 1, 'min_samples_split': 2, 'n_estimators': 200}"     , 0.6011560693641619 , 0.614190687361419 , 0.60734149054505  , 0.5792474344355758, 0.5778781038374717 , 0.5959627571087357, 0.014799731106364313,              45
200.96054763793944  ,  3.5108186610523013  , 0.198142147064209   , 0.01757098417792337  ,              20,                   ,                      1,                      10,                200, "{'max_depth': 20, 'max_features': None, 'min_samples_leaf': 1, 'min_samples_split': 10, 'n_estimators': 200}"    , 0.591743119266055  , 0.6212121212121212, 0.6066666666666667, 0.5874439461883408, 0.5726970033296337 , 0.5959525713325635, 0.01663595101357382 ,              46
265.02010946273805  ,  2.3782317459982436  , 0.22411613464355468 , 0.006577690087506345 ,                ,                   ,                      1,                       5,                300, "{'max_depth': None, 'max_features': None, 'min_samples_leaf': 1, 'min_samples_split': 5, 'n_estimators': 300}"   , 0.5968109339407744 , 0.6228448275862069, 0.5984427141268076, 0.5953177257525084, 0.565410199556541  , 0.5957652801925677, 0.01823839442864533 ,              47
101.2109263420105   ,  0.8053213520615787  , 0.10667705535888672 , 0.006990461785280843 ,              20,                   ,                      1,                       2,                100, "{'max_depth': 20, 'max_features': None, 'min_samples_leaf': 1, 'min_samples_split': 2, 'n_estimators': 100}"     , 0.5929304446978335 , 0.6307857911733046, 0.6063249727371864, 0.5836139169472503, 0.5650723025583982 , 0.5957454856227946, 0.022071212626030807,              48
177.86483716964722  ,  5.346272477779393   , 0.22015948295593263 , 0.06769870657309976  ,              10,                   ,                      4,                       2,                200, "{'max_depth': 10, 'max_features': None, 'min_samples_leaf': 4, 'min_samples_split': 2, 'n_estimators': 200}"     , 0.5920745920745921 , 0.6135105204872646, 0.6088888888888889, 0.5851428571428572, 0.5785310734463277 , 0.5956295864079861, 0.013494484256303792,              49
139.2636826515198   ,  1.0655912688612112  , 0.16898808479309083 , 0.021245988434010515 ,              10,                   ,                      4,                       5,                200, "{'max_depth': 10, 'max_features': None, 'min_samples_leaf': 4, 'min_samples_split': 5, 'n_estimators': 200}"     , 0.5920745920745921 , 0.6135105204872646, 0.6088888888888889, 0.5851428571428572, 0.5785310734463277 , 0.5956295864079861, 0.013494484256303792,              49
166.50013780593872  ,  1.8330919174661093  , 0.1496675968170166  , 0.00912457997488867  ,              20,                   ,                      2,                      10,                200, "{'max_depth': 20, 'max_features': None, 'min_samples_leaf': 2, 'min_samples_split': 10, 'n_estimators': 200}"    , 0.5974914481185861 , 0.628385698808234 , 0.6002214839424141, 0.5849268841394826, 0.5669642857142857 , 0.5955979601446005, 0.020168079978915066,              51
214.35506901741027  ,  1.3008193323452608  , 0.2331310272216797  , 0.04357888431768946  ,              10,                   ,                      2,                       5,                300, "{'max_depth': 10, 'max_features': None, 'min_samples_leaf': 2, 'min_samples_split': 5, 'n_estimators': 300}"     , 0.5955967555040557 , 0.614190687361419 , 0.6078212290502794, 0.583427922814983 , 0.5768799102132436 , 0.5955833009887961, 0.01409660907405414 ,              52
240.46326723098755  ,  2.140405205543584   , 0.2232964515686035  , 0.009887936634090613 ,                ,                   ,                      2,                      10,                300, "{'max_depth': None, 'max_features': None, 'min_samples_leaf': 2, 'min_samples_split': 10, 'n_estimators': 300}"  , 0.5970149253731343 , 0.6203904555314533, 0.5991091314031181, 0.5871766029246345, 0.5736434108527132 , 0.5954669052170107, 0.015374261326246459,              53
246.46689405441285  ,  3.3233310861641243  , 0.22981901168823243 , 0.006598643275417458 ,                ,                   ,                      2,                       5,                300, "{'max_depth': None, 'max_features': None, 'min_samples_leaf': 2, 'min_samples_split': 5, 'n_estimators': 300}"   , 0.5939675174013921 , 0.6225596529284165, 0.5979843225083986, 0.5910112359550562, 0.5717439293598234 , 0.5954533316306174, 0.01628025910774069 ,              54
 89.61973142623901  ,  1.3117436354181502  , 0.09227657318115234 , 0.006402027955008675 ,                ,                   ,                      1,                      10,                100, "{'max_depth': None, 'max_features': None, 'min_samples_leaf': 1, 'min_samples_split': 10, 'n_estimators': 100}"  , 0.5847554038680318 , 0.6272824919441461, 0.6094609460946094, 0.5866666666666667, 0.5682819383259912 , 0.595289489379889 , 0.02068385960858097 ,              55
164.78656826019287  ,  0.8665778954181073  , 0.17635083198547363 , 0.009204889985188378 ,              10,                   ,                      1,                       2,                300, "{'max_depth': 10, 'max_features': None, 'min_samples_leaf': 1, 'min_samples_split': 2, 'n_estimators': 300}"     , 0.5923344947735192 , 0.6179401993355482, 0.6049107142857143, 0.5818181818181818, 0.5791245791245792 , 0.5952256338675086, 0.014540389861757987,              56
217.29889516830445  ,  1.3962015625603532  , 0.21456809043884278 , 0.013767298045519063 ,              10,                   ,                      2,                       2,                300, "{'max_depth': 10, 'max_features': None, 'min_samples_leaf': 2, 'min_samples_split': 2, 'n_estimators': 300}"     , 0.5962877030162413 , 0.6133333333333333, 0.6086956521739131, 0.5808656036446469, 0.5765765765765766 , 0.5951517737489422, 0.014590604464877957,              57
238.1658699989319   ,  2.5416447889193186  , 0.21468119621276854 , 0.007703191508438925 ,              20,                   ,                      2,                      10,                300, "{'max_depth': 20, 'max_features': None, 'min_samples_leaf': 2, 'min_samples_split': 10, 'n_estimators': 300}"    , 0.5988571428571429 , 0.616557734204793 , 0.5997770345596433, 0.5849268841394826, 0.5755555555555556 , 0.5951348702633235, 0.01401354093155462 ,              58
149.07411527633667  ,  0.4360567487196101  , 0.17434368133544922 , 0.0378391680823431   ,              10,                   ,                      4,                      10,                200, "{'max_depth': 10, 'max_features': None, 'min_samples_leaf': 4, 'min_samples_split': 10, 'n_estimators': 200}"    , 0.5939675174013921 , 0.614190687361419 , 0.60734149054505  , 0.584192439862543 , 0.5759637188208617 , 0.5951311707982532, 0.01414749602550294 ,              59
113.38725185394287  ,  1.302415588048188   , 0.12207279205322266 , 0.005285570317870226 ,              10,                   ,                      1,                       5,                200, "{'max_depth': 10, 'max_features': None, 'min_samples_leaf': 1, 'min_samples_split': 5, 'n_estimators': 200}"     , 0.59465737514518   , 0.6148723640399556, 0.6071428571428571, 0.5808656036446469, 0.5778781038374717 , 0.5950832607620222, 0.014390156709901758,              60
161.01673884391784  ,  4.922978672451674   , 0.16675114631652832 , 0.027917770132024112 ,              10,                   ,                      2,                       2,                200, "{'max_depth': 10, 'max_features': None, 'min_samples_leaf': 2, 'min_samples_split': 2, 'n_estimators': 200}"     , 0.5955967555040557 , 0.6157253599114064, 0.6071428571428571, 0.5789473684210527, 0.5778781038374717 , 0.5950580889633688, 0.015021152268399918,              61
 73.66193981170655  ,  0.6795601425264329  , 0.08569822311401368 , 0.006782054214850311 ,              20,                   ,                      4,                      10,                100, "{'max_depth': 20, 'max_features': None, 'min_samples_leaf': 4, 'min_samples_split': 10, 'n_estimators': 100}"    , 0.5885057471264368 , 0.6225596529284165, 0.6039823008849557, 0.5858585858585859, 0.5743016759776536 , 0.5950415925552097, 0.016699514599197687,              62
329.3792739391327   ,  6.728364831767491   , 0.5306467056274414  , 0.1709020842861718   ,              20,                   ,                      1,                       2,                300, "{'max_depth': 20, 'max_features': None, 'min_samples_leaf': 1, 'min_samples_split': 2, 'n_estimators': 300}"     , 0.5970149253731343 , 0.6190476190476191, 0.5986696230598669, 0.5878378378378378, 0.5714285714285714 , 0.5947997153494059, 0.015508206095799533,              63
180.77899870872497  ,  5.812502278747107   , 0.19049568176269532 , 0.019004845031994344 ,              10,                   ,                      1,                       5,                300, "{'max_depth': 10, 'max_features': None, 'min_samples_leaf': 1, 'min_samples_split': 5, 'n_estimators': 300}"     , 0.5930232558139535 , 0.6164079822616408, 0.605586592178771 , 0.5802047781569966, 0.5775280898876405 , 0.5945501396598004, 0.014815124142450153,              64
255.9278230190277   ,  3.9176532683347123  , 0.2858109951019287  , 0.051727067538754355 ,                ,                   ,                      1,                       2,                300, "{'max_depth': None, 'max_features': None, 'min_samples_leaf': 1, 'min_samples_split': 2, 'n_estimators': 300}"   , 0.5903890160183066 , 0.6233766233766234, 0.5984427141268076, 0.587709497206704 , 0.5726872246696035 , 0.594521015079609 , 0.01666259553161558 ,              65
217.04723768234254  ,  3.3061903158321018  , 0.22727837562561035 , 0.011649030473989274 ,              10,                   ,                      4,                      10,                300, "{'max_depth': 10, 'max_features': None, 'min_samples_leaf': 4, 'min_samples_split': 10, 'n_estimators': 300}"    , 0.5916473317865429 , 0.614190687361419 , 0.60734149054505  , 0.5831435079726651, 0.5740112994350283 , 0.5940668634201411, 0.014890154395732496,              66
170.2279191970825   ,  1.8603265047414583  , 0.15920062065124513 , 0.009930388838205592 ,                ,                   ,                      1,                       2,                200, "{'max_depth': None, 'max_features': None, 'min_samples_leaf': 1, 'min_samples_split': 2, 'n_estimators': 200}"   , 0.5851428571428572 , 0.627831715210356 , 0.5993340732519423, 0.5838926174496645, 0.5736434108527132 , 0.5939689347815067, 0.018804421552469062,              67
 84.70812702178955  ,  1.1931071193398322  , 0.08777780532836914 , 0.0047476889798042906,                ,                   ,                      1,                       5,                100, "{'max_depth': None, 'max_features': None, 'min_samples_leaf': 1, 'min_samples_split': 5, 'n_estimators': 100}"   , 0.5895691609977324 , 0.6237942122186495, 0.6043956043956044, 0.584070796460177 , 0.5679558011049723 , 0.5939571150354273, 0.01893291414527573 ,              68
 86.6422306060791   ,  0.9477825206848864  , 0.09210538864135742 , 0.004257568498285026 ,                ,                   ,                      1,                       2,                100, "{'max_depth': None, 'max_features': None, 'min_samples_leaf': 1, 'min_samples_split': 2, 'n_estimators': 100}"   , 0.5859284890426759 , 0.6172300981461287, 0.6108048511576626, 0.5906040268456376, 0.5650723025583982 , 0.5939279535501006, 0.01863066360024493 ,              69
242.58135447502136  ,  8.488526108630023   , 0.21829166412353515 , 0.01009354257265712  ,              10,                   ,                      4,                       2,                300, "{'max_depth': 10, 'max_features': None, 'min_samples_leaf': 4, 'min_samples_split': 2, 'n_estimators': 300}"     , 0.5890570430733411 , 0.6150442477876106, 0.6064659977703456, 0.5824800910125142, 0.5765765765765766 , 0.5939247912440776, 0.014553006518396392,              70
215.7173342704773   ,  2.3048783498685075  , 0.22189764976501464 , 0.005127785201738922 ,              10,                   ,                      4,                       5,                300, "{'max_depth': 10, 'max_features': None, 'min_samples_leaf': 4, 'min_samples_split': 5, 'n_estimators': 300}"     , 0.5890570430733411 , 0.6150442477876106, 0.6064659977703456, 0.5824800910125142, 0.5765765765765766 , 0.5939247912440776, 0.014553006518396392,              70
262.4143756866455   , 11.131078010889128   , 0.23018598556518555 , 0.01445456397465765  ,              20,                   ,                      2,                       5,                300, "{'max_depth': 20, 'max_features': None, 'min_samples_leaf': 2, 'min_samples_split': 5, 'n_estimators': 300}"     , 0.597254004576659  , 0.6210640608034745, 0.5953177257525084, 0.5833333333333334, 0.5720620842572062 , 0.5938062417446363, 0.016368570785050225,              72
158.8362895965576   ,  1.8054348963923132  , 0.1567603588104248  , 0.0040810854929431125,                ,                   ,                      2,                      10,                200, "{'max_depth': None, 'max_features': None, 'min_samples_leaf': 2, 'min_samples_split': 10, 'n_estimators': 200}"  , 0.5851428571428572 , 0.6255411255411255, 0.6008869179600886, 0.5896860986547086, 0.5657015590200446 , 0.5933917116637649, 0.019688995160722627,              73
 72.88476119041442  ,  0.6457876394870024  , 0.07886605262756348 , 0.0021929107571020865,                ,                   ,                      4,                       2,                100, "{'max_depth': None, 'max_features': None, 'min_samples_leaf': 4, 'min_samples_split': 2, 'n_estimators': 100}"   , 0.5862068965517241 , 0.6263498920086393, 0.6048565121412803, 0.5848214285714286, 0.5646794150731158 , 0.5933828288692375, 0.020818982698973105,              74
 73.0691285610199   ,  0.8278451601969354  , 0.08268556594848633 , 0.002206670536473779 ,                ,                   ,                      4,                       5,                100, "{'max_depth': None, 'max_features': None, 'min_samples_leaf': 4, 'min_samples_split': 5, 'n_estimators': 100}"   , 0.5862068965517241 , 0.6263498920086393, 0.6048565121412803, 0.5848214285714286, 0.5646794150731158 , 0.5933828288692375, 0.020818982698973105,              74
 81.92699842453003  ,  0.6663822112555365  , 0.08556251525878907 , 0.0020536328785669823,                ,                   ,                      2,                       5,                100, "{'max_depth': None, 'max_features': None, 'min_samples_leaf': 2, 'min_samples_split': 5, 'n_estimators': 100}"   , 0.5929304446978335 , 0.6203904555314533, 0.6053215077605322, 0.5873192436040044, 0.56078860898138   , 0.5933500521150407, 0.01985594856874024 ,              76
234.39194231033326  ,  1.524368130684488   , 0.1947463035583496  , 0.00735542788014403  ,              20,                   ,                      1,                       5,                200, "{'max_depth': 20, 'max_features': None, 'min_samples_leaf': 1, 'min_samples_split': 5, 'n_estimators': 200}"     , 0.591324200913242  , 0.6236559139784946, 0.6015538290788013, 0.5911111111111111, 0.5586592178770949 , 0.5932608545917488, 0.020967967706969643,              77
 91.76144099235535  ,  3.9553410818329575  , 0.1049565315246582  , 0.014219970620669094 ,              20,                   ,                      2,                       2,                100, "{'max_depth': 20, 'max_features': None, 'min_samples_leaf': 2, 'min_samples_split': 2, 'n_estimators': 100}"     , 0.589041095890411  , 0.6213592233009708, 0.6101321585903083, 0.579064587973274 , 0.5667034178610805 , 0.5932600967232089, 0.019993984170060576,              78
253.43604464530944  ,  3.383607379393414   , 0.23987278938293458 , 0.013122712127312731 ,                ,                   ,                      1,                      10,                300, "{'max_depth': None, 'max_features': None, 'min_samples_leaf': 1, 'min_samples_split': 10, 'n_estimators': 300}"  , 0.585812356979405  , 0.6241900647948164, 0.6026785714285714, 0.5867861142217246, 0.566079295154185  , 0.5931092805157405, 0.01939811389645732 ,              79
 74.06533646583557  ,  1.0613574898483615  , 0.0857513427734375  , 0.0029557811986197094,              20,                   ,                      4,                       5,                100, "{'max_depth': 20, 'max_features': None, 'min_samples_leaf': 4, 'min_samples_split': 5, 'n_estimators': 100}"     , 0.5875576036866359 , 0.6190476190476191, 0.6037735849056604, 0.5820224719101124, 0.5656565656565656 , 0.5916115690413187, 0.01834502161036576 ,              80
 74.09713821411133  ,  0.7522792038524103  , 0.08101491928100586 , 0.0011677572744473877,              20,                   ,                      4,                       2,                100, "{'max_depth': 20, 'max_features': None, 'min_samples_leaf': 4, 'min_samples_split': 2, 'n_estimators': 100}"     , 0.5875576036866359 , 0.6190476190476191, 0.6037735849056604, 0.5820224719101124, 0.5656565656565656 , 0.5916115690413187, 0.01834502161036576 ,              80
 14.811480903625489 ,  0.02280970755886591 , 0.11772317886352539 , 0.0038431716663032364,              20, sqrt              ,                      2,                       5,                100, "{'max_depth': 20, 'max_features': 'sqrt', 'min_samples_leaf': 2, 'min_samples_split': 5, 'n_estimators': 100}"   , 0.5525672371638142 , 0.6077097505668935, 0.5914844649021864, 0.580952380952381 , 0.5670945157526255 , 0.5799616698675801, 0.019077373480318804,              82
 11.680243682861327 ,  0.11380207342601162 , 0.0950162410736084  , 0.003531299366620918 ,                , sqrt              ,                      2,                       5,                100, "{'max_depth': None, 'max_features': 'sqrt', 'min_samples_leaf': 2, 'min_samples_split': 5, 'n_estimators': 100}" , 0.577245508982036  , 0.5952109464082098, 0.5777262180974478, 0.585081585081585 , 0.5573770491803278 , 0.5785282615499213, 0.012417089320330614,              83
 43.593728923797606 ,  0.2554585768228383  , 0.3391135215759277  , 0.028557169166755898 ,              20, sqrt              ,                      2,                       5,                300, "{'max_depth': 20, 'max_features': 'sqrt', 'min_samples_leaf': 2, 'min_samples_split': 5, 'n_estimators': 300}"   , 0.5521472392638037 , 0.6048109965635738, 0.5794392523364486, 0.5919811320754716, 0.5619047619047619 , 0.578056676428812 , 0.019203014888653423,              84
 45.205634927749635 ,  0.10071112739752984 , 0.34404492378234863 , 0.019867429371054256 ,              20, sqrt              ,                      1,                       5,                300, "{'max_depth': 20, 'max_features': 'sqrt', 'min_samples_leaf': 1, 'min_samples_split': 5, 'n_estimators': 300}"   , 0.5578562728380024 , 0.6066134549600912, 0.5754385964912281, 0.5860023724792408, 0.5581947743467933 , 0.5768210942230712, 0.01833246394231546 ,              85
 35.18077554702759  ,  0.09367779542983616 , 0.25903706550598143 , 0.009127195416999948 ,                , sqrt              ,                      2,                       2,                300, "{'max_depth': None, 'max_features': 'sqrt', 'min_samples_leaf': 2, 'min_samples_split': 2, 'n_estimators': 300}" , 0.5679314565483476 , 0.6057142857142858, 0.5757931844888367, 0.5862884160756501, 0.5465393794749404 , 0.5764533444604121, 0.019600178584213947,              86
 36.03203988075256  ,  0.21616257263341204 , 0.2556034564971924  , 0.006064562606409379 ,                , sqrt              ,                      1,                       5,                300, "{'max_depth': None, 'max_features': 'sqrt', 'min_samples_leaf': 1, 'min_samples_split': 5, 'n_estimators': 300}" , 0.5567765567765568 , 0.6041189931350115, 0.5707602339181287, 0.5879574970484062, 0.5599051008303677 , 0.5759036763416943, 0.017830618702625114,              87
 11.397945785522461 ,  0.09496376035745219 , 0.09414463043212891 , 0.005217807561233711 ,                , sqrt              ,                      2,                      10,                100, "{'max_depth': None, 'max_features': 'sqrt', 'min_samples_leaf': 2, 'min_samples_split': 10, 'n_estimators': 100}", 0.5447852760736196 , 0.5945330296127562, 0.5857642940490082, 0.5892018779342723, 0.5650118203309693 , 0.5758592596001252, 0.01848298811790172 ,              88
 23.357747411727907 ,  0.1326434299393304  , 0.17593507766723632 , 0.008487438478308254 ,                , sqrt              ,                      1,                      10,                200, "{'max_depth': None, 'max_features': 'sqrt', 'min_samples_leaf': 1, 'min_samples_split': 10, 'n_estimators': 200}", 0.5509708737864077 , 0.6038592508513053, 0.5853658536585366, 0.5851938895417156, 0.5534441805225653 , 0.5757668096721061, 0.020412422395804885,              89
 29.750056791305543 ,  0.20990150233745355 , 0.22207417488098144 , 0.015880901225044833 ,              20, sqrt              ,                      1,                       5,                200, "{'max_depth': 20, 'max_features': 'sqrt', 'min_samples_leaf': 1, 'min_samples_split': 5, 'n_estimators': 200}"   , 0.5606796116504854 , 0.6068181818181818, 0.5714285714285714, 0.5861664712778429, 0.5530393325387366 , 0.5756264337427637, 0.01915841443705259 ,              90
 28.963450288772584 ,  0.20337017498436077 , 0.22605180740356445 , 0.008322940039647966 ,              20, sqrt              ,                      2,                       5,                200, "{'max_depth': 20, 'max_features': 'sqrt', 'min_samples_leaf': 2, 'min_samples_split': 5, 'n_estimators': 200}"   , 0.5528255528255528 , 0.6011428571428571, 0.5771028037383178, 0.5829383886255924, 0.5613207547169812 , 0.5750660714098602, 0.016909729796622953,              91
 32.49960083961487  ,  0.2363167130264537  , 0.2438063621520996  , 0.007190849038079863 ,                , sqrt              ,                      4,                      10,                300, "{'max_depth': None, 'max_features': 'sqrt', 'min_samples_leaf': 4, 'min_samples_split': 10, 'n_estimators': 300}", 0.5512978986402967 , 0.6088939566704675, 0.5795053003533569, 0.5907473309608541, 0.5428226779252111 , 0.5746534329100373, 0.024550542085564155,              92
 23.366182136535645 ,  0.11682484466498701 , 0.17780566215515137 , 0.008126512922378511 ,                , sqrt              ,                      2,                       5,                200, "{'max_depth': None, 'max_features': 'sqrt', 'min_samples_leaf': 2, 'min_samples_split': 5, 'n_estimators': 200}" , 0.5567765567765568 , 0.5947187141216992, 0.5807200929152149, 0.5892018779342723, 0.5506555423122765 , 0.5744145568120039, 0.01758563772416298 ,              93
 11.822393131256103 ,  0.08728395670961606 , 0.09551658630371093 , 0.006627137288838533 ,                , sqrt              ,                      1,                      10,                100, "{'max_depth': None, 'max_features': 'sqrt', 'min_samples_leaf': 1, 'min_samples_split': 10, 'n_estimators': 100}", 0.5414634146341464 , 0.6124293785310735, 0.5812356979405034, 0.5841121495327103, 0.5525383707201889 , 0.5743558022717246, 0.02509990426066735 ,              94
 34.748135042190555 ,  0.30967601541597156 , 0.26001415252685545 , 0.009774023330039515 ,                , sqrt              ,                      2,                       5,                300, "{'max_depth': None, 'max_features': 'sqrt', 'min_samples_leaf': 2, 'min_samples_split': 5, 'n_estimators': 300}" , 0.5574572127139364 , 0.5956471935853379, 0.5744431418522861, 0.5818610129564193, 0.5619047619047619 , 0.5742626646025484, 0.013785546937489427,              95
 11.722163820266724 ,  0.265618635786696   , 0.09274029731750488 , 0.006183099022083972 ,                , sqrt              ,                      1,                       2,                100, "{'max_depth': None, 'max_features': 'sqrt', 'min_samples_leaf': 1, 'min_samples_split': 2, 'n_estimators': 100}" , 0.5547445255474452 , 0.6132723112128147, 0.5810185185185185, 0.5724465558194775, 0.5497076023391813 , 0.5742379026874874, 0.022603531189058616,              96
 35.11566104888916  ,  0.09320575158991598 , 0.2508244037628174  , 0.004977621147613319 ,                , sqrt              ,                      1,                      10,                300, "{'max_depth': None, 'max_features': 'sqrt', 'min_samples_leaf': 1, 'min_samples_split': 10, 'n_estimators': 300}", 0.551219512195122  , 0.6113636363636363, 0.5704225352112676, 0.5811764705882353, 0.5564803804994055 , 0.5741325069715333, 0.021382896007410945,              97
 24.833545684814453 ,  0.11291823869951091 , 0.19152045249938965 , 0.012473853799298764 ,              20, sqrt              ,                      4,                      10,                200, "{'max_depth': 20, 'max_features': 'sqrt', 'min_samples_leaf': 4, 'min_samples_split': 10, 'n_estimators': 200}"  , 0.5412054120541205 , 0.6084959816303099, 0.5754716981132075, 0.5890736342042755, 0.5558194774346793 , 0.5740132406873186, 0.02377127937158014 ,              98
 45.3931930065155   ,  0.1911313982281235  , 0.3460677146911621  , 0.020323387611084463 ,              20, sqrt              ,                      1,                       2,                300, "{'max_depth': 20, 'max_features': 'sqrt', 'min_samples_leaf': 1, 'min_samples_split': 2, 'n_estimators': 300}"   , 0.5556915544675642 , 0.5915813424345847, 0.5811764705882353, 0.5911214953271028, 0.5500603136308806 , 0.5739262352896735, 0.01767501903391031 ,              99
 22.870534658432007 ,  0.08573546883103042 , 0.16887903213500977 , 0.0021376401696861043,                , sqrt              ,                      2,                      10,                200, "{'max_depth': None, 'max_features': 'sqrt', 'min_samples_leaf': 2, 'min_samples_split': 10, 'n_estimators': 200}", 0.5528255528255528 , 0.5908045977011495, 0.5831381733021077, 0.591812865497076 , 0.5508982035928144 , 0.57389587858374  , 0.018249355585607085,             100
 21.656472587585448 ,  0.12892158821638944 , 0.16719541549682618 , 0.004674556013717298 ,                , sqrt              ,                      4,                      10,                200, "{'max_depth': None, 'max_features': 'sqrt', 'min_samples_leaf': 4, 'min_samples_split': 10, 'n_estimators': 200}", 0.5427509293680297 , 0.6084959816303099, 0.5801886792452831, 0.5931198102016607, 0.5445783132530121 , 0.5738267427396591, 0.02621384984162248 ,             101
 24.070298862457275 ,  0.2270758706563909  , 0.1759866237640381  , 0.005593688693194407 ,                , sqrt              ,                      1,                       5,                200, "{'max_depth': None, 'max_features': 'sqrt', 'min_samples_leaf': 1, 'min_samples_split': 5, 'n_estimators': 200}" , 0.5356265356265356 , 0.6022727272727273, 0.5797438882421421, 0.591812865497076 , 0.557919621749409  , 0.5734751276775779, 0.023997339080500377,             102
 34.31534242630005  ,  0.16595795178999673 , 0.2487633228302002  , 0.01111569046850882  ,                , sqrt              ,                      2,                      10,                300, "{'max_depth': None, 'max_features': 'sqrt', 'min_samples_leaf': 2, 'min_samples_split': 10, 'n_estimators': 300}", 0.5521472392638037 , 0.5908045977011495, 0.5841121495327103, 0.5957943925233645, 0.5437125748502994 , 0.5733141907742655, 0.021223407926407582,             103
 39.9890682220459   ,  0.457403367111246   , 0.2901268482208252  , 0.013190695527212063 ,              20, sqrt              ,                      2,                      10,                300, "{'max_depth': 20, 'max_features': 'sqrt', 'min_samples_leaf': 2, 'min_samples_split': 10, 'n_estimators': 300}"  , 0.5569007263922519 , 0.6009174311926605, 0.5670588235294117, 0.5908558030480656, 0.5489721886336155 , 0.572940994559201 , 0.01984950964778922 ,             104
 14.433911991119384 ,  0.14410174996408429 , 0.11417059898376465 , 0.006459436267440341 ,              20, sqrt              ,                      2,                      10,                100, "{'max_depth': 20, 'max_features': 'sqrt', 'min_samples_leaf': 2, 'min_samples_split': 10, 'n_estimators': 100}"  , 0.5599022004889975 , 0.6               , 0.570430733410943 , 0.5825471698113207, 0.5491606714628298 , 0.5724081550348183, 0.017691037940332034,             105
 15.029441022872925 ,  0.14305513300593609 , 0.13174901008605958 , 0.005679897370685069 ,              20, sqrt              ,                      1,                       5,                100, "{'max_depth': 20, 'max_features': 'sqrt', 'min_samples_leaf': 1, 'min_samples_split': 5, 'n_estimators': 100}"   , 0.5565006075334143 , 0.6004566210045662, 0.5754385964912281, 0.5801886792452831, 0.5486935866983373 , 0.5722556181945657, 0.018285245730497248,             106
 37.50216369628906  ,  0.22582877424055403 , 0.29163107872009275 , 0.011845641314756078 ,              20, sqrt              ,                      4,                      10,                300, "{'max_depth': 20, 'max_features': 'sqrt', 'min_samples_leaf': 4, 'min_samples_split': 10, 'n_estimators': 300}"  , 0.5359801488833746 , 0.6095890410958904, 0.5817757009345794, 0.5879574970484062, 0.5450180072028812 , 0.5720640790330264, 0.027526638481572815,             107
 12.588406705856324 ,  0.051300026479170646, 0.10874471664428711 , 0.006008520626831841 ,              20, sqrt              ,                      4,                      10,                100, "{'max_depth': 20, 'max_features': 'sqrt', 'min_samples_leaf': 4, 'min_samples_split': 10, 'n_estimators': 100}"  , 0.542997542997543  , 0.6048109965635738, 0.5847953216374269, 0.5782556750298686, 0.548926014319809  , 0.5719571101096443, 0.02303457119642097 ,             108
 23.32796597480774  ,  0.06448082633185705 , 0.17682156562805176 , 0.002682288256004503 ,                , sqrt              ,                      2,                       2,                200, "{'max_depth': None, 'max_features': 'sqrt', 'min_samples_leaf': 2, 'min_samples_split': 2, 'n_estimators': 200}" , 0.5581395348837209 , 0.6043329532497149, 0.5761511216056671, 0.5791962174940898, 0.5406698564593302 , 0.5716979367385046, 0.021390050954143928,             109
 25.266890954971313 ,  0.16774567156383272 , 0.20349020957946778 , 0.010253141769093206 ,              20, sqrt              ,                      4,                       5,                200, "{'max_depth': 20, 'max_features': 'sqrt', 'min_samples_leaf': 4, 'min_samples_split': 5, 'n_estimators': 200}"   , 0.5485854858548586 , 0.6036866359447005, 0.5777777777777777, 0.5804935370152762, 0.5445783132530121 , 0.571024349969125 , 0.021931688016933234,             110
 25.100866413116456 ,  0.1674971079680555  , 0.2014023780822754  , 0.004678879057715499 ,              20, sqrt              ,                      4,                       2,                200, "{'max_depth': 20, 'max_features': 'sqrt', 'min_samples_leaf': 4, 'min_samples_split': 2, 'n_estimators': 200}"   , 0.5485854858548586 , 0.6036866359447005, 0.5777777777777777, 0.5804935370152762, 0.5445783132530121 , 0.571024349969125 , 0.021931688016933234,             110
 44.286669969558716 ,  0.29891973101712704 , 0.3386826038360596  , 0.014908511738672695 ,              20, sqrt              ,                      2,                       2,                300, "{'max_depth': 20, 'max_features': 'sqrt', 'min_samples_leaf': 2, 'min_samples_split': 2, 'n_estimators': 300}"   , 0.5595092024539877 , 0.5925925925925926, 0.5804935370152762, 0.5710872162485066, 0.5510688836104513 , 0.5709502863841628, 0.014735334255884988,             112
 28.271932935714723 ,  0.3599154686226979  , 0.19673748016357423 , 0.00904229248583011  ,              20, sqrt              ,                      2,                      10,                200, "{'max_depth': 20, 'max_features': 'sqrt', 'min_samples_leaf': 2, 'min_samples_split': 10, 'n_estimators': 200}"  , 0.5569007263922519 , 0.6025200458190149, 0.5664335664335665, 0.5741399762752076, 0.5531400966183575 , 0.5706268823076798, 0.01755730409809234 ,             113
 12.761653614044189 ,  0.07250045214862733 , 0.1100527286529541  , 0.008019314954347703 ,              20, sqrt              ,                      4,                       2,                100, "{'max_depth': 20, 'max_features': 'sqrt', 'min_samples_leaf': 4, 'min_samples_split': 2, 'n_estimators': 100}"   , 0.5488257107540173 , 0.6002290950744559, 0.5757931844888367, 0.5839243498817966, 0.5428226779252111 , 0.5703190036248635, 0.02157635390346963 ,             114
 12.808481788635254 ,  0.11939667285684297 , 0.1140367031097412  , 0.006380944561736435 ,              20, sqrt              ,                      4,                       5,                100, "{'max_depth': 20, 'max_features': 'sqrt', 'min_samples_leaf': 4, 'min_samples_split': 5, 'n_estimators': 100}"   , 0.5488257107540173 , 0.6002290950744559, 0.5757931844888367, 0.5839243498817966, 0.5428226779252111 , 0.5703190036248635, 0.02157635390346963 ,             114
 12.248902416229248 ,  0.20907960385379165 , 0.100612211227417   , 0.006515940153125061 ,                , sqrt              ,                      1,                       5,                100, "{'max_depth': None, 'max_features': 'sqrt', 'min_samples_leaf': 1, 'min_samples_split': 5, 'n_estimators': 100}" , 0.5330073349633252 , 0.6150392817059483, 0.5727590221187427, 0.5768772348033373, 0.5518867924528302 , 0.5699139332088368, 0.02749528677748055 ,             116
 22.039194774627685 ,  0.17013455721177792 , 0.1830167293548584  , 0.017416602404756037 ,                , sqrt              ,                      4,                       5,                200, "{'max_depth': None, 'max_features': 'sqrt', 'min_samples_leaf': 4, 'min_samples_split': 5, 'n_estimators': 200}" , 0.5581395348837209 , 0.6048109965635738, 0.5721040189125296, 0.5761511216056671, 0.5381818181818182 , 0.5698774980294619, 0.02194110739077021 ,             117
 21.750990390777588 ,  0.1651931457240543  , 0.17373261451721192 , 0.011705045524783488 ,                , sqrt              ,                      4,                       2,                200, "{'max_depth': None, 'max_features': 'sqrt', 'min_samples_leaf': 4, 'min_samples_split': 2, 'n_estimators': 200}" , 0.5581395348837209 , 0.6048109965635738, 0.5721040189125296, 0.5761511216056671, 0.5381818181818182 , 0.5698774980294619, 0.02194110739077021 ,             117
 44.372132301330566 ,  0.2008738591388274  , 0.3369887828826904  , 0.02577579749820016  ,              20, sqrt              ,                      1,                      10,                300, "{'max_depth': 20, 'max_features': 'sqrt', 'min_samples_leaf': 1, 'min_samples_split': 10, 'n_estimators': 300}"  , 0.5441176470588235 , 0.6036866359447005, 0.5667447306791569, 0.5744431418522861, 0.5575326215895611 , 0.5693049554249056, 0.019940130453612454,             119
 29.548959064483643 ,  0.20666588800723862 , 0.2412182331085205  , 0.03951782922945811  ,              20, sqrt              ,                      2,                       2,                200, "{'max_depth': 20, 'max_features': 'sqrt', 'min_samples_leaf': 2, 'min_samples_split': 2, 'n_estimators': 200}"   , 0.5601965601965602 , 0.5972222222222222, 0.5761124121779859, 0.564650059311981 , 0.5478468899521531 , 0.5692056287721805, 0.01667780212887001 ,             120
 10.995005369186401 ,  0.08992600971707594 , 0.09194045066833496 , 0.0052837278057753555,                , sqrt              ,                      4,                      10,                100, "{'max_depth': None, 'max_features': 'sqrt', 'min_samples_leaf': 4, 'min_samples_split': 10, 'n_estimators': 100}", 0.5445544554455446 , 0.6016073478760046, 0.5838218053927315, 0.5793269230769231, 0.5362318840579711 , 0.569108483169835 , 0.024742051729017545,             121
 37.89262290000916  ,  0.1622890523472362  , 0.28287320137023925 , 0.01217387508909315  ,              20, sqrt              ,                      4,                       2,                300, "{'max_depth': 20, 'max_features': 'sqrt', 'min_samples_leaf': 4, 'min_samples_split': 2, 'n_estimators': 300}"   , 0.5477075588599752 , 0.6009174311926605, 0.5673758865248227, 0.5839243498817966, 0.5443645083932853 , 0.5688579469705081, 0.021467514895780287,             122
 37.752946329116824 ,  0.32970402909309043 , 0.2949645519256592  , 0.03606499203070071  ,              20, sqrt              ,                      4,                       5,                300, "{'max_depth': 20, 'max_features': 'sqrt', 'min_samples_leaf': 4, 'min_samples_split': 5, 'n_estimators': 300}"   , 0.5477075588599752 , 0.6009174311926605, 0.5673758865248227, 0.5839243498817966, 0.5443645083932853 , 0.5688579469705081, 0.021467514895780287,             122
 23.320474004745485 ,  0.07239687923378012 , 0.21224303245544435 , 0.006510346126088871 ,              20, log2              ,                      1,                       5,                200, "{'max_depth': 20, 'max_features': 'log2', 'min_samples_leaf': 1, 'min_samples_split': 5, 'n_estimators': 200}"   , 0.5490683229813664 , 0.6052934407364787, 0.5642857142857143, 0.5800240673886883, 0.5441354292623942 , 0.5685613949309284, 0.022250955695367346,             124
 36.97271304130554  ,  0.1459388252425938  , 0.26598210334777833 , 0.00699951066331164  ,                , sqrt              ,                      1,                       2,                300, "{'max_depth': None, 'max_features': 'sqrt', 'min_samples_leaf': 1, 'min_samples_split': 2, 'n_estimators': 300}" , 0.5494505494505495 , 0.5995423340961098, 0.5677267373380448, 0.5754716981132075, 0.5480427046263345 , 0.5680468047248493, 0.018937711510712354,             125
 29.93655571937561  ,  0.1857191151597769  , 0.22655229568481444 , 0.013335569669992484 ,              20, sqrt              ,                      1,                      10,                200, "{'max_depth': 20, 'max_features': 'sqrt', 'min_samples_leaf': 1, 'min_samples_split': 10, 'n_estimators': 200}"  , 0.5416666666666666 , 0.5993111366245695, 0.5694282380396732, 0.5764705882352941, 0.5531914893617021 , 0.5680136237855811, 0.01983387763098123 ,             126
 30.323539352416994 ,  0.10360659160888454 , 0.22129034996032715 , 0.011926166075447924 ,              20, sqrt              ,                      1,                       2,                200, "{'max_depth': 20, 'max_features': 'sqrt', 'min_samples_leaf': 1, 'min_samples_split': 2, 'n_estimators': 200}"   , 0.5485854858548586 , 0.5844748858447488, 0.5811764705882353, 0.574793875147232 , 0.5493975903614458 , 0.5676856615593041, 0.015579967527901266,             127
 11.611166286468507 ,  0.0836829169910145  , 0.09842882156372071 , 0.0074408966677530644,                , sqrt              ,                      2,                       2,                100, "{'max_depth': None, 'max_features': 'sqrt', 'min_samples_leaf': 2, 'min_samples_split': 2, 'n_estimators': 100}" , 0.5454545454545454 , 0.6086956521739131, 0.5744431418522861, 0.5751479289940828, 0.5344619105199516 , 0.5676406357989559, 0.026004608534570088,             128
 22.982316398620604 ,  0.30074445111594306 , 0.2013770580291748  , 0.0033094184039680332,              20, log2              ,                      2,                      10,                200, "{'max_depth': 20, 'max_features': 'log2', 'min_samples_leaf': 2, 'min_samples_split': 10, 'n_estimators': 200}"  , 0.5432098765432098 , 0.6025200458190149, 0.5758293838862559, 0.5738498789346247, 0.5414634146341464 , 0.5673745199634503, 0.02282077280214909 ,             129
 14.600387859344483 ,  0.18722446460301484 , 0.1254667282104492  , 0.009558353894569447 ,              20, sqrt              ,                      2,                       2,                100, "{'max_depth': 20, 'max_features': 'sqrt', 'min_samples_leaf': 2, 'min_samples_split': 2, 'n_estimators': 100}"   , 0.5566502463054187 , 0.6022988505747127, 0.5813953488372093, 0.5598086124401914, 0.533816425120773  , 0.566793896655661 , 0.02329380014268704 ,             130
 24.07463970184326  ,  0.3167043322123505  , 0.20574951171875    , 0.033828912620137506 ,                , sqrt              ,                      1,                       2,                200, "{'max_depth': None, 'max_features': 'sqrt', 'min_samples_leaf': 1, 'min_samples_split': 2, 'n_estimators': 200}" , 0.5470085470085471 , 0.6009174311926605, 0.5694117647058824, 0.5727699530516432, 0.5432977461447213 , 0.5666810884206909, 0.020738599824848485,             131
 14.82262568473816  ,  0.27540412127514174 , 0.13862967491149902 , 0.029470198670047916 ,              20, sqrt              ,                      1,                      10,                100, "{'max_depth': 20, 'max_features': 'sqrt', 'min_samples_leaf': 1, 'min_samples_split': 10, 'n_estimators': 100}"  , 0.5320197044334976 , 0.5947187141216992, 0.5837209302325581, 0.5636792452830188, 0.5571428571428572 , 0.5662562902427262, 0.02180349905177417 ,             132
 18.814028692245483 ,  0.09820732195495874 , 0.1694169521331787  , 0.010423920102689792 ,                , log2              ,                      4,                      10,                200, "{'max_depth': None, 'max_features': 'log2', 'min_samples_leaf': 4, 'min_samples_split': 10, 'n_estimators': 200}", 0.5404040404040404 , 0.5993031358885017, 0.5697258641239571, 0.5762304921968787, 0.5447941888619855 , 0.5660915442950727, 0.021598340519298837,             133
 32.90392804145813  ,  0.3213155596453466  , 0.2519951820373535  , 0.011592038167049934 ,                , sqrt              ,                      4,                       5,                300, "{'max_depth': None, 'max_features': 'sqrt', 'min_samples_leaf': 4, 'min_samples_split': 5, 'n_estimators': 300}" , 0.5532435740514076 , 0.593103448275862 , 0.564958283671037 , 0.5731272294887039, 0.5445783132530121 , 0.5658021697480045, 0.016780338873586455,             134
 32.99390873908997  ,  0.15987919753839983 , 0.249022912979126   , 0.012134079009360657 ,                , sqrt              ,                      4,                       2,                300, "{'max_depth': None, 'max_features': 'sqrt', 'min_samples_leaf': 4, 'min_samples_split': 2, 'n_estimators': 300}" , 0.5532435740514076 , 0.593103448275862 , 0.564958283671037 , 0.5731272294887039, 0.5445783132530121 , 0.5658021697480045, 0.016780338873586455,             134
 31.505765533447267 ,  0.1970363932631617  , 0.2714548587799072  , 0.012063300955544745 ,                , log2              ,                      1,                       2,                300, "{'max_depth': None, 'max_features': 'log2', 'min_samples_leaf': 1, 'min_samples_split': 2, 'n_estimators': 300}" , 0.5326633165829145 , 0.6022988505747127, 0.5686977299880526, 0.5789473684210527, 0.5454545454545454 , 0.5656123622042555, 0.024597631990055872,             136
 23.350433015823363 ,  0.21168139568273547 , 0.2063610076904297  , 0.007598723323592298 ,              20, log2              ,                      1,                      10,                200, "{'max_depth': 20, 'max_features': 'log2', 'min_samples_leaf': 1, 'min_samples_split': 10, 'n_estimators': 200}"  , 0.5496932515337424 , 0.5986078886310905, 0.5595238095238095, 0.5714285714285714, 0.5476477683956574 , 0.5653802579025743, 0.018630506600096623,             137
 21.025627994537352 ,  0.13411804495342325 , 0.19418635368347167 , 0.023603540598334197 ,                , log2              ,                      1,                       5,                200, "{'max_depth': None, 'max_features': 'log2', 'min_samples_leaf': 1, 'min_samples_split': 5, 'n_estimators': 200}" , 0.5472392638036809 , 0.5977011494252874, 0.5710900473933649, 0.5662650602409639, 0.5443499392466585 , 0.5653290920219912, 0.019232168260281592,             138
 35.498268699646    ,  0.142569563294457   , 0.30751996040344237 , 0.008545517709619904 ,              20, log2              ,                      1,                       5,                300, "{'max_depth': 20, 'max_features': 'log2', 'min_samples_leaf': 1, 'min_samples_split': 5, 'n_estimators': 300}"   , 0.5447761194029851 , 0.5937136204889406, 0.5676646706586826, 0.5796407185628742, 0.5394896719319563 , 0.5650569602090878, 0.020521642592901197,             139
 11.959748983383179 ,  0.1562419104910013  , 0.11607518196105956 , 0.010250183283583849 ,              20, log2              ,                      1,                       5,                100, "{'max_depth': 20, 'max_features': 'log2', 'min_samples_leaf': 1, 'min_samples_split': 5, 'n_estimators': 100}"   , 0.5427509293680297 , 0.6013824884792627, 0.5639810426540285, 0.5796407185628742, 0.5351089588377724 , 0.5645728275803935, 0.024193625137303852,             140
 30.474478244781494 ,  0.19422911402864979 , 0.263841438293457   , 0.008929810854119768 ,                , log2              ,                      2,                       2,                300, "{'max_depth': None, 'max_features': 'log2', 'min_samples_leaf': 2, 'min_samples_split': 2, 'n_estimators': 300}" , 0.5440993788819876 , 0.5939675174013921, 0.5744934445768772, 0.5741626794258373, 0.5357575757575758 , 0.564496119208734 , 0.021465708038769415,             141
 20.332728242874147 ,  0.15457593609114773 , 0.17954177856445314 , 0.011742037970779053 ,                , log2              ,                      1,                      10,                200, "{'max_depth': None, 'max_features': 'log2', 'min_samples_leaf': 1, 'min_samples_split': 10, 'n_estimators': 200}", 0.547945205479452  , 0.6011560693641619, 0.5666666666666667, 0.5665859564164649, 0.5392156862745098 , 0.564313916840251 , 0.021288013938932634,             142
 34.14699473381042  ,  0.15487368755777345 , 0.2977598667144775  , 0.008732392267251966 ,              20, log2              ,                      2,                      10,                300, "{'max_depth': 20, 'max_features': 'log2', 'min_samples_leaf': 2, 'min_samples_split': 10, 'n_estimators': 300}"  , 0.5318352059925093 , 0.5967741935483871, 0.5748502994011976, 0.5772946859903382, 0.5403422982885085 , 0.5642193366441881, 0.024341921519967388,             143
 10.973939657211304 ,  0.10372322910462181 , 0.09078469276428222 , 0.004277428509146675 ,                , sqrt              ,                      4,                       5,                100, "{'max_depth': None, 'max_features': 'sqrt', 'min_samples_leaf': 4, 'min_samples_split': 5, 'n_estimators': 100}" , 0.5492610837438424 , 0.5947187141216992, 0.5720984759671747, 0.5744934445768772, 0.5289855072463768 , 0.563911445131194 , 0.022638675909801752,             144
 10.92898063659668  ,  0.12771012208201943 , 0.09263882637023926 , 0.0055923284230138615,                , sqrt              ,                      4,                       2,                100, "{'max_depth': None, 'max_features': 'sqrt', 'min_samples_leaf': 4, 'min_samples_split': 2, 'n_estimators': 100}" , 0.5492610837438424 , 0.5947187141216992, 0.5720984759671747, 0.5744934445768772, 0.5289855072463768 , 0.563911445131194 , 0.022638675909801752,             144
 35.70756635665894  ,  0.2731721501154396  , 0.32858800888061523 , 0.01843996524448213  ,              20, log2              ,                      1,                      10,                300, "{'max_depth': 20, 'max_features': 'log2', 'min_samples_leaf': 1, 'min_samples_split': 10, 'n_estimators': 300}"  , 0.5521472392638037 , 0.5890570430733411, 0.5618247298919568, 0.56590084643289  , 0.5500603136308806 , 0.5637980344585745, 0.013934125501967888,             146
 12.2699049949646   ,  0.1031892355433982  , 0.11947140693664551 , 0.01459553831179626  ,              20, log2              ,                      2,                      10,                100, "{'max_depth': 20, 'max_features': 'log2', 'min_samples_leaf': 2, 'min_samples_split': 10, 'n_estimators': 100}"  , 0.5361596009975063 , 0.6013824884792627, 0.5659928656361475, 0.5734939759036145, 0.5417170495767836 , 0.5637491961186629, 0.023506853128615342,             147
 10.22258358001709  ,  0.07030106820663679 , 0.09699010848999023 , 0.003292234274780813 ,                , log2              ,                      1,                      10,                100, "{'max_depth': None, 'max_features': 'log2', 'min_samples_leaf': 1, 'min_samples_split': 10, 'n_estimators': 100}", 0.543424317617866  , 0.6066897347174164, 0.5849056603773585, 0.5627283800243605, 0.5209876543209877 , 0.5637471494115978, 0.030113711237973698,             148
 15.454580736160278 ,  0.2119523938698678  , 0.13025569915771484 , 0.013151928954567144 ,              20, sqrt              ,                      1,                       2,                100, "{'max_depth': 20, 'max_features': 'sqrt', 'min_samples_leaf': 1, 'min_samples_split': 2, 'n_estimators': 100}"   , 0.5458996328029376 , 0.5941043083900227, 0.5694444444444444, 0.5616113744075829, 0.5467625899280576 , 0.5635644699946091, 0.01769418016128352 ,             149
 28.085250473022462 ,  0.12277338514612071 , 0.2515847206115723  , 0.02022370262992911  ,                , log2              ,                      4,                      10,                300, "{'max_depth': None, 'max_features': 'log2', 'min_samples_leaf': 4, 'min_samples_split': 10, 'n_estimators': 300}", 0.5372005044136192 , 0.6               , 0.5683709869203329, 0.5797101449275363, 0.5318627450980392 , 0.5634288762719055, 0.025734410368438584,             150
 10.412995624542237 ,  0.04662203320688911 , 0.10003972053527832 , 0.0060238074564541895,                , log2              ,                      2,                       2,                100, "{'max_depth': None, 'max_features': 'log2', 'min_samples_leaf': 2, 'min_samples_split': 2, 'n_estimators': 100}" , 0.5438813349814586 , 0.5986078886310905, 0.5778834720570749, 0.5578562728380024, 0.5379975874547648 , 0.5632453111924782, 0.02238857074322746 ,             151
 20.738004446029663 ,  0.13846770645512277 , 0.200860595703125   , 0.05218290594407491  ,                , log2              ,                      2,                       2,                200, "{'max_depth': None, 'max_features': 'log2', 'min_samples_leaf': 2, 'min_samples_split': 2, 'n_estimators': 200}" , 0.543424317617866  , 0.5925925925925926, 0.567342073897497 , 0.5714285714285714, 0.5410628019323671 , 0.5631700714937787, 0.019130704830866974,             152
 35.710448598861696 ,  0.28493028048926755 , 0.30890522003173826 , 0.0038041384287486493,              20, log2              ,                      1,                       2,                300, "{'max_depth': 20, 'max_features': 'log2', 'min_samples_leaf': 1, 'min_samples_split': 2, 'n_estimators': 300}"   , 0.5393258426966292 , 0.6057803468208093, 0.564958283671037 , 0.5700483091787439, 0.5352798053527981 , 0.5630785175440035, 0.025347645656368437,             153
 10.050787925720215 ,  0.15624444339533988 , 0.09467072486877441 , 0.0018633163587086531,                , log2              ,                      2,                       5,                100, "{'max_depth': None, 'max_features': 'log2', 'min_samples_leaf': 2, 'min_samples_split': 5, 'n_estimators': 100}" , 0.5452292441140025 , 0.5953488372093023, 0.566350710900474 , 0.5782556750298686, 0.5301204819277109 , 0.5630609898362716, 0.02318298525891138 ,             154
 24.430462455749513 ,  0.21333783131883238 , 0.22824716567993164 , 0.01003384969431826  ,              20, log2              ,                      2,                       2,                200, "{'max_depth': 20, 'max_features': 'log2', 'min_samples_leaf': 2, 'min_samples_split': 2, 'n_estimators': 200}"   , 0.5354919053549191 , 0.6055045871559633, 0.5683709869203329, 0.5625            , 0.5419198055893074 , 0.5627574570041045, 0.024643510957930912,             155
 28.54174761772156  ,  0.16548970827468762 , 0.2541799545288086  , 0.014263190392392844 ,                , log2              ,                      4,                       5,                300, "{'max_depth': None, 'max_features': 'log2', 'min_samples_leaf': 4, 'min_samples_split': 5, 'n_estimators': 300}" , 0.5216284987277354 , 0.6036866359447005, 0.5734767025089605, 0.5728038507821901, 0.5421245421245421 , 0.5627440460176257, 0.02831373315881481 ,             156
 28.253919982910155 ,  0.249774406398636   , 0.24199624061584474 , 0.003076767494212361 ,                , log2              ,                      4,                       2,                300, "{'max_depth': None, 'max_features': 'log2', 'min_samples_leaf': 4, 'min_samples_split': 2, 'n_estimators': 300}" , 0.5216284987277354 , 0.6036866359447005, 0.5734767025089605, 0.5728038507821901, 0.5421245421245421 , 0.5627440460176257, 0.02831373315881481 ,             156
 31.261218070983887 ,  0.21235599582721779 , 0.26898784637451173 , 0.008835597008313588 ,                , log2              ,                      1,                       5,                300, "{'max_depth': None, 'max_features': 'log2', 'min_samples_leaf': 1, 'min_samples_split': 5, 'n_estimators': 300}" , 0.5354919053549191 , 0.5949074074074074, 0.5710900473933649, 0.5779927448609432, 0.5333333333333333 , 0.5625630876699935, 0.024265884830138758,             158
 31.148256015777587 ,  0.11263892501180682 , 0.3162545680999756  , 0.060594780565444276 ,                , log2              ,                      1,                      10,                300, "{'max_depth': None, 'max_features': 'log2', 'min_samples_leaf': 1, 'min_samples_split': 10, 'n_estimators': 300}", 0.5477075588599752 , 0.5965317919075145, 0.5659928656361475, 0.5648484848484848, 0.5354523227383863 , 0.5621066047981017, 0.02061794224978449 ,             159
 11.591487646102905 ,  0.05533023267656986 , 0.11604280471801758 , 0.007371100573026426 ,              20, log2              ,                      2,                       2,                100, "{'max_depth': 20, 'max_features': 'log2', 'min_samples_leaf': 2, 'min_samples_split': 2, 'n_estimators': 100}"   , 0.5298507462686567 , 0.5974625144175317, 0.5734597156398105, 0.5673076923076923, 0.5417170495767836 , 0.561959543642095 , 0.023925095689507996,             160
 18.977325105667113 ,  0.1744931395551505  , 0.16671366691589357 , 0.004801021477070025 ,                , log2              ,                      4,                       2,                200, "{'max_depth': None, 'max_features': 'log2', 'min_samples_leaf': 4, 'min_samples_split': 2, 'n_estimators': 200}" , 0.5335018963337548 , 0.5927654609101517, 0.5755053507728894, 0.5693606755126659, 0.5375302663438256 , 0.5617327299746575, 0.02277560203357776 ,             161
 18.89330835342407  ,  0.0936706827787989  , 0.16942176818847657 , 0.008060332134066435 ,                , log2              ,                      4,                       5,                200, "{'max_depth': None, 'max_features': 'log2', 'min_samples_leaf': 4, 'min_samples_split': 5, 'n_estimators': 200}" , 0.5335018963337548 , 0.5927654609101517, 0.5755053507728894, 0.5693606755126659, 0.5375302663438256 , 0.5617327299746575, 0.02277560203357776 ,             161
 20.95254259109497  ,  0.1317597512963721  , 0.1802985668182373  , 0.0029341175526196835,                , log2              ,                      1,                       2,                200, "{'max_depth': None, 'max_features': 'log2', 'min_samples_leaf': 1, 'min_samples_split': 2, 'n_estimators': 200}" , 0.5338345864661654 , 0.6009174311926605, 0.5707491082045184, 0.5700598802395209, 0.5328467153284672 , 0.5616815442862666, 0.02568568656255289 ,             163
 20.26177053451538  ,  0.07502332633240058 , 0.18794188499450684 , 0.032572789741395526 ,                , log2              ,                      2,                      10,                200, "{'max_depth': None, 'max_features': 'log2', 'min_samples_leaf': 2, 'min_samples_split': 10, 'n_estimators': 200}", 0.5310173697270472 , 0.5898617511520737, 0.564344746162928 , 0.5834333733493398, 0.538647342995169  , 0.5614609166773116, 0.023430669724242223,             164
 37.481765842437746 ,  0.2354201429152762  , 0.339888858795166   , 0.017072886739623483 ,              20, log2              ,                      2,                       2,                300, "{'max_depth': 20, 'max_features': 'log2', 'min_samples_leaf': 2, 'min_samples_split': 2, 'n_estimators': 300}"   , 0.5338345864661654 , 0.5916473317865429, 0.567342073897497 , 0.5676646706586826, 0.5467800729040098 , 0.5614537471425795, 0.0198143143645042  ,             165
 29.976324367523194 ,  0.19189167590342793 , 0.26055355072021485 , 0.008850479802922527 ,                , log2              ,                      2,                      10,                300, "{'max_depth': None, 'max_features': 'log2', 'min_samples_leaf': 2, 'min_samples_split': 10, 'n_estimators': 300}", 0.5281602002503129 , 0.5977011494252874, 0.5635491606714629, 0.5800970873786407, 0.5375302663438256 , 0.5614075728139059, 0.025871303032942845,             166
 12.407440376281738 ,  0.26306330615065227 , 0.11818389892578125 , 0.0020726442456337297,              20, log2              ,                      2,                       5,                100, "{'max_depth': 20, 'max_features': 'log2', 'min_samples_leaf': 2, 'min_samples_split': 5, 'n_estimators': 100}"   , 0.5371287128712872 , 0.6069767441860465, 0.5849056603773585, 0.54632972322503  , 0.5309090909090909 , 0.5612499863137625, 0.029582249130160665,             167
 30.35071439743042  ,  0.15254006331922362 , 0.2829557418823242  , 0.00595488437682574  ,              20, log2              ,                      4,                      10,                300, "{'max_depth': 20, 'max_features': 'log2', 'min_samples_leaf': 4, 'min_samples_split': 10, 'n_estimators': 300}"  , 0.5279187817258884 , 0.5997666277712952, 0.5615292712066906, 0.5818181818181818, 0.5347985347985348 , 0.5611662794641181, 0.027266366783586463,             168
 24.110760974884034 ,  0.17136852913442802 , 0.2217526912689209  , 0.006288700650625113 ,              20, log2              ,                      1,                       2,                200, "{'max_depth': 20, 'max_features': 'log2', 'min_samples_leaf': 1, 'min_samples_split': 2, 'n_estimators': 200}"   , 0.5361596009975063 , 0.6141552511415526, 0.5618247298919568, 0.5727923627684964, 0.5207823960880196 , 0.5611428681775064, 0.03224785187705795 ,             169
 11.895838737487793 ,  0.1629691883989767  , 0.11902003288269043 , 0.006803579059417134 ,              20, log2              ,                      1,                       2,                100, "{'max_depth': 20, 'max_features': 'log2', 'min_samples_leaf': 1, 'min_samples_split': 2, 'n_estimators': 100}"   , 0.5312117503059975 , 0.6048109965635738, 0.5683709869203329, 0.5727923627684964, 0.5279805352798054 , 0.5610333263676412, 0.02860214678916089 ,             170
 30.49542627334595  ,  0.21607635990660878 , 0.3087277412414551  , 0.06403234818027874  ,                , log2              ,                      2,                       5,                300, "{'max_depth': None, 'max_features': 'log2', 'min_samples_leaf': 2, 'min_samples_split': 5, 'n_estimators': 300}" , 0.5219573400250941 , 0.6044340723453909, 0.5618247298919568, 0.581032412965186 , 0.5317073170731708 , 0.5601911744601596, 0.030553611787497326,             171
  9.555602550506592 ,  0.054389860973295644, 0.09673495292663574 , 0.010577539460379006 ,                , log2              ,                      4,                      10,                100, "{'max_depth': None, 'max_features': 'log2', 'min_samples_leaf': 4, 'min_samples_split': 10, 'n_estimators': 100}", 0.5392405063291139 , 0.5928489042675894, 0.5704225352112676, 0.5656324582338902, 0.5300613496932516 , 0.5596411507470226, 0.02256563685472847 ,             172
 10.016977834701539 ,  0.05642023723106872 , 0.1014747142791748  , 0.009366772555616777 ,                , log2              ,                      2,                      10,                100, "{'max_depth': None, 'max_features': 'log2', 'min_samples_leaf': 2, 'min_samples_split': 10, 'n_estimators': 100}", 0.5236907730673317 , 0.5947187141216992, 0.5751479289940828, 0.5645355850422196, 0.539568345323741  , 0.5595322693098149, 0.025259212212634236,             173
 20.01230421066284  ,  0.11486326120510731 , 0.18174319267272948 , 0.006766736683394037 ,                , log2              ,                      2,                       5,                200, "{'max_depth': None, 'max_features': 'log2', 'min_samples_leaf': 2, 'min_samples_split': 5, 'n_estimators': 200}" , 0.5238095238095238 , 0.5990675990675991, 0.5656324582338902, 0.5783132530120482, 0.5274725274725275 , 0.5588590723191178, 0.029170723592672032,             174
 10.549309015274048 ,  0.06277285487140233 , 0.0993617057800293  , 0.003558098957520419 ,                , log2              ,                      1,                       2,                100, "{'max_depth': None, 'max_features': 'log2', 'min_samples_leaf': 1, 'min_samples_split': 2, 'n_estimators': 100}" , 0.5339925834363412 , 0.5977011494252874, 0.565680473372781 , 0.5560859188544153, 0.5396825396825397 , 0.5586285329542728, 0.022577620679427764,             175
 25.133754396438597 ,  0.09667433891862103 , 0.23050007820129395 , 0.00995056393065614  ,              20, log2              ,                      2,                       5,                200, "{'max_depth': 20, 'max_features': 'log2', 'min_samples_leaf': 2, 'min_samples_split': 5, 'n_estimators': 200}"   , 0.5353159851301115 , 0.5953488372093023, 0.5710872162485066, 0.558252427184466 , 0.5330073349633252 , 0.5586023601471423, 0.023253637294083786,             176
 10.118407583236694 ,  0.19170925377903508 , 0.1011922836303711  , 0.006491676150938128 ,              20, log2              ,                      4,                      10,                100, "{'max_depth': 20, 'max_features': 'log2', 'min_samples_leaf': 4, 'min_samples_split': 10, 'n_estimators': 100}"  , 0.5196451204055766 , 0.5937136204889406, 0.5655836341756919, 0.5627283800243605, 0.5498783454987834 , 0.5583098201186706, 0.024049573349245727,             177
 10.482545423507691 ,  0.06390889696023998 , 0.09824576377868652 , 0.0059359282382408516,                , log2              ,                      1,                       5,                100, "{'max_depth': None, 'max_features': 'log2', 'min_samples_leaf': 1, 'min_samples_split': 5, 'n_estimators': 100}" , 0.5325153374233129 , 0.5990888382687927, 0.5599051008303677, 0.5700598802395209, 0.5296251511487303 , 0.5582388615821449, 0.025658049616240623,             178
 36.19852619171142  ,  0.23393399923146124 , 0.31528797149658205 , 0.014626290466460653 ,              20, log2              ,                      2,                       5,                300, "{'max_depth': 20, 'max_features': 'log2', 'min_samples_leaf': 2, 'min_samples_split': 5, 'n_estimators': 300}"   , 0.533498759305211  , 0.5983701979045402, 0.5642256902761105, 0.5562273276904474, 0.537712895377129  , 0.5580069741106876, 0.02316692310927393 ,             179
 32.80071806907654  ,  0.44875637890003717 , 0.29634943008422854 , 0.024814428800817964 ,              20, log2              ,                      4,                       2,                300, "{'max_depth': 20, 'max_features': 'log2', 'min_samples_leaf': 4, 'min_samples_split': 2, 'n_estimators': 300}"   , 0.5358490566037736 , 0.5874125874125874, 0.5635491606714629, 0.5735115431348724, 0.5257985257985258 , 0.5572241747242443, 0.023069855494494716,             180
 31.174875926971435 ,  0.33951215092493403 , 0.2786871910095215  , 0.009701829497697023 ,              20, log2              ,                      4,                       5,                300, "{'max_depth': 20, 'max_features': 'log2', 'min_samples_leaf': 4, 'min_samples_split': 5, 'n_estimators': 300}"   , 0.5358490566037736 , 0.5874125874125874, 0.5635491606714629, 0.5735115431348724, 0.5257985257985258 , 0.5572241747242443, 0.023069855494494716,             180
 11.612047672271729 ,  0.07391809150846355 , 0.10714678764343262 , 0.004020789008260545 ,              20, log2              ,                      1,                      10,                100, "{'max_depth': 20, 'max_features': 'log2', 'min_samples_leaf': 1, 'min_samples_split': 10, 'n_estimators': 100}"  , 0.5277435265104808 , 0.5864485981308412, 0.5614457831325301, 0.5603864734299517, 0.5487364620938628 , 0.5569521686595333, 0.019092768172313247,             182
  9.45371208190918  ,  0.10979281580219537 , 0.09012632369995117 , 0.0014576383714648697,                , log2              ,                      4,                       5,                100, "{'max_depth': None, 'max_features': 'log2', 'min_samples_leaf': 4, 'min_samples_split': 5, 'n_estimators': 100}" , 0.5325             , 0.5824561403508772, 0.5724465558194775, 0.5609756097560976, 0.5314009661835749 , 0.5559558544220055, 0.02074861910380939 ,             183
  9.750820970535278 ,  0.23425047457392417 , 0.09182348251342773 , 0.005323412420927666 ,                , log2              ,                      4,                       2,                100, "{'max_depth': None, 'max_features': 'log2', 'min_samples_leaf': 4, 'min_samples_split': 2, 'n_estimators': 100}" , 0.5325             , 0.5824561403508772, 0.5724465558194775, 0.5609756097560976, 0.5314009661835749 , 0.5559558544220055, 0.02074861910380939 ,             183
 20.336337041854858 ,  0.175646514090435   , 0.18584342002868653 , 0.010028567977265871 ,              20, log2              ,                      4,                      10,                200, "{'max_depth': 20, 'max_features': 'log2', 'min_samples_leaf': 4, 'min_samples_split': 10, 'n_estimators': 200}"  , 0.5196451204055766 , 0.5878220140515222, 0.5632458233890215, 0.5714285714285714, 0.5336597307221542 , 0.5551602519993691, 0.02498168276724193 ,             185
 11.048910331726074 ,  0.040652513285589706, 0.09559335708618164 , 0.011596199095094158 ,              10, sqrt              ,                      1,                       5,                200, "{'max_depth': 10, 'max_features': 'sqrt', 'min_samples_leaf': 1, 'min_samples_split': 5, 'n_estimators': 200}"   , 0.5343511450381679 , 0.5825471698113207, 0.5567765567765568, 0.5654320987654321, 0.5323383084577115 , 0.5542890557698378, 0.01901700118076666 ,             186
 12.139104747772217 ,  0.23598328762896523 , 0.10277867317199707 , 0.013677270707614174 ,              10, sqrt              ,                      2,                       2,                200, "{'max_depth': 10, 'max_features': 'sqrt', 'min_samples_leaf': 2, 'min_samples_split': 2, 'n_estimators': 200}"   , 0.5244215938303342 , 0.5808736717827627, 0.5651644336175395, 0.55819774718398  , 0.5366459627329192 , 0.5530606818295071, 0.020179658185343882,             187
 21.668312978744506 ,  0.36024695339116347 , 0.19353728294372557 , 0.012179227276537835 ,              20, log2              ,                      4,                       5,                200, "{'max_depth': 20, 'max_features': 'log2', 'min_samples_leaf': 4, 'min_samples_split': 5, 'n_estimators': 200}"   , 0.5376884422110553 , 0.5801169590643275, 0.5649038461538461, 0.5567765567765568, 0.5216316440049443 , 0.552223489642146 , 0.020526549253661087,             188
 21.91491017341614  ,  0.14432870273127507 , 0.20090241432189943 , 0.0066894965282300566,              20, log2              ,                      4,                       2,                200, "{'max_depth': 20, 'max_features': 'log2', 'min_samples_leaf': 4, 'min_samples_split': 2, 'n_estimators': 200}"   , 0.5376884422110553 , 0.5801169590643275, 0.5649038461538461, 0.5567765567765568, 0.5216316440049443 , 0.552223489642146 , 0.020526549253661087,             188
  5.729434013366699 ,  0.11381805872505737 , 0.051743364334106444, 0.004112218673056037 ,              10, sqrt              ,                      2,                       2,                100, "{'max_depth': 10, 'max_features': 'sqrt', 'min_samples_leaf': 2, 'min_samples_split': 2, 'n_estimators': 100}"   , 0.5148771021992238 , 0.580568720379147 , 0.5683192261185006, 0.5603015075376885, 0.5336658354114713 , 0.5515464783292062, 0.02393585877032064 ,             190
 16.416639614105225 ,  0.0707883939559371  , 0.1274888038635254  , 0.005275598335765232 ,              10, sqrt              ,                      1,                       5,                300, "{'max_depth': 10, 'max_features': 'sqrt', 'min_samples_leaf': 1, 'min_samples_split': 5, 'n_estimators': 300}"   , 0.51994851994852   , 0.5808736717827627, 0.5616605616605617, 0.5621890547263682, 0.5311720698254364 , 0.5511687755887298, 0.022309090473484606,             191
 10.872571229934692 ,  0.18164234501484228 , 0.10806035995483398 , 0.0038433407730005965,              20, log2              ,                      4,                       2,                100, "{'max_depth': 20, 'max_features': 'log2', 'min_samples_leaf': 4, 'min_samples_split': 2, 'n_estimators': 100}"   , 0.5409429280397022 , 0.5771028037383178, 0.5631768953068592, 0.5585365853658537, 0.5153374233128835 , 0.5510193271527233, 0.02125744794643544 ,             192
 11.002574777603149 ,  0.06104085878122696 , 0.1215965747833252  , 0.015695396756826636 ,              20, log2              ,                      4,                       5,                100, "{'max_depth': 20, 'max_features': 'log2', 'min_samples_leaf': 4, 'min_samples_split': 5, 'n_estimators': 100}"   , 0.5409429280397022 , 0.5771028037383178, 0.5631768953068592, 0.5585365853658537, 0.5153374233128835 , 0.5510193271527233, 0.02125744794643544 ,             192
  5.143086004257202 ,  0.14282080250221071 , 0.05088357925415039 , 0.0027498255699112332,              10, sqrt              ,                      1,                       5,                100, "{'max_depth': 10, 'max_features': 'sqrt', 'min_samples_leaf': 1, 'min_samples_split': 5, 'n_estimators': 100}"   , 0.5244215938303342 , 0.5822485207100592, 0.5589307411907655, 0.5646766169154229, 0.5236907730673317 , 0.5507936491427826, 0.02314480157379393 ,             194
 17.25616297721863  ,  0.3725403675126108  , 0.1368720531463623  , 0.00332949962912682  ,              10, sqrt              ,                      1,                      10,                300, "{'max_depth': 10, 'max_features': 'sqrt', 'min_samples_leaf': 1, 'min_samples_split': 10, 'n_estimators': 300}"  , 0.5268542199488491 , 0.5818610129564193, 0.5541871921182266, 0.5576208178438662, 0.530359355638166  , 0.5501765197011055, 0.020060208563987336,             195
 13.542220640182496 ,  0.10733920111693432 , 0.10607976913452148 , 0.008352172970770916 ,              10, sqrt              ,                      2,                      10,                200, "{'max_depth': 10, 'max_features': 'sqrt', 'min_samples_leaf': 2, 'min_samples_split': 10, 'n_estimators': 200}"  , 0.5207253886010362 , 0.5771495877502945, 0.5558252427184466, 0.5703794369645043, 0.5238095238095238 , 0.5495778359687611, 0.023359828004622968,             196
 20.5047486782074   ,  0.19164541240447258 , 0.16117477416992188 , 0.004235240192212728 ,              10, sqrt              ,                      2,                      10,                300, "{'max_depth': 10, 'max_features': 'sqrt', 'min_samples_leaf': 2, 'min_samples_split': 10, 'n_estimators': 300}"  , 0.5181347150259067 , 0.5774647887323944, 0.5521472392638037, 0.5703794369645043, 0.5280199252801993 , 0.5492292210533617, 0.0231075584076145  ,             197
 19.29245533943176  ,  0.33112703729514203 , 0.15333876609802247 , 0.00775886909356075  ,              10, sqrt              ,                      2,                       2,                300, "{'max_depth': 10, 'max_features': 'sqrt', 'min_samples_leaf': 2, 'min_samples_split': 2, 'n_estimators': 300}"   , 0.525096525096525  , 0.5741399762752076, 0.5588235294117647, 0.5545796737766625, 0.5325             , 0.5490279409120319, 0.01790684285776818 ,             198
  5.312931394577026 ,  0.07768010310030429 , 0.047345447540283206, 0.0034560371416571052,              10, sqrt              ,                      1,                      10,                100, "{'max_depth': 10, 'max_features': 'sqrt', 'min_samples_leaf': 1, 'min_samples_split': 10, 'n_estimators': 100}"  , 0.5110246433203631 , 0.5817757009345794, 0.5510455104551045, 0.5633456334563346, 0.5351418002466092 , 0.5484666576825982, 0.024153604407008505,             199
 13.984064435958862 ,  0.09666358647018619 , 0.1123927116394043  , 0.004881794673478047 ,              10, sqrt              ,                      4,                      10,                200, "{'max_depth': 10, 'max_features': 'sqrt', 'min_samples_leaf': 4, 'min_samples_split': 10, 'n_estimators': 200}"  , 0.5154639175257731 , 0.5775147928994083, 0.5543345543345544, 0.5568039950062422, 0.5374233128834356 , 0.5483081145298827, 0.02077858612560581 ,             200
 10.81269998550415  ,  0.1088689968160723  , 0.08682050704956054 , 0.004039357759705453 ,              10, sqrt              ,                      1,                      10,                200, "{'max_depth': 10, 'max_features': 'sqrt', 'min_samples_leaf': 1, 'min_samples_split': 10, 'n_estimators': 200}"  , 0.5197452229299363 , 0.5818610129564193, 0.5560975609756098, 0.5591133004926109, 0.5236907730673317 , 0.5481015740843815, 0.023344650328918855,             201
 21.023155546188356 ,  0.14908390756376458 , 0.15709395408630372 , 0.009186912808275398 ,              10, sqrt              ,                      4,                      10,                300, "{'max_depth': 10, 'max_features': 'sqrt', 'min_samples_leaf': 4, 'min_samples_split': 10, 'n_estimators': 300}"  , 0.5097024579560155 , 0.5765124555160143, 0.5556915544675642, 0.5621890547263682, 0.5338253382533825 , 0.5475841721838689, 0.02341028663680352 ,             202
 13.699605321884155 ,  0.06249348369148526 , 0.12631511688232422 , 0.021380477962569984 ,              10, sqrt              ,                      4,                       2,                200, "{'max_depth': 10, 'max_features': 'sqrt', 'min_samples_leaf': 4, 'min_samples_split': 2, 'n_estimators': 200}"   , 0.5122897800776197 , 0.5801886792452831, 0.5536585365853659, 0.5565217391304348, 0.5343137254901961 , 0.5473944921057798, 0.022809870071806564,             203
 14.461271381378173 ,  0.10581667854603313 , 0.11481537818908691 , 0.006727571417675913 ,              10, sqrt              ,                      4,                       5,                200, "{'max_depth': 10, 'max_features': 'sqrt', 'min_samples_leaf': 4, 'min_samples_split': 5, 'n_estimators': 200}"   , 0.5122897800776197 , 0.5801886792452831, 0.5536585365853659, 0.5565217391304348, 0.5343137254901961 , 0.5473944921057798, 0.022809870071806564,             203
  6.837430381774903 ,  0.09307712896115736 , 0.05914115905761719 , 0.0030287829719717768,              10, sqrt              ,                      2,                      10,                100, "{'max_depth': 10, 'max_features': 'sqrt', 'min_samples_leaf': 2, 'min_samples_split': 10, 'n_estimators': 100}"  , 0.5200517464424321 , 0.5754385964912281, 0.5554202192448234, 0.5664596273291925, 0.5181476846057572 , 0.5471035748226867, 0.023735803306419598,             205
 13.390725040435791 ,  0.1256759152198738  , 0.10763339996337891 , 0.0073990717085936075,              10, sqrt              ,                      2,                       5,                200, "{'max_depth': 10, 'max_features': 'sqrt', 'min_samples_leaf': 2, 'min_samples_split': 5, 'n_estimators': 200}"   , 0.5167958656330749 , 0.5781990521327014, 0.5454545454545454, 0.5675340768277571, 0.5268414481897628 , 0.5469649976475683, 0.023306944943588065,             206
  9.905832815170289 ,  0.0748098529094623  , 0.08139934539794921 , 0.004524293387188943 ,              10, sqrt              ,                      1,                       2,                200, "{'max_depth': 10, 'max_features': 'sqrt', 'min_samples_leaf': 1, 'min_samples_split': 2, 'n_estimators': 200}"   , 0.5167095115681234 , 0.5744934445768772, 0.5541871921182266, 0.5579078455790785, 0.5281602002503129 , 0.5462916388185237, 0.02095933771213199 ,             207
 15.52716360092163  ,  0.3154397563092582  , 0.13152413368225097 , 0.009973566256429308 ,              10, sqrt              ,                      1,                       2,                300, "{'max_depth': 10, 'max_features': 'sqrt', 'min_samples_leaf': 1, 'min_samples_split': 2, 'n_estimators': 300}"   , 0.5181347150259067 , 0.5775147928994083, 0.5535055350553506, 0.5525            , 0.5256570713391739 , 0.545462422863968 , 0.02135710249664341 ,             208
  7.0976173877716064,  0.04215319792699303 , 0.0645820140838623  , 0.003406257106274336 ,              10, sqrt              ,                      4,                      10,                100, "{'max_depth': 10, 'max_features': 'sqrt', 'min_samples_leaf': 4, 'min_samples_split': 10, 'n_estimators': 100}"  , 0.5084306095979247 , 0.5853080568720379, 0.5456790123456791, 0.5424588086185045, 0.5394088669950738 , 0.5442570708858441, 0.024484605467588322,             209
 21.357276821136473 ,  0.2043748478041912  , 0.15858869552612304 , 0.008106190125134438 ,              10, sqrt              ,                      4,                       5,                300, "{'max_depth': 10, 'max_features': 'sqrt', 'min_samples_leaf': 4, 'min_samples_split': 5, 'n_estimators': 300}"   , 0.5071521456436932 , 0.5808736717827627, 0.5521472392638037, 0.5533498759305211, 0.5252774352651048 , 0.543760073577177 , 0.025382971992084825,             210
 21.403384399414062 ,  0.24496947785812212 , 0.16797266006469727 , 0.014394287808889206 ,              10, sqrt              ,                      4,                       2,                300, "{'max_depth': 10, 'max_features': 'sqrt', 'min_samples_leaf': 4, 'min_samples_split': 2, 'n_estimators': 300}"   , 0.5071521456436932 , 0.5808736717827627, 0.5521472392638037, 0.5533498759305211, 0.5252774352651048 , 0.543760073577177 , 0.025382971992084825,             210
 20.39053440093994  ,  0.08879145605727241 , 0.15405583381652832 , 0.005433982836389467 ,              10, sqrt              ,                      2,                       5,                300, "{'max_depth': 10, 'max_features': 'sqrt', 'min_samples_leaf': 2, 'min_samples_split': 5, 'n_estimators': 300}"   , 0.5200517464424321 , 0.569047619047619 , 0.5454545454545454, 0.5646766169154229, 0.5194479297365119 , 0.5437356915193063, 0.02113288961461317 ,             212
  4.9945169448852536,  0.04045012181498315 , 0.04517369270324707 , 0.0028905047559516918,              10, sqrt              ,                      1,                       2,                100, "{'max_depth': 10, 'max_features': 'sqrt', 'min_samples_leaf': 1, 'min_samples_split': 2, 'n_estimators': 100}"   , 0.5128205128205128 , 0.5683453237410072, 0.5470297029702971, 0.5597014925373134, 0.5280199252801993 , 0.5431833914698659, 0.02035976285427101 ,             213
  6.562124729156494 ,  0.029049839077941172, 0.06040787696838379 , 0.006624572007974702 ,              10, sqrt              ,                      2,                       5,                100, "{'max_depth': 10, 'max_features': 'sqrt', 'min_samples_leaf': 2, 'min_samples_split': 5, 'n_estimators': 100}"   , 0.5229591836734694 , 0.5775147928994083, 0.5398009950248757, 0.5573770491803278, 0.5171102661596958 , 0.5429524573875554, 0.022271530889047663,             214
  6.879348611831665 ,  0.02023053048884969 , 0.06167020797729492 , 0.002955080471252393 ,              10, sqrt              ,                      4,                       2,                100, "{'max_depth': 10, 'max_features': 'sqrt', 'min_samples_leaf': 4, 'min_samples_split': 2, 'n_estimators': 100}"   , 0.49473684210526314, 0.5795053003533569, 0.5531400966183575, 0.5536159600997507, 0.5292682926829269 , 0.5420532983719311, 0.02850111611186145 ,             215
  7.316468238830566 ,  0.04950306141072233 , 0.06518321037292481 , 0.004660755120068818 ,              10, sqrt              ,                      4,                       5,                100, "{'max_depth': 10, 'max_features': 'sqrt', 'min_samples_leaf': 4, 'min_samples_split': 5, 'n_estimators': 100}"   , 0.49473684210526314, 0.5795053003533569, 0.5531400966183575, 0.5536159600997507, 0.5292682926829269 , 0.5420532983719311, 0.02850111611186145 ,             215
 19.664474201202392 ,  0.08999478355059491 , 0.1678694248199463  , 0.004894638833118069 ,              10, log2              ,                      1,                      10,                300, "{'max_depth': 10, 'max_features': 'log2', 'min_samples_leaf': 1, 'min_samples_split': 10, 'n_estimators': 300}"  , 0.5058977719528178 , 0.5662211421628189, 0.5348542458808618, 0.541507024265645 , 0.5012987012987012 , 0.5299557771121689, 0.023969224500436617,             217
  6.214980936050415 ,  0.03898600091782255 , 0.06430230140686036 , 0.005684718103790431 ,              10, log2              ,                      1,                       5,                100, "{'max_depth': 10, 'max_features': 'log2', 'min_samples_leaf': 1, 'min_samples_split': 5, 'n_estimators': 100}"   , 0.5039370078740157 , 0.5806451612903226, 0.5404040404040404, 0.515032679738562 , 0.5058365758754864 , 0.5291710930364854, 0.028833703490427937,             218
 12.981366729736328 ,  0.07326442753942851 , 0.11477804183959961 , 0.003683849132563698 ,              10, log2              ,                      1,                      10,                200, "{'max_depth': 10, 'max_features': 'log2', 'min_samples_leaf': 1, 'min_samples_split': 10, 'n_estimators': 200}"  , 0.5078125          , 0.554601226993865 , 0.5340050377833753, 0.541507024265645 , 0.5071151358344114 , 0.5290081849754593, 0.01878699541498321 ,             219
  6.951641368865967 ,  0.040719781951921705, 0.0706754207611084  , 0.00359596364047871  ,              10, log2              ,                      4,                       5,                100, "{'max_depth': 10, 'max_features': 'log2', 'min_samples_leaf': 4, 'min_samples_split': 5, 'n_estimators': 100}"   , 0.5013054830287206 , 0.5669481302774427, 0.554726368159204 , 0.5260416666666666, 0.49550706033376124, 0.528905741693159 , 0.028282069234568146,             220
  6.820946502685547 ,  0.15007804309977646 , 0.06591386795043945 , 0.00201630518427115  ,              10, log2              ,                      4,                       2,                100, "{'max_depth': 10, 'max_features': 'log2', 'min_samples_leaf': 4, 'min_samples_split': 2, 'n_estimators': 100}"   , 0.5013054830287206 , 0.5669481302774427, 0.554726368159204 , 0.5260416666666666, 0.49550706033376124, 0.528905741693159 , 0.028282069234568146,             220
  7.430272817611694 ,  0.07447333349171138 , 0.07571301460266114 , 0.004043911908394623 ,              10, log2              ,                      4,                      10,                100, "{'max_depth': 10, 'max_features': 'log2', 'min_samples_leaf': 4, 'min_samples_split': 10, 'n_estimators': 100}"  , 0.5200517464424321 , 0.5721212121212121, 0.5178571428571429, 0.5377720870678617, 0.49612403100775193, 0.5287852438992802, 0.025381968755912695,             222
  6.428735303878784 ,  0.0421608824520864  , 0.0634533405303955  , 0.006566592609076456 ,              10, log2              ,                      1,                      10,                100, "{'max_depth': 10, 'max_features': 'log2', 'min_samples_leaf': 1, 'min_samples_split': 10, 'n_estimators': 100}"  , 0.5135483870967742 , 0.5655339805825242, 0.5269922879177378, 0.5424588086185045, 0.4869791666666667 , 0.5271025261764415, 0.02648170279729954 ,             223
  6.462091112136841 ,  0.03786805042579755 , 0.06357393264770508 , 0.0030852140058697758,              10, log2              ,                      2,                       5,                100, "{'max_depth': 10, 'max_features': 'log2', 'min_samples_leaf': 2, 'min_samples_split': 5, 'n_estimators': 100}"   , 0.5                , 0.5652173913043478, 0.5340050377833753, 0.5328185328185329, 0.5026041666666666 , 0.5269290257145844, 0.023948387728188823,             224
 14.459633922576904 ,  0.13808987774899845 , 0.1317683696746826  , 0.004177873958766194 ,              10, log2              ,                      4,                      10,                200, "{'max_depth': 10, 'max_features': 'log2', 'min_samples_leaf': 4, 'min_samples_split': 10, 'n_estimators': 200}"  , 0.49538866930171277, 0.5552825552825553, 0.5268542199488491, 0.5477707006369427, 0.5019404915912031 , 0.5254473273522525, 0.023860207117857652,             225
 21.853089094161987 ,  0.12291502197048348 , 0.18610696792602538 , 0.008142789682342002 ,              10, log2              ,                      4,                       5,                300, "{'max_depth': 10, 'max_features': 'log2', 'min_samples_leaf': 4, 'min_samples_split': 5, 'n_estimators': 300}"   , 0.49267643142476697, 0.5648484848484848, 0.5481852315394243, 0.5196850393700787, 0.4961038961038961 , 0.5242998166573302, 0.028393844878775106,             226
 20.908050107955933 ,  0.29450300789731165 , 0.18715476989746094 , 0.009335778228180084 ,              10, log2              ,                      4,                       2,                300, "{'max_depth': 10, 'max_features': 'log2', 'min_samples_leaf': 4, 'min_samples_split': 2, 'n_estimators': 300}"   , 0.49267643142476697, 0.5648484848484848, 0.5481852315394243, 0.5196850393700787, 0.4961038961038961 , 0.5242998166573302, 0.028393844878775106,             226
 12.293881559371949 ,  0.10074850271143393 , 0.12850050926208495 , 0.01270824002061716  ,              10, log2              ,                      1,                       2,                200, "{'max_depth': 10, 'max_features': 'log2', 'min_samples_leaf': 1, 'min_samples_split': 2, 'n_estimators': 200}"   , 0.4807436918990704 , 0.5576208178438662, 0.5418227215980025, 0.5283505154639175, 0.5102564102564102 , 0.5237588314122534, 0.02655800979206159 ,             228
  6.125155830383301 ,  0.03769180144436384 , 0.05814018249511719 , 0.0025434530250643657,              10, log2              ,                      1,                       2,                100, "{'max_depth': 10, 'max_features': 'log2', 'min_samples_leaf': 1, 'min_samples_split': 2, 'n_estimators': 100}"   , 0.4921052631578947 , 0.5548705302096177, 0.5381727158948686, 0.5261813537675607, 0.5064599483204134 , 0.523557962270071 , 0.022282569330735386,             229
 18.73654360771179  ,  0.12654561694196126 , 0.15441498756408692 , 0.0035208921499748384,              10, log2              ,                      1,                       2,                300, "{'max_depth': 10, 'max_features': 'log2', 'min_samples_leaf': 1, 'min_samples_split': 2, 'n_estimators': 300}"   , 0.4827586206896552 , 0.5562422744128553, 0.5346784363177806, 0.5331632653061225, 0.5083440308087291 , 0.5230373255070285, 0.02521462163276625 ,             230
 14.369373321533203 ,  0.09431221712602406 , 0.12791004180908203 , 0.0036855841197222993,              10, log2              ,                      4,                       5,                200, "{'max_depth': 10, 'max_features': 'log2', 'min_samples_leaf': 4, 'min_samples_split': 5, 'n_estimators': 200}"   , 0.5019710906701709 , 0.558252427184466 , 0.550251256281407 , 0.5111989459815547, 0.49222797927461137, 0.5227803398784421, 0.02650856654569679 ,             231
 13.429621982574464 ,  0.07312133135298371 , 0.12483253479003906 , 0.0042935776339489045,              10, log2              ,                      4,                       2,                200, "{'max_depth': 10, 'max_features': 'log2', 'min_samples_leaf': 4, 'min_samples_split': 2, 'n_estimators': 200}"   , 0.5019710906701709 , 0.558252427184466 , 0.550251256281407 , 0.5111989459815547, 0.49222797927461137, 0.5227803398784421, 0.02650856654569679 ,             231
 19.461018800735474 ,  0.08558251410794329 , 0.17712841033935547 , 0.005096590388556277 ,              10, log2              ,                      2,                       2,                300, "{'max_depth': 10, 'max_features': 'log2', 'min_samples_leaf': 2, 'min_samples_split': 2, 'n_estimators': 300}"   , 0.5032938076416338 , 0.5588235294117647, 0.5329949238578681, 0.5239948119325551, 0.4869109947643979 , 0.5212036135216439, 0.024733898631163865,             233
  6.6174571990966795,  0.039641107139081644, 0.06380972862243653 , 0.002374249196762847 ,              10, log2              ,                      2,                       2,                100, "{'max_depth': 10, 'max_features': 'log2', 'min_samples_leaf': 2, 'min_samples_split': 2, 'n_estimators': 100}"   , 0.5006553079947575 , 0.5584255842558425, 0.5247148288973384, 0.5241199478487614, 0.4980443285528031 , 0.5211919995099006, 0.02174807306649247 ,             234
 12.587818813323974 ,  0.08170856754738741 , 0.1351691722869873  , 0.048805073640987615 ,              10, log2              ,                      1,                       5,                200, "{'max_depth': 10, 'max_features': 'log2', 'min_samples_leaf': 1, 'min_samples_split': 5, 'n_estimators': 200}"   , 0.49604221635883905, 0.571773220747889 , 0.5370138017565872, 0.5142857142857142, 0.4868421052631579 , 0.5211914116824375, 0.03055785650021129 ,             235
 21.553330373764037 ,  0.10489184488461072 , 0.19213514328002929 , 0.01881778537852865  ,              10, log2              ,                      4,                      10,                300, "{'max_depth': 10, 'max_features': 'log2', 'min_samples_leaf': 4, 'min_samples_split': 10, 'n_estimators': 300}"  , 0.477088948787062  , 0.5585365853658537, 0.5326504481434059, 0.5365853658536586, 0.4987012987012987 , 0.5207125293702558, 0.029026302255305413,             236
 13.79313621520996  ,  0.1082610087334189  , 0.11863255500793457 , 0.005146680115543005 ,              10, log2              ,                      2,                      10,                200, "{'max_depth': 10, 'max_features': 'log2', 'min_samples_leaf': 2, 'min_samples_split': 10, 'n_estimators': 200}"  , 0.4791386271870794 , 0.5612745098039216, 0.5484276729559748, 0.522077922077922 , 0.4895833333333333 , 0.5201004130716462, 0.031971269898928345,             237
 19.213472986221312 ,  0.0882908395943992  , 0.16860737800598144 , 0.004989847136224361 ,              10, log2              ,                      1,                       5,                300, "{'max_depth': 10, 'max_features': 'log2', 'min_samples_leaf': 1, 'min_samples_split': 5, 'n_estimators': 300}"   , 0.4940239043824701 , 0.5683192261185006, 0.5390428211586902, 0.517555266579974 , 0.48021108179419525, 0.519830460006766 , 0.03149960383351    ,             238
  7.0707344055175785,  0.04723607995095537 , 0.06839914321899414 , 0.0032735824862789495,              10, log2              ,                      2,                      10,                100, "{'max_depth': 10, 'max_features': 'log2', 'min_samples_leaf': 2, 'min_samples_split': 10, 'n_estimators': 100}"  , 0.4778523489932886 , 0.5637910085054678, 0.5406091370558376, 0.5200517464424321, 0.4888888888888889 , 0.518238625977183 , 0.0318471510861387  ,             239
 13.287836170196533 ,  0.10586069002362475 , 0.12737569808959961 , 0.0070509340076017855,              10, log2              ,                      2,                       5,                200, "{'max_depth': 10, 'max_features': 'log2', 'min_samples_leaf': 2, 'min_samples_split': 5, 'n_estimators': 200}"   , 0.49206349206349204, 0.553921568627451 , 0.5328282828282829, 0.5233160621761658, 0.48825065274151436, 0.5180760116873813, 0.024884512447369736,             240
 20.615330839157103 ,  0.14804599858502052 , 0.17413568496704102 , 0.007022003174487645 ,              10, log2              ,                      2,                       5,                300, "{'max_depth': 10, 'max_features': 'log2', 'min_samples_leaf': 2, 'min_samples_split': 5, 'n_estimators': 300}"   , 0.4819277108433735 , 0.5528255528255528, 0.5316455696202531, 0.5271317829457365, 0.49282920469361147, 0.5172719641857054, 0.026132504511644093,             241
 13.096615409851074 ,  0.11863732639357939 , 0.11593923568725586 , 0.008274758156509085 ,              10, log2              ,                      2,                       2,                200, "{'max_depth': 10, 'max_features': 'log2', 'min_samples_leaf': 2, 'min_samples_split': 2, 'n_estimators': 200}"   , 0.49868073878627966, 0.5543345543345544, 0.5309734513274337, 0.5188067444876784, 0.47354497354497355, 0.5152680924961839, 0.027572913348496205,             242
 20.61486439704895  ,  0.11830576360194353 , 0.1831193447113037  , 0.00922553673742277  ,              10, log2              ,                      2,                      10,                300, "{'max_depth': 10, 'max_features': 'log2', 'min_samples_leaf': 2, 'min_samples_split': 10, 'n_estimators': 300}"  , 0.46530612244897956, 0.5623471882640587, 0.5449936628643853, 0.5136186770428015, 0.4849279161205767 , 0.5142387133481604, 0.03609486946845008 ,             243
